piece_name,piece_surgery_number,time_to_complete_surgery,number_of_drops_without_error,number_of_errors,self_reported_rating_of_difficulty,comments,sitting_or_standing,surgery_success_less_than_5_errors,subject_id,source_sheet,group,time_to_complete_surgery_raw,number_of_errors_raw,forfeited,piece_name_raw,timestamp,participant_id,major,age,classification_at_uwf,sight_aids,hand_injuries,handedness,hand_size_in_cm,chopsticks_well,hours_of_sleep_night_before_hours,caffeine_use,stimulant_substance_use,played_operation_before,how_long_ago,self_reported_confidence_level,self_reported_stress_level,self_reported_focus_level,do_you_enjoy_operation,predicted_difficulty_of_game,predicted_hardest_piece,self_reported_confidence_level_2,self_reported_stress_level_2,self_reported_focus_level_2,did_you_enjoy_operation,perceived_difficulty_of_game,perceived_hardest_piece,body_posture_of_participant,additional_comments,time_of_day,location_of_or,sound_level_db,number_of_people_in_room,temperature_degrees_f,number_of_people_in_room_raw,sound_level_db_raw,temperature_degrees_f_raw,predicted_hardest_piece_raw,perceived_hardest_piece_raw,total_surgery_time
Wishbone,1,10,0,3,6,NA,sitting,TRUE,101,101,Group 1,10,3,FALSE,Wishbone,9/14/26 15:55,101,Public Health & Health Sciences,19,Sophomore,No,No,Right,18,No,5,Yes,No,Yes,A long time ago,3,2,5,No,5,Wishbone,6,1,7,Yes,3,Adam's Apple,"Sitting, hunched over",Wobbly Table,Afternoon,Commons Argo Galley,65,20,75,20,65,75,Wishbone,Adam's Apple,120.6
Wrenched Ankle,2,22.5,1,1,7,NA,sitting,TRUE,101,101,Group 1,22.5,1,FALSE,Wrenched Ankle,9/14/26 15:55,101,Public Health & Health Sciences,19,Sophomore,No,No,Right,18,No,5,Yes,No,Yes,A long time ago,3,2,5,No,5,Wishbone,6,1,7,Yes,3,Adam's Apple,"Sitting, hunched over",Wobbly Table,Afternoon,Commons Argo Galley,65,20,75,20,65,75,Wishbone,Adam's Apple,120.6
Water on the Knee,3,4.8,0,0,3,NA,sitting,TRUE,101,101,Group 1,4.8,0,FALSE,Water on the Knee,9/14/26 15:55,101,Public Health & Health Sciences,19,Sophomore,No,No,Right,18,No,5,Yes,No,Yes,A long time ago,3,2,5,No,5,Wishbone,6,1,7,Yes,3,Adam's Apple,"Sitting, hunched over",Wobbly Table,Afternoon,Commons Argo Galley,65,20,75,20,65,75,Wishbone,Adam's Apple,120.6
Brain Freeze,4,6,0,0,2,NA,sitting,TRUE,101,101,Group 1,6,0,FALSE,Brain Freeze,9/14/26 15:55,101,Public Health & Health Sciences,19,Sophomore,No,No,Right,18,No,5,Yes,No,Yes,A long time ago,3,2,5,No,5,Wishbone,6,1,7,Yes,3,Adam's Apple,"Sitting, hunched over",Wobbly Table,Afternoon,Commons Argo Galley,65,20,75,20,65,75,Wishbone,Adam's Apple,120.6
Broken Heart,5,10.2,0,4,8,NA,sitting,TRUE,101,101,Group 1,10.199999999999999,4,FALSE,Broken Heart,9/14/26 15:55,101,Public Health & Health Sciences,19,Sophomore,No,No,Right,18,No,5,Yes,No,Yes,A long time ago,3,2,5,No,5,Wishbone,6,1,7,Yes,3,Adam's Apple,"Sitting, hunched over",Wobbly Table,Afternoon,Commons Argo Galley,65,20,75,20,65,75,Wishbone,Adam's Apple,120.6
Writer's Cramp,6,7.6,0,0,4,NA,sitting,TRUE,101,101,Group 1,7.6,0,FALSE,Writer's Cramp,9/14/26 15:55,101,Public Health & Health Sciences,19,Sophomore,No,No,Right,18,No,5,Yes,No,Yes,A long time ago,3,2,5,No,5,Wishbone,6,1,7,Yes,3,Adam's Apple,"Sitting, hunched over",Wobbly Table,Afternoon,Commons Argo Galley,65,20,75,20,65,75,Wishbone,Adam's Apple,120.6
Butterflies in the Stomach,7,5.7,0,0,2,NA,sitting,TRUE,101,101,Group 1,5.7,0,FALSE,Butterfly,9/14/26 15:55,101,Public Health & Health Sciences,19,Sophomore,No,No,Right,18,No,5,Yes,No,Yes,A long time ago,3,2,5,No,5,Wishbone,6,1,7,Yes,3,Adam's Apple,"Sitting, hunched over",Wobbly Table,Afternoon,Commons Argo Galley,65,20,75,20,65,75,Wishbone,Adam's Apple,120.6
Adam's Apple,8,10.3,1,1,6,NA,sitting,TRUE,101,101,Group 1,10.3,1,FALSE,Adam's Apple,9/14/26 15:55,101,Public Health & Health Sciences,19,Sophomore,No,No,Right,18,No,5,Yes,No,Yes,A long time ago,3,2,5,No,5,Wishbone,6,1,7,Yes,3,Adam's Apple,"Sitting, hunched over",Wobbly Table,Afternoon,Commons Argo Galley,65,20,75,20,65,75,Wishbone,Adam's Apple,120.6
Spare Ribs,9,15.7,0,1,7,NA,sitting,TRUE,101,101,Group 1,15.7,1,FALSE,Spare Ribs,9/14/26 15:55,101,Public Health & Health Sciences,19,Sophomore,No,No,Right,18,No,5,Yes,No,Yes,A long time ago,3,2,5,No,5,Wishbone,6,1,7,Yes,3,Adam's Apple,"Sitting, hunched over",Wobbly Table,Afternoon,Commons Argo Galley,65,20,75,20,65,75,Wishbone,Adam's Apple,120.6
Anklebone Connected to the Knee Bone,10,6.2,0,0,1,NA,sitting,TRUE,101,101,Group 1,6.2,0,FALSE,Anklebone,9/14/26 15:55,101,Public Health & Health Sciences,19,Sophomore,No,No,Right,18,No,5,Yes,No,Yes,A long time ago,3,2,5,No,5,Wishbone,6,1,7,Yes,3,Adam's Apple,"Sitting, hunched over",Wobbly Table,Afternoon,Commons Argo Galley,65,20,75,20,65,75,Wishbone,Adam's Apple,120.6
Bread Basket,11,2.7,0,0,1,NA,sitting,TRUE,101,101,Group 1,2.7,0,FALSE,Breadbasket,9/14/26 15:55,101,Public Health & Health Sciences,19,Sophomore,No,No,Right,18,No,5,Yes,No,Yes,A long time ago,3,2,5,No,5,Wishbone,6,1,7,Yes,3,Adam's Apple,"Sitting, hunched over",Wobbly Table,Afternoon,Commons Argo Galley,65,20,75,20,65,75,Wishbone,Adam's Apple,120.6
Funny Bone,12,6.1,0,1,5,NA,sitting,TRUE,101,101,Group 1,6.1,1,FALSE,Funny Bone,9/14/26 15:55,101,Public Health & Health Sciences,19,Sophomore,No,No,Right,18,No,5,Yes,No,Yes,A long time ago,3,2,5,No,5,Wishbone,6,1,7,Yes,3,Adam's Apple,"Sitting, hunched over",Wobbly Table,Afternoon,Commons Argo Galley,65,20,75,20,65,75,Wishbone,Adam's Apple,120.6
Charlie Horse,13,12.8,1,0,5,NA,sitting,TRUE,101,101,Group 1,12.8,0,FALSE,Charlie Horse,9/14/26 15:55,101,Public Health & Health Sciences,19,Sophomore,No,No,Right,18,No,5,Yes,No,Yes,A long time ago,3,2,5,No,5,Wishbone,6,1,7,Yes,3,Adam's Apple,"Sitting, hunched over",Wobbly Table,Afternoon,Commons Argo Galley,65,20,75,20,65,75,Wishbone,Adam's Apple,120.6
Wishbone,1,9.1,0,1,5,NA,sitting,TRUE,102,102,Group 1,9.1,1,FALSE,Wishbone,9/14/26 16:10,102,Graphic Design,19,Sophomore,Yes,No,Right,20.5,Yes,7,No,No,Yes,A long time ago,7,1,7,No,3,Writer's Cramp,4,2,9,Yes,6,Charlie Horse,"Sitting, hunched over",NA,Afternoon,Commons Argo Galley,65,20,75,20,65,75,Writer's Cramp,Charlie Horse,139.50000000000003
Spare Ribs,2,4.6,0,1,6,NA,sitting,TRUE,102,102,Group 1,4.5999999999999996,1,FALSE,Spare Ribs,9/14/26 16:10,102,Graphic Design,19,Sophomore,Yes,No,Right,20.5,Yes,7,No,No,Yes,A long time ago,7,1,7,No,3,Writer's Cramp,4,2,9,Yes,6,Charlie Horse,"Sitting, hunched over",NA,Afternoon,Commons Argo Galley,65,20,75,20,65,75,Writer's Cramp,Charlie Horse,139.50000000000003
Anklebone Connected to the Knee Bone,3,6.8,0,0,1,NA,sitting,TRUE,102,102,Group 1,6.8,0,FALSE,Anklebone,9/14/26 16:10,102,Graphic Design,19,Sophomore,Yes,No,Right,20.5,Yes,7,No,No,Yes,A long time ago,7,1,7,No,3,Writer's Cramp,4,2,9,Yes,6,Charlie Horse,"Sitting, hunched over",NA,Afternoon,Commons Argo Galley,65,20,75,20,65,75,Writer's Cramp,Charlie Horse,139.50000000000003
Funny Bone,4,5.5,0,0,2,NA,sitting,TRUE,102,102,Group 1,5.5,0,FALSE,Funnybone,9/14/26 16:10,102,Graphic Design,19,Sophomore,Yes,No,Right,20.5,Yes,7,No,No,Yes,A long time ago,7,1,7,No,3,Writer's Cramp,4,2,9,Yes,6,Charlie Horse,"Sitting, hunched over",NA,Afternoon,Commons Argo Galley,65,20,75,20,65,75,Writer's Cramp,Charlie Horse,139.50000000000003
Brain Freeze,5,3.2,0,0,1,"""Can I have 0/10 as an option""",sitting,TRUE,102,102,Group 1,3.2,0,FALSE,Brainfreeze,9/14/26 16:10,102,Graphic Design,19,Sophomore,Yes,No,Right,20.5,Yes,7,No,No,Yes,A long time ago,7,1,7,No,3,Writer's Cramp,4,2,9,Yes,6,Charlie Horse,"Sitting, hunched over",NA,Afternoon,Commons Argo Galley,65,20,75,20,65,75,Writer's Cramp,Charlie Horse,139.50000000000003
Charlie Horse,6,50,2,5,10,Horse ended upside down after 3rd failure,sitting,FALSE,102,102,Group 1,50,5,FALSE,Charlie Horse,9/14/26 16:10,102,Graphic Design,19,Sophomore,Yes,No,Right,20.5,Yes,7,No,No,Yes,A long time ago,7,1,7,No,3,Writer's Cramp,4,2,9,Yes,6,Charlie Horse,"Sitting, hunched over",NA,Afternoon,Commons Argo Galley,65,20,75,20,65,75,Writer's Cramp,Charlie Horse,139.50000000000003
Butterflies in the Stomach,7,9.5,0,0,2,NA,sitting,TRUE,102,102,Group 1,9.5,0,FALSE,Butterflies,9/14/26 16:10,102,Graphic Design,19,Sophomore,Yes,No,Right,20.5,Yes,7,No,No,Yes,A long time ago,7,1,7,No,3,Writer's Cramp,4,2,9,Yes,6,Charlie Horse,"Sitting, hunched over",NA,Afternoon,Commons Argo Galley,65,20,75,20,65,75,Writer's Cramp,Charlie Horse,139.50000000000003
Bread Basket,8,7.9,0,0,2,NA,sitting,TRUE,102,102,Group 1,7.9,0,FALSE,Breadbasket,9/14/26 16:10,102,Graphic Design,19,Sophomore,Yes,No,Right,20.5,Yes,7,No,No,Yes,A long time ago,7,1,7,No,3,Writer's Cramp,4,2,9,Yes,6,Charlie Horse,"Sitting, hunched over",NA,Afternoon,Commons Argo Galley,65,20,75,20,65,75,Writer's Cramp,Charlie Horse,139.50000000000003
Wrenched Ankle,9,12,1,0,3,NA,sitting,TRUE,102,102,Group 1,12,0,FALSE,Wrenched Ankle,9/14/26 16:10,102,Graphic Design,19,Sophomore,Yes,No,Right,20.5,Yes,7,No,No,Yes,A long time ago,7,1,7,No,3,Writer's Cramp,4,2,9,Yes,6,Charlie Horse,"Sitting, hunched over",NA,Afternoon,Commons Argo Galley,65,20,75,20,65,75,Writer's Cramp,Charlie Horse,139.50000000000003
Adam's Apple,10,10.7,0,0,1,NA,sitting,TRUE,102,102,Group 1,10.7,0,FALSE,Adam's Apple,9/14/26 16:10,102,Graphic Design,19,Sophomore,Yes,No,Right,20.5,Yes,7,No,No,Yes,A long time ago,7,1,7,No,3,Writer's Cramp,4,2,9,Yes,6,Charlie Horse,"Sitting, hunched over",NA,Afternoon,Commons Argo Galley,65,20,75,20,65,75,Writer's Cramp,Charlie Horse,139.50000000000003
Broken Heart,11,10.1,0,1,2,NA,sitting,TRUE,102,102,Group 1,10.1,1,FALSE,Broken Heart,9/14/26 16:10,102,Graphic Design,19,Sophomore,Yes,No,Right,20.5,Yes,7,No,No,Yes,A long time ago,7,1,7,No,3,Writer's Cramp,4,2,9,Yes,6,Charlie Horse,"Sitting, hunched over",NA,Afternoon,Commons Argo Galley,65,20,75,20,65,75,Writer's Cramp,Charlie Horse,139.50000000000003
Water on the Knee,12,1.8,0,0,1,Claims 0/10,sitting,TRUE,102,102,Group 1,1.8,0,FALSE,Water on Knee,9/14/26 16:10,102,Graphic Design,19,Sophomore,Yes,No,Right,20.5,Yes,7,No,No,Yes,A long time ago,7,1,7,No,3,Writer's Cramp,4,2,9,Yes,6,Charlie Horse,"Sitting, hunched over",NA,Afternoon,Commons Argo Galley,65,20,75,20,65,75,Writer's Cramp,Charlie Horse,139.50000000000003
Writer's Cramp,13,8.3,0,1,7,NA,sitting,TRUE,102,102,Group 1,8.3000000000000007,1,FALSE,Writer's Cramp,9/14/26 16:10,102,Graphic Design,19,Sophomore,Yes,No,Right,20.5,Yes,7,No,No,Yes,A long time ago,7,1,7,No,3,Writer's Cramp,4,2,9,Yes,6,Charlie Horse,"Sitting, hunched over",NA,Afternoon,Commons Argo Galley,65,20,75,20,65,75,Writer's Cramp,Charlie Horse,139.50000000000003
Funny Bone,1,7.8,0,0,2,NA,standing,TRUE,103,103,Group 1,7.8,0,FALSE,Funny Bone,9/14/26 16:25,103,General Biology,22,Junior,Yes,No,Mixed Handed,17,No,5,No,Yes,Yes,A long time ago,3,5,4,No,9,Charlie Horse,7,8,9,Yes,5,Writer's Cramp,Standing up,"Participant reports having shaky hands ""all the time""",Afternoon,Commons Argo Galley,64,20,75,20,64,75,Charlie Horse,Writer's Cramp,97.7
Brain Freeze,2,6,1,0,3,NA,standing,TRUE,103,103,Group 1,6,0,FALSE,Brain Freeze,9/14/26 16:25,103,General Biology,22,Junior,Yes,No,Mixed Handed,17,No,5,No,Yes,Yes,A long time ago,3,5,4,No,9,Charlie Horse,7,8,9,Yes,5,Writer's Cramp,Standing up,"Participant reports having shaky hands ""all the time""",Afternoon,Commons Argo Galley,64,20,75,20,64,75,Charlie Horse,Writer's Cramp,97.7
Charlie Horse,3,6.6,0,1,8,NA,standing,TRUE,103,103,Group 1,6.6,1,FALSE,Charlie Horse,9/14/26 16:25,103,General Biology,22,Junior,Yes,No,Mixed Handed,17,No,5,No,Yes,Yes,A long time ago,3,5,4,No,9,Charlie Horse,7,8,9,Yes,5,Writer's Cramp,Standing up,"Participant reports having shaky hands ""all the time""",Afternoon,Commons Argo Galley,64,20,75,20,64,75,Charlie Horse,Writer's Cramp,97.7
Adam's Apple,4,5,0,0,4,NA,standing,TRUE,103,103,Group 1,5,0,FALSE,Adam's Apple,9/14/26 16:25,103,General Biology,22,Junior,Yes,No,Mixed Handed,17,No,5,No,Yes,Yes,A long time ago,3,5,4,No,9,Charlie Horse,7,8,9,Yes,5,Writer's Cramp,Standing up,"Participant reports having shaky hands ""all the time""",Afternoon,Commons Argo Galley,64,20,75,20,64,75,Charlie Horse,Writer's Cramp,97.7
Water on the Knee,5,5.5,1,1,5,NA,standing,TRUE,103,103,Group 1,5.5,1,FALSE,Water on Knee,9/14/26 16:25,103,General Biology,22,Junior,Yes,No,Mixed Handed,17,No,5,No,Yes,Yes,A long time ago,3,5,4,No,9,Charlie Horse,7,8,9,Yes,5,Writer's Cramp,Standing up,"Participant reports having shaky hands ""all the time""",Afternoon,Commons Argo Galley,64,20,75,20,64,75,Charlie Horse,Writer's Cramp,97.7
Broken Heart,6,11,0,3,9,NA,standing,TRUE,103,103,Group 1,11,3,FALSE,Broken Heart,9/14/26 16:25,103,General Biology,22,Junior,Yes,No,Mixed Handed,17,No,5,No,Yes,Yes,A long time ago,3,5,4,No,9,Charlie Horse,7,8,9,Yes,5,Writer's Cramp,Standing up,"Participant reports having shaky hands ""all the time""",Afternoon,Commons Argo Galley,64,20,75,20,64,75,Charlie Horse,Writer's Cramp,97.7
Anklebone Connected to the Knee Bone,7,4.7,0,0,1,NA,standing,TRUE,103,103,Group 1,4.7,0,FALSE,Anklebone,9/14/26 16:25,103,General Biology,22,Junior,Yes,No,Mixed Handed,17,No,5,No,Yes,Yes,A long time ago,3,5,4,No,9,Charlie Horse,7,8,9,Yes,5,Writer's Cramp,Standing up,"Participant reports having shaky hands ""all the time""",Afternoon,Commons Argo Galley,64,20,75,20,64,75,Charlie Horse,Writer's Cramp,97.7
Wishbone,8,4.4,0,1,4,NA,standing,TRUE,103,103,Group 1,4.4000000000000004,1,FALSE,Wishbone,9/14/26 16:25,103,General Biology,22,Junior,Yes,No,Mixed Handed,17,No,5,No,Yes,Yes,A long time ago,3,5,4,No,9,Charlie Horse,7,8,9,Yes,5,Writer's Cramp,Standing up,"Participant reports having shaky hands ""all the time""",Afternoon,Commons Argo Galley,64,20,75,20,64,75,Charlie Horse,Writer's Cramp,97.7
Bread Basket,9,4.6,0,1,6,NA,standing,TRUE,103,103,Group 1,4.5999999999999996,1,FALSE,Breadbasket,9/14/26 16:25,103,General Biology,22,Junior,Yes,No,Mixed Handed,17,No,5,No,Yes,Yes,A long time ago,3,5,4,No,9,Charlie Horse,7,8,9,Yes,5,Writer's Cramp,Standing up,"Participant reports having shaky hands ""all the time""",Afternoon,Commons Argo Galley,64,20,75,20,64,75,Charlie Horse,Writer's Cramp,97.7
Butterflies in the Stomach,10,4.5,0,0,3,NA,standing,TRUE,103,103,Group 1,4.5,0,FALSE,Butterflies,9/14/26 16:25,103,General Biology,22,Junior,Yes,No,Mixed Handed,17,No,5,No,Yes,Yes,A long time ago,3,5,4,No,9,Charlie Horse,7,8,9,Yes,5,Writer's Cramp,Standing up,"Participant reports having shaky hands ""all the time""",Afternoon,Commons Argo Galley,64,20,75,20,64,75,Charlie Horse,Writer's Cramp,97.7
Wrenched Ankle,11,14.9,1,5,10,NA,standing,FALSE,103,103,Group 1,14.9,5,FALSE,Wrenched Ankle,9/14/26 16:25,103,General Biology,22,Junior,Yes,No,Mixed Handed,17,No,5,No,Yes,Yes,A long time ago,3,5,4,No,9,Charlie Horse,7,8,9,Yes,5,Writer's Cramp,Standing up,"Participant reports having shaky hands ""all the time""",Afternoon,Commons Argo Galley,64,20,75,20,64,75,Charlie Horse,Writer's Cramp,97.7
Spare Ribs,12,5.9,0,3,6,NA,standing,TRUE,103,103,Group 1,5.9,3,FALSE,Spare Ribs,9/14/26 16:25,103,General Biology,22,Junior,Yes,No,Mixed Handed,17,No,5,No,Yes,Yes,A long time ago,3,5,4,No,9,Charlie Horse,7,8,9,Yes,5,Writer's Cramp,Standing up,"Participant reports having shaky hands ""all the time""",Afternoon,Commons Argo Galley,64,20,75,20,64,75,Charlie Horse,Writer's Cramp,97.7
Writer's Cramp,13,16.8,0,5,9,Hand shakiness got worse by this piece,standing,FALSE,103,103,Group 1,16.8,5,FALSE,Writer's Cramp,9/14/26 16:25,103,General Biology,22,Junior,Yes,No,Mixed Handed,17,No,5,No,Yes,Yes,A long time ago,3,5,4,No,9,Charlie Horse,7,8,9,Yes,5,Writer's Cramp,Standing up,"Participant reports having shaky hands ""all the time""",Afternoon,Commons Argo Galley,64,20,75,20,64,75,Charlie Horse,Writer's Cramp,97.7
Spare Ribs,1,25.5,0,4,6,NA,sitting,TRUE,104,104,Group 1,25.5,4,FALSE,Spare Ribs,9/16/26 12:15,104,Accounting,22,Senior,No,No,Right,17.5,Yes,4,No,No,Yes,A long time ago,6,4,5,No,4,Broken Heart,8,4,8,Yes,5,Wrenched Ankle,"Sitting, hunched over",NA,Midday,Commons Argo Galley,70,50,71,50,70,71,Broken Heart,Wrenched Ankle,184.3
Charlie Horse,2,11,0,3,4,NA,sitting,TRUE,104,104,Group 1,11,3,FALSE,Charlie Horse,9/16/26 12:15,104,Accounting,22,Senior,No,No,Right,17.5,Yes,4,No,No,Yes,A long time ago,6,4,5,No,4,Broken Heart,8,4,8,Yes,5,Wrenched Ankle,"Sitting, hunched over",NA,Midday,Commons Argo Galley,70,50,71,50,70,71,Broken Heart,Wrenched Ankle,184.3
Wishbone,3,6,0,2,2,NA,sitting,TRUE,104,104,Group 1,6,2,FALSE,Wishbone,9/16/26 12:15,104,Accounting,22,Senior,No,No,Right,17.5,Yes,4,No,No,Yes,A long time ago,6,4,5,No,4,Broken Heart,8,4,8,Yes,5,Wrenched Ankle,"Sitting, hunched over",NA,Midday,Commons Argo Galley,70,50,71,50,70,71,Broken Heart,Wrenched Ankle,184.3
Butterflies in the Stomach,4,11.9,0,0,1,NA,sitting,TRUE,104,104,Group 1,11.9,0,FALSE,Butterflies,9/16/26 12:15,104,Accounting,22,Senior,No,No,Right,17.5,Yes,4,No,No,Yes,A long time ago,6,4,5,No,4,Broken Heart,8,4,8,Yes,5,Wrenched Ankle,"Sitting, hunched over",NA,Midday,Commons Argo Galley,70,50,71,50,70,71,Broken Heart,Wrenched Ankle,184.3
Anklebone Connected to the Knee Bone,5,6.9,0,0,1,NA,sitting,TRUE,104,104,Group 1,6.9,0,FALSE,Anklebone,9/16/26 12:15,104,Accounting,22,Senior,No,No,Right,17.5,Yes,4,No,No,Yes,A long time ago,6,4,5,No,4,Broken Heart,8,4,8,Yes,5,Wrenched Ankle,"Sitting, hunched over",NA,Midday,Commons Argo Galley,70,50,71,50,70,71,Broken Heart,Wrenched Ankle,184.3
Wrenched Ankle,6,66.3,1,4,8,NA,sitting,TRUE,104,104,Group 1,66.3,4,FALSE,Wrenced Ankle,9/16/26 12:15,104,Accounting,22,Senior,No,No,Right,17.5,Yes,4,No,No,Yes,A long time ago,6,4,5,No,4,Broken Heart,8,4,8,Yes,5,Wrenched Ankle,"Sitting, hunched over",NA,Midday,Commons Argo Galley,70,50,71,50,70,71,Broken Heart,Wrenched Ankle,184.3
Bread Basket,7,3.4,0,0,1,NA,sitting,TRUE,104,104,Group 1,3.4,0,FALSE,Breadbasket,9/16/26 12:15,104,Accounting,22,Senior,No,No,Right,17.5,Yes,4,No,No,Yes,A long time ago,6,4,5,No,4,Broken Heart,8,4,8,Yes,5,Wrenched Ankle,"Sitting, hunched over",NA,Midday,Commons Argo Galley,70,50,71,50,70,71,Broken Heart,Wrenched Ankle,184.3
Water on the Knee,8,7.5,0,0,1,NA,sitting,TRUE,104,104,Group 1,7.5,0,FALSE,Water on Knee,9/16/26 12:15,104,Accounting,22,Senior,No,No,Right,17.5,Yes,4,No,No,Yes,A long time ago,6,4,5,No,4,Broken Heart,8,4,8,Yes,5,Wrenched Ankle,"Sitting, hunched over",NA,Midday,Commons Argo Galley,70,50,71,50,70,71,Broken Heart,Wrenched Ankle,184.3
Writer's Cramp,9,15.8,0,1,3,NA,sitting,TRUE,104,104,Group 1,15.8,1,FALSE,Writer's Cramp,9/16/26 12:15,104,Accounting,22,Senior,No,No,Right,17.5,Yes,4,No,No,Yes,A long time ago,6,4,5,No,4,Broken Heart,8,4,8,Yes,5,Wrenched Ankle,"Sitting, hunched over",NA,Midday,Commons Argo Galley,70,50,71,50,70,71,Broken Heart,Wrenched Ankle,184.3
Broken Heart,10,15.4,0,1,2,NA,sitting,TRUE,104,104,Group 1,15.4,1,FALSE,Broken Heart,9/16/26 12:15,104,Accounting,22,Senior,No,No,Right,17.5,Yes,4,No,No,Yes,A long time ago,6,4,5,No,4,Broken Heart,8,4,8,Yes,5,Wrenched Ankle,"Sitting, hunched over",NA,Midday,Commons Argo Galley,70,50,71,50,70,71,Broken Heart,Wrenched Ankle,184.3
Funny Bone,11,6.1,0,1,2,NA,sitting,TRUE,104,104,Group 1,6.1,1,FALSE,Funny Bone,9/16/26 12:15,104,Accounting,22,Senior,No,No,Right,17.5,Yes,4,No,No,Yes,A long time ago,6,4,5,No,4,Broken Heart,8,4,8,Yes,5,Wrenched Ankle,"Sitting, hunched over",NA,Midday,Commons Argo Galley,70,50,71,50,70,71,Broken Heart,Wrenched Ankle,184.3
Adam's Apple,12,6.5,0,0,1,NA,sitting,TRUE,104,104,Group 1,6.5,0,FALSE,Adam's Apple,9/16/26 12:15,104,Accounting,22,Senior,No,No,Right,17.5,Yes,4,No,No,Yes,A long time ago,6,4,5,No,4,Broken Heart,8,4,8,Yes,5,Wrenched Ankle,"Sitting, hunched over",NA,Midday,Commons Argo Galley,70,50,71,50,70,71,Broken Heart,Wrenched Ankle,184.3
Brain Freeze,13,2,0,0,1,NA,sitting,TRUE,104,104,Group 1,2,0,FALSE,Brain Freeze,9/16/26 12:15,104,Accounting,22,Senior,No,No,Right,17.5,Yes,4,No,No,Yes,A long time ago,6,4,5,No,4,Broken Heart,8,4,8,Yes,5,Wrenched Ankle,"Sitting, hunched over",NA,Midday,Commons Argo Galley,70,50,71,50,70,71,Broken Heart,Wrenched Ankle,184.3
Brain Freeze,1,22.1,0,5,4,NA,sitting,FALSE,105,105,Group 1,22.1,5,FALSE,Brain Freeze,9/17/26 18:54,105,International Relations,21,Junior,No,No,Left,5,Yes,6,Yes,No,No,A long time ago,5,4,5,No,8,Wishbone,6,4,6,No,10,Wrenched Ankle,Sitting up,NA,Evening,Dorm Room Desk,10,2,65,2,10,65,Wishbone,Wrenched Ankle,219.40000000000003
Funny Bone,2,30.8,1,5,6,NA,sitting,FALSE,105,105,Group 1,30.8,5,FALSE,Funny Bone,9/17/26 18:54,105,International Relations,21,Junior,No,No,Left,5,Yes,6,Yes,No,No,A long time ago,5,4,5,No,8,Wishbone,6,4,6,No,10,Wrenched Ankle,Sitting up,NA,Evening,Dorm Room Desk,10,2,65,2,10,65,Wishbone,Wrenched Ankle,219.40000000000003
Adam's Apple,3,15.6,0,3,1,NA,sitting,TRUE,105,105,Group 1,15.6,3,FALSE,Adam's Apple,9/17/26 18:54,105,International Relations,21,Junior,No,No,Left,5,Yes,6,Yes,No,No,A long time ago,5,4,5,No,8,Wishbone,6,4,6,No,10,Wrenched Ankle,Sitting up,NA,Evening,Dorm Room Desk,10,2,65,2,10,65,Wishbone,Wrenched Ankle,219.40000000000003
Wishbone,4,10.4,0,2,5,NA,sitting,TRUE,105,105,Group 1,10.4,2,FALSE,Wish Bone,9/17/26 18:54,105,International Relations,21,Junior,No,No,Left,5,Yes,6,Yes,No,No,A long time ago,5,4,5,No,8,Wishbone,6,4,6,No,10,Wrenched Ankle,Sitting up,NA,Evening,Dorm Room Desk,10,2,65,2,10,65,Wishbone,Wrenched Ankle,219.40000000000003
Writer's Cramp,5,7.9,0,1,9,NA,sitting,TRUE,105,105,Group 1,7.9,1,FALSE,Writers Cramp,9/17/26 18:54,105,International Relations,21,Junior,No,No,Left,5,Yes,6,Yes,No,No,A long time ago,5,4,5,No,8,Wishbone,6,4,6,No,10,Wrenched Ankle,Sitting up,NA,Evening,Dorm Room Desk,10,2,65,2,10,65,Wishbone,Wrenched Ankle,219.40000000000003
Spare Ribs,6,18.7,0,3,8,NA,sitting,TRUE,105,105,Group 1,18.7,3,FALSE,Spare Ribs,9/17/26 18:54,105,International Relations,21,Junior,No,No,Left,5,Yes,6,Yes,No,No,A long time ago,5,4,5,No,8,Wishbone,6,4,6,No,10,Wrenched Ankle,Sitting up,NA,Evening,Dorm Room Desk,10,2,65,2,10,65,Wishbone,Wrenched Ankle,219.40000000000003
Water on the Knee,7,13.5,0,2,3,NA,sitting,TRUE,105,105,Group 1,13.5,2,FALSE,Water On The Knee,9/17/26 18:54,105,International Relations,21,Junior,No,No,Left,5,Yes,6,Yes,No,No,A long time ago,5,4,5,No,8,Wishbone,6,4,6,No,10,Wrenched Ankle,Sitting up,NA,Evening,Dorm Room Desk,10,2,65,2,10,65,Wishbone,Wrenched Ankle,219.40000000000003
Charlie Horse,8,23.2,2,5,2,NA,sitting,FALSE,105,105,Group 1,23.2,5,FALSE,Charlie Horse,9/17/26 18:54,105,International Relations,21,Junior,No,No,Left,5,Yes,6,Yes,No,No,A long time ago,5,4,5,No,8,Wishbone,6,4,6,No,10,Wrenched Ankle,Sitting up,NA,Evening,Dorm Room Desk,10,2,65,2,10,65,Wishbone,Wrenched Ankle,219.40000000000003
Wrenched Ankle,9,15.5,0,3,1,NA,sitting,TRUE,105,105,Group 1,15.5,3,FALSE,Wrenched Ankle,9/17/26 18:54,105,International Relations,21,Junior,No,No,Left,5,Yes,6,Yes,No,No,A long time ago,5,4,5,No,8,Wishbone,6,4,6,No,10,Wrenched Ankle,Sitting up,NA,Evening,Dorm Room Desk,10,2,65,2,10,65,Wishbone,Wrenched Ankle,219.40000000000003
Bread Basket,10,10,0,1,5,NA,sitting,TRUE,105,105,Group 1,10,1,FALSE,Bread Basket,9/17/26 18:54,105,International Relations,21,Junior,No,No,Left,5,Yes,6,Yes,No,No,A long time ago,5,4,5,No,8,Wishbone,6,4,6,No,10,Wrenched Ankle,Sitting up,NA,Evening,Dorm Room Desk,10,2,65,2,10,65,Wishbone,Wrenched Ankle,219.40000000000003
Butterflies in the Stomach,11,13.8,0,5,2,NA,sitting,FALSE,105,105,Group 1,13.8,5,FALSE,Butterflies in Stomach,9/17/26 18:54,105,International Relations,21,Junior,No,No,Left,5,Yes,6,Yes,No,No,A long time ago,5,4,5,No,8,Wishbone,6,4,6,No,10,Wrenched Ankle,Sitting up,NA,Evening,Dorm Room Desk,10,2,65,2,10,65,Wishbone,Wrenched Ankle,219.40000000000003
Anklebone Connected to the Knee Bone,12,24.5,1,5,8,NA,sitting,FALSE,105,105,Group 1,24.5,5,FALSE,Anklebone Connected to the Knee Bone,9/17/26 18:54,105,International Relations,21,Junior,No,No,Left,5,Yes,6,Yes,No,No,A long time ago,5,4,5,No,8,Wishbone,6,4,6,No,10,Wrenched Ankle,Sitting up,NA,Evening,Dorm Room Desk,10,2,65,2,10,65,Wishbone,Wrenched Ankle,219.40000000000003
Broken Heart,13,13.4,0,3,6,NA,sitting,TRUE,105,105,Group 1,13.4,3,FALSE,Broken Heart,9/17/26 18:54,105,International Relations,21,Junior,No,No,Left,5,Yes,6,Yes,No,No,A long time ago,5,4,5,No,8,Wishbone,6,4,6,No,10,Wrenched Ankle,Sitting up,NA,Evening,Dorm Room Desk,10,2,65,2,10,65,Wishbone,Wrenched Ankle,219.40000000000003
Brain Freeze,1,11,0,0,6,NA,sitting,TRUE,106,106,Group 1,11,0,FALSE,Brain Freeze,9/18/26 10:25,106,Cybersecurity,21,Senior,No,No,Right,10,Yes,7,Yes,Yes,Yes,A long time ago,7,2,7,Yes,4,Wishbone,10,2,9,Yes,7,Water on the Knee,Sitting up,NA,Morning,Dorm Room Desk Table,12,2,70,2,12,70,Wishbone,Water on the Knee,264.29999999999995
Funny Bone,2,6.7,0,0,5,NA,sitting,TRUE,106,106,Group 1,6.7,0,FALSE,Funny Bone,9/18/26 10:25,106,Cybersecurity,21,Senior,No,No,Right,10,Yes,7,Yes,Yes,Yes,A long time ago,7,2,7,Yes,4,Wishbone,10,2,9,Yes,7,Water on the Knee,Sitting up,NA,Morning,Dorm Room Desk Table,12,2,70,2,12,70,Wishbone,Water on the Knee,264.29999999999995
Adam's Apple,3,28.8,1,2,2,NA,sitting,TRUE,106,106,Group 1,28.8,2,FALSE,Adam's Apple,9/18/26 10:25,106,Cybersecurity,21,Senior,No,No,Right,10,Yes,7,Yes,Yes,Yes,A long time ago,7,2,7,Yes,4,Wishbone,10,2,9,Yes,7,Water on the Knee,Sitting up,NA,Morning,Dorm Room Desk Table,12,2,70,2,12,70,Wishbone,Water on the Knee,264.29999999999995
Wishbone,4,45.6,2,5,9,NA,sitting,FALSE,106,106,Group 1,45.6,5,FALSE,Wish Bone,9/18/26 10:25,106,Cybersecurity,21,Senior,No,No,Right,10,Yes,7,Yes,Yes,Yes,A long time ago,7,2,7,Yes,4,Wishbone,10,2,9,Yes,7,Water on the Knee,Sitting up,NA,Morning,Dorm Room Desk Table,12,2,70,2,12,70,Wishbone,Water on the Knee,264.29999999999995
Writer's Cramp,5,33,1,5,5,NA,sitting,FALSE,106,106,Group 1,33,5,FALSE,Writers Cramp,9/18/26 10:25,106,Cybersecurity,21,Senior,No,No,Right,10,Yes,7,Yes,Yes,Yes,A long time ago,7,2,7,Yes,4,Wishbone,10,2,9,Yes,7,Water on the Knee,Sitting up,NA,Morning,Dorm Room Desk Table,12,2,70,2,12,70,Wishbone,Water on the Knee,264.29999999999995
Spare Ribs,6,23.2,1,1,2,NA,sitting,TRUE,106,106,Group 1,23.2,1,FALSE,Spare Ribs,9/18/26 10:25,106,Cybersecurity,21,Senior,No,No,Right,10,Yes,7,Yes,Yes,Yes,A long time ago,7,2,7,Yes,4,Wishbone,10,2,9,Yes,7,Water on the Knee,Sitting up,NA,Morning,Dorm Room Desk Table,12,2,70,2,12,70,Wishbone,Water on the Knee,264.29999999999995
Water on the Knee,7,12.8,0,1,6,NA,sitting,TRUE,106,106,Group 1,12.8,1,FALSE,Water On The Knee,9/18/26 10:25,106,Cybersecurity,21,Senior,No,No,Right,10,Yes,7,Yes,Yes,Yes,A long time ago,7,2,7,Yes,4,Wishbone,10,2,9,Yes,7,Water on the Knee,Sitting up,NA,Morning,Dorm Room Desk Table,12,2,70,2,12,70,Wishbone,Water on the Knee,264.29999999999995
Charlie Horse,8,19.7,0,2,7,NA,sitting,TRUE,106,106,Group 1,19.7,2,FALSE,Charlie Horse,9/18/26 10:25,106,Cybersecurity,21,Senior,No,No,Right,10,Yes,7,Yes,Yes,Yes,A long time ago,7,2,7,Yes,4,Wishbone,10,2,9,Yes,7,Water on the Knee,Sitting up,NA,Morning,Dorm Room Desk Table,12,2,70,2,12,70,Wishbone,Water on the Knee,264.29999999999995
Wrenched Ankle,9,18.6,1,1,5,NA,sitting,TRUE,106,106,Group 1,18.600000000000001,1,FALSE,Wrenched Ankle,9/18/26 10:25,106,Cybersecurity,21,Senior,No,No,Right,10,Yes,7,Yes,Yes,Yes,A long time ago,7,2,7,Yes,4,Wishbone,10,2,9,Yes,7,Water on the Knee,Sitting up,NA,Morning,Dorm Room Desk Table,12,2,70,2,12,70,Wishbone,Water on the Knee,264.29999999999995
Bread Basket,10,15,1,1,5,NA,sitting,TRUE,106,106,Group 1,15,1,FALSE,Bread Basket,9/18/26 10:25,106,Cybersecurity,21,Senior,No,No,Right,10,Yes,7,Yes,Yes,Yes,A long time ago,7,2,7,Yes,4,Wishbone,10,2,9,Yes,7,Water on the Knee,Sitting up,NA,Morning,Dorm Room Desk Table,12,2,70,2,12,70,Wishbone,Water on the Knee,264.29999999999995
Butterflies in the Stomach,11,23.4,0,5,1,NA,sitting,FALSE,106,106,Group 1,23.4,5,FALSE,Butterflies in Stomach,9/18/26 10:25,106,Cybersecurity,21,Senior,No,No,Right,10,Yes,7,Yes,Yes,Yes,A long time ago,7,2,7,Yes,4,Wishbone,10,2,9,Yes,7,Water on the Knee,Sitting up,NA,Morning,Dorm Room Desk Table,12,2,70,2,12,70,Wishbone,Water on the Knee,264.29999999999995
Anklebone Connected to the Knee Bone,12,16.7,1,2,4,NA,sitting,TRUE,106,106,Group 1,16.7,2,FALSE,Anklebone Connected to the Knee Bone,9/18/26 10:25,106,Cybersecurity,21,Senior,No,No,Right,10,Yes,7,Yes,Yes,Yes,A long time ago,7,2,7,Yes,4,Wishbone,10,2,9,Yes,7,Water on the Knee,Sitting up,NA,Morning,Dorm Room Desk Table,12,2,70,2,12,70,Wishbone,Water on the Knee,264.29999999999995
Broken Heart,13,9.8,0,1,9,NA,sitting,TRUE,106,106,Group 1,9.8000000000000007,1,FALSE,Broken Heart,9/18/26 10:25,106,Cybersecurity,21,Senior,No,No,Right,10,Yes,7,Yes,Yes,Yes,A long time ago,7,2,7,Yes,4,Wishbone,10,2,9,Yes,7,Water on the Knee,Sitting up,NA,Morning,Dorm Room Desk Table,12,2,70,2,12,70,Wishbone,Water on the Knee,264.29999999999995
Funny Bone,1,5,0,0,3,NA,sitting,TRUE,107,107,Group 1,5,0,FALSE,funny bone,9/21/26 15:00,107,MIS,20,Junior,Yes,No,Right,NA,Yes,7,No,No,Yes,A long time ago,6,4,2,No,8,Charlie Horse,9,1,5,Yes,4,Butterflies in the Stomach,Sitting up,NA,Afternoon,Pace Office,74,3,72,3,74,72,Charlie Horse,Butterfly,108
Charlie Horse,2,9,0,0,5,NA,sitting,TRUE,107,107,Group 1,9,0,FALSE,charlie horse,9/21/26 15:00,107,MIS,20,Junior,Yes,No,Right,NA,Yes,7,No,No,Yes,A long time ago,6,4,2,No,8,Charlie Horse,9,1,5,Yes,4,Butterflies in the Stomach,Sitting up,NA,Afternoon,Pace Office,74,3,72,3,74,72,Charlie Horse,Butterfly,108
Spare Ribs,3,7,0,1,4,NA,sitting,TRUE,107,107,Group 1,7,1,FALSE,spare ribs,9/21/26 15:00,107,MIS,20,Junior,Yes,No,Right,NA,Yes,7,No,No,Yes,A long time ago,6,4,2,No,8,Charlie Horse,9,1,5,Yes,4,Butterflies in the Stomach,Sitting up,NA,Afternoon,Pace Office,74,3,72,3,74,72,Charlie Horse,Butterfly,108
Wishbone,4,6,0,0,3,NA,sitting,TRUE,107,107,Group 1,6,0,FALSE,wish bone,9/21/26 15:00,107,MIS,20,Junior,Yes,No,Right,NA,Yes,7,No,No,Yes,A long time ago,6,4,2,No,8,Charlie Horse,9,1,5,Yes,4,Butterflies in the Stomach,Sitting up,NA,Afternoon,Pace Office,74,3,72,3,74,72,Charlie Horse,Butterfly,108
Brain Freeze,5,4,0,0,1,NA,sitting,TRUE,107,107,Group 1,4,0,FALSE,brain freeze,9/21/26 15:00,107,MIS,20,Junior,Yes,No,Right,NA,Yes,7,No,No,Yes,A long time ago,6,4,2,No,8,Charlie Horse,9,1,5,Yes,4,Butterflies in the Stomach,Sitting up,NA,Afternoon,Pace Office,74,3,72,3,74,72,Charlie Horse,Butterfly,108
Bread Basket,6,5,0,0,2,NA,sitting,TRUE,107,107,Group 1,5,0,FALSE,bread basket,9/21/26 15:00,107,MIS,20,Junior,Yes,No,Right,NA,Yes,7,No,No,Yes,A long time ago,6,4,2,No,8,Charlie Horse,9,1,5,Yes,4,Butterflies in the Stomach,Sitting up,NA,Afternoon,Pace Office,74,3,72,3,74,72,Charlie Horse,Butterfly,108
Writer's Cramp,7,8,0,0,4,NA,sitting,TRUE,107,107,Group 1,8,0,FALSE,writers cramp,9/21/26 15:00,107,MIS,20,Junior,Yes,No,Right,NA,Yes,7,No,No,Yes,A long time ago,6,4,2,No,8,Charlie Horse,9,1,5,Yes,4,Butterflies in the Stomach,Sitting up,NA,Afternoon,Pace Office,74,3,72,3,74,72,Charlie Horse,Butterfly,108
Broken Heart,8,11,0,0,4,NA,sitting,TRUE,107,107,Group 1,11,0,FALSE,broken heart,9/21/26 15:00,107,MIS,20,Junior,Yes,No,Right,NA,Yes,7,No,No,Yes,A long time ago,6,4,2,No,8,Charlie Horse,9,1,5,Yes,4,Butterflies in the Stomach,Sitting up,NA,Afternoon,Pace Office,74,3,72,3,74,72,Charlie Horse,Butterfly,108
Adam's Apple,9,6,0,0,2,NA,sitting,TRUE,107,107,Group 1,6,0,FALSE,adams apple,9/21/26 15:00,107,MIS,20,Junior,Yes,No,Right,NA,Yes,7,No,No,Yes,A long time ago,6,4,2,No,8,Charlie Horse,9,1,5,Yes,4,Butterflies in the Stomach,Sitting up,NA,Afternoon,Pace Office,74,3,72,3,74,72,Charlie Horse,Butterfly,108
Wrenched Ankle,10,18,1,2,6,NA,sitting,TRUE,107,107,Group 1,18,2,FALSE,wrenched ankle,9/21/26 15:00,107,MIS,20,Junior,Yes,No,Right,NA,Yes,7,No,No,Yes,A long time ago,6,4,2,No,8,Charlie Horse,9,1,5,Yes,4,Butterflies in the Stomach,Sitting up,NA,Afternoon,Pace Office,74,3,72,3,74,72,Charlie Horse,Butterfly,108
Butterflies in the Stomach,11,21,2,1,5,Upside down,sitting,TRUE,107,107,Group 1,21,1,FALSE,Butterflies in Stomach,9/21/26 15:00,107,MIS,20,Junior,Yes,No,Right,NA,Yes,7,No,No,Yes,A long time ago,6,4,2,No,8,Charlie Horse,9,1,5,Yes,4,Butterflies in the Stomach,Sitting up,NA,Afternoon,Pace Office,74,3,72,3,74,72,Charlie Horse,Butterfly,108
Anklebone Connected to the Knee Bone,12,5,0,0,1,NA,sitting,TRUE,107,107,Group 1,5,0,FALSE,Anklebone,9/21/26 15:00,107,MIS,20,Junior,Yes,No,Right,NA,Yes,7,No,No,Yes,A long time ago,6,4,2,No,8,Charlie Horse,9,1,5,Yes,4,Butterflies in the Stomach,Sitting up,NA,Afternoon,Pace Office,74,3,72,3,74,72,Charlie Horse,Butterfly,108
Water on the Knee,13,3,0,0,1,NA,sitting,TRUE,107,107,Group 1,3,0,FALSE,Water on the Knee,9/21/26 15:00,107,MIS,20,Junior,Yes,No,Right,NA,Yes,7,No,No,Yes,A long time ago,6,4,2,No,8,Charlie Horse,9,1,5,Yes,4,Butterflies in the Stomach,Sitting up,NA,Afternoon,Pace Office,74,3,72,3,74,72,Charlie Horse,Butterfly,108
Brain Freeze,1,3,0,0,1,NA,sitting,TRUE,108,108,Group 1,3,0,FALSE,brain freeze,9/21/26 15:11,108,Biology,21,Senior,Yes,No,Right,NA,No,4,No,No,Yes,A long time ago,6,7,6,Yes,6,Wrenched Ankle,5,6,8,Yes,4,Wrenched Ankle,Sitting up,NA,Afternoon,Pace Office,75,3,72,3,75,72,Wrenched Ankle,Wrenched Ankle,75
Spare Ribs,2,3,0,0,2,NA,sitting,TRUE,108,108,Group 1,3,0,FALSE,spare ribs,9/21/26 15:11,108,Biology,21,Senior,Yes,No,Right,NA,No,4,No,No,Yes,A long time ago,6,7,6,Yes,6,Wrenched Ankle,5,6,8,Yes,4,Wrenched Ankle,Sitting up,NA,Afternoon,Pace Office,75,3,72,3,75,72,Wrenched Ankle,Wrenched Ankle,75
Bread Basket,3,4,1,0,4,NA,sitting,TRUE,108,108,Group 1,4,0,FALSE,bread basket,9/21/26 15:11,108,Biology,21,Senior,Yes,No,Right,NA,No,4,No,No,Yes,A long time ago,6,7,6,Yes,6,Wrenched Ankle,5,6,8,Yes,4,Wrenched Ankle,Sitting up,NA,Afternoon,Pace Office,75,3,72,3,75,72,Wrenched Ankle,Wrenched Ankle,75
Broken Heart,4,2,0,0,4,NA,sitting,TRUE,108,108,Group 1,2,0,FALSE,broken heart,9/21/26 15:11,108,Biology,21,Senior,Yes,No,Right,NA,No,4,No,No,Yes,A long time ago,6,7,6,Yes,6,Wrenched Ankle,5,6,8,Yes,4,Wrenched Ankle,Sitting up,NA,Afternoon,Pace Office,75,3,72,3,75,72,Wrenched Ankle,Wrenched Ankle,75
Writer's Cramp,5,4,0,3,6,NA,sitting,TRUE,108,108,Group 1,4,3,FALSE,writers cramp,9/21/26 15:11,108,Biology,21,Senior,Yes,No,Right,NA,No,4,No,No,Yes,A long time ago,6,7,6,Yes,6,Wrenched Ankle,5,6,8,Yes,4,Wrenched Ankle,Sitting up,NA,Afternoon,Pace Office,75,3,72,3,75,72,Wrenched Ankle,Wrenched Ankle,75
Funny Bone,6,3,0,0,6,NA,sitting,TRUE,108,108,Group 1,3,0,FALSE,funny bone,9/21/26 15:11,108,Biology,21,Senior,Yes,No,Right,NA,No,4,No,No,Yes,A long time ago,6,7,6,Yes,6,Wrenched Ankle,5,6,8,Yes,4,Wrenched Ankle,Sitting up,NA,Afternoon,Pace Office,75,3,72,3,75,72,Wrenched Ankle,Wrenched Ankle,75
Butterflies in the Stomach,7,5,1,0,5,NA,sitting,TRUE,108,108,Group 1,5,0,FALSE,butterlies in stomach,9/21/26 15:11,108,Biology,21,Senior,Yes,No,Right,NA,No,4,No,No,Yes,A long time ago,6,7,6,Yes,6,Wrenched Ankle,5,6,8,Yes,4,Wrenched Ankle,Sitting up,NA,Afternoon,Pace Office,75,3,72,3,75,72,Wrenched Ankle,Wrenched Ankle,75
Anklebone Connected to the Knee Bone,8,4,0,0,4,NA,sitting,TRUE,108,108,Group 1,4,0,FALSE,anklebone,9/21/26 15:11,108,Biology,21,Senior,Yes,No,Right,NA,No,4,No,No,Yes,A long time ago,6,7,6,Yes,6,Wrenched Ankle,5,6,8,Yes,4,Wrenched Ankle,Sitting up,NA,Afternoon,Pace Office,75,3,72,3,75,72,Wrenched Ankle,Wrenched Ankle,75
Wrenched Ankle,9,34,0,10,10,Quit,sitting,FALSE,108,108,Group 1,34,10,FALSE,Wrenched ankle,9/21/26 15:11,108,Biology,21,Senior,Yes,No,Right,NA,No,4,No,No,Yes,A long time ago,6,7,6,Yes,6,Wrenched Ankle,5,6,8,Yes,4,Wrenched Ankle,Sitting up,NA,Afternoon,Pace Office,75,3,72,3,75,72,Wrenched Ankle,Wrenched Ankle,75
Wishbone,10,4,0,2,6,NA,sitting,TRUE,108,108,Group 1,4,2,FALSE,wish bone,9/21/26 15:11,108,Biology,21,Senior,Yes,No,Right,NA,No,4,No,No,Yes,A long time ago,6,7,6,Yes,6,Wrenched Ankle,5,6,8,Yes,4,Wrenched Ankle,Sitting up,NA,Afternoon,Pace Office,75,3,72,3,75,72,Wrenched Ankle,Wrenched Ankle,75
Charlie Horse,11,5,1,1,7,NA,sitting,TRUE,108,108,Group 1,5,1,FALSE,charlie horse,9/21/26 15:11,108,Biology,21,Senior,Yes,No,Right,NA,No,4,No,No,Yes,A long time ago,6,7,6,Yes,6,Wrenched Ankle,5,6,8,Yes,4,Wrenched Ankle,Sitting up,NA,Afternoon,Pace Office,75,3,72,3,75,72,Wrenched Ankle,Wrenched Ankle,75
Water on the Knee,12,2,0,0,2,NA,sitting,TRUE,108,108,Group 1,2,0,FALSE,water on the knee,9/21/26 15:11,108,Biology,21,Senior,Yes,No,Right,NA,No,4,No,No,Yes,A long time ago,6,7,6,Yes,6,Wrenched Ankle,5,6,8,Yes,4,Wrenched Ankle,Sitting up,NA,Afternoon,Pace Office,75,3,72,3,75,72,Wrenched Ankle,Wrenched Ankle,75
Adam's Apple,13,2,0,0,4,NA,sitting,TRUE,108,108,Group 1,2,0,FALSE,Adams Apple,9/21/26 15:11,108,Biology,21,Senior,Yes,No,Right,NA,No,4,No,No,Yes,A long time ago,6,7,6,Yes,6,Wrenched Ankle,5,6,8,Yes,4,Wrenched Ankle,Sitting up,NA,Afternoon,Pace Office,75,3,72,3,75,72,Wrenched Ankle,Wrenched Ankle,75
Funny Bone,1,16,0,4,3,right hand,sitting,TRUE,109,109,Group 1,16,4,FALSE,Funny Bone,9/21/26 17:34,109,Biology,17,Freshman,Yes,No,Left,NA,No,7,Yes,No,Yes,A long time ago,3,8,7,Yes,8,Adam's Apple,9,2,9,Yes,7,Charlie Horse,Sitting up,NA,Evening,Pace upstairs Lobby,60,2,74,2,60,74,Adam's Apple,Charlie Horse,183
Wrenched Ankle,2,8,0,4,2,left for rest,sitting,TRUE,109,109,Group 1,8,4,FALSE,Wrenched Ankle,9/21/26 17:34,109,Biology,17,Freshman,Yes,No,Left,NA,No,7,Yes,No,Yes,A long time ago,3,8,7,Yes,8,Adam's Apple,9,2,9,Yes,7,Charlie Horse,Sitting up,NA,Evening,Pace upstairs Lobby,60,2,74,2,60,74,Adam's Apple,Charlie Horse,183
Bread Basket,3,5,0,0,2,NA,sitting,TRUE,109,109,Group 1,5,0,FALSE,Bread Basket,9/21/26 17:34,109,Biology,17,Freshman,Yes,No,Left,NA,No,7,Yes,No,Yes,A long time ago,3,8,7,Yes,8,Adam's Apple,9,2,9,Yes,7,Charlie Horse,Sitting up,NA,Evening,Pace upstairs Lobby,60,2,74,2,60,74,Adam's Apple,Charlie Horse,183
Charlie Horse,4,43,0,10,6,NA,sitting,FALSE,109,109,Group 1,43,10,FALSE,Charlie Horse,9/21/26 17:34,109,Biology,17,Freshman,Yes,No,Left,NA,No,7,Yes,No,Yes,A long time ago,3,8,7,Yes,8,Adam's Apple,9,2,9,Yes,7,Charlie Horse,Sitting up,NA,Evening,Pace upstairs Lobby,60,2,74,2,60,74,Adam's Apple,Charlie Horse,183
Adam's Apple,5,8,0,0,2,NA,sitting,TRUE,109,109,Group 1,8,0,FALSE,Adams Apple,9/21/26 17:34,109,Biology,17,Freshman,Yes,No,Left,NA,No,7,Yes,No,Yes,A long time ago,3,8,7,Yes,8,Adam's Apple,9,2,9,Yes,7,Charlie Horse,Sitting up,NA,Evening,Pace upstairs Lobby,60,2,74,2,60,74,Adam's Apple,Charlie Horse,183
Writer's Cramp,6,8,0,5,3,NA,sitting,FALSE,109,109,Group 1,8,5,FALSE,Writers Cramp,9/21/26 17:34,109,Biology,17,Freshman,Yes,No,Left,NA,No,7,Yes,No,Yes,A long time ago,3,8,7,Yes,8,Adam's Apple,9,2,9,Yes,7,Charlie Horse,Sitting up,NA,Evening,Pace upstairs Lobby,60,2,74,2,60,74,Adam's Apple,Charlie Horse,183
Wishbone,7,18,0,8,8,NA,sitting,FALSE,109,109,Group 1,18,8,FALSE,Wish Bone,9/21/26 17:34,109,Biology,17,Freshman,Yes,No,Left,NA,No,7,Yes,No,Yes,A long time ago,3,8,7,Yes,8,Adam's Apple,9,2,9,Yes,7,Charlie Horse,Sitting up,NA,Evening,Pace upstairs Lobby,60,2,74,2,60,74,Adam's Apple,Charlie Horse,183
Spare Ribs,8,22,0,8,3,NA,sitting,FALSE,109,109,Group 1,22,8,FALSE,Spare Ribs,9/21/26 17:34,109,Biology,17,Freshman,Yes,No,Left,NA,No,7,Yes,No,Yes,A long time ago,3,8,7,Yes,8,Adam's Apple,9,2,9,Yes,7,Charlie Horse,Sitting up,NA,Evening,Pace upstairs Lobby,60,2,74,2,60,74,Adam's Apple,Charlie Horse,183
Broken Heart,9,22,0,3,5,NA,sitting,TRUE,109,109,Group 1,22,3,FALSE,Broken Heart,9/21/26 17:34,109,Biology,17,Freshman,Yes,No,Left,NA,No,7,Yes,No,Yes,A long time ago,3,8,7,Yes,8,Adam's Apple,9,2,9,Yes,7,Charlie Horse,Sitting up,NA,Evening,Pace upstairs Lobby,60,2,74,2,60,74,Adam's Apple,Charlie Horse,183
Brain Freeze,10,4,0,0,4,NA,sitting,TRUE,109,109,Group 1,4,0,FALSE,Brain Freeze,9/21/26 17:34,109,Biology,17,Freshman,Yes,No,Left,NA,No,7,Yes,No,Yes,A long time ago,3,8,7,Yes,8,Adam's Apple,9,2,9,Yes,7,Charlie Horse,Sitting up,NA,Evening,Pace upstairs Lobby,60,2,74,2,60,74,Adam's Apple,Charlie Horse,183
Butterflies in the Stomach,11,19,0,1,6,NA,sitting,TRUE,109,109,Group 1,19,1,FALSE,Butterflies,9/21/26 17:34,109,Biology,17,Freshman,Yes,No,Left,NA,No,7,Yes,No,Yes,A long time ago,3,8,7,Yes,8,Adam's Apple,9,2,9,Yes,7,Charlie Horse,Sitting up,NA,Evening,Pace upstairs Lobby,60,2,74,2,60,74,Adam's Apple,Charlie Horse,183
Water on the Knee,12,5,0,0,1,NA,sitting,TRUE,109,109,Group 1,5,0,FALSE,Water on the Knee,9/21/26 17:34,109,Biology,17,Freshman,Yes,No,Left,NA,No,7,Yes,No,Yes,A long time ago,3,8,7,Yes,8,Adam's Apple,9,2,9,Yes,7,Charlie Horse,Sitting up,NA,Evening,Pace upstairs Lobby,60,2,74,2,60,74,Adam's Apple,Charlie Horse,183
Anklebone Connected to the Knee Bone,13,5,0,0,2,NA,sitting,TRUE,109,109,Group 1,5,0,FALSE,Anklebone,9/21/26 17:34,109,Biology,17,Freshman,Yes,No,Left,NA,No,7,Yes,No,Yes,A long time ago,3,8,7,Yes,8,Adam's Apple,9,2,9,Yes,7,Charlie Horse,Sitting up,NA,Evening,Pace upstairs Lobby,60,2,74,2,60,74,Adam's Apple,Charlie Horse,183
Wrenched Ankle,1,37,1,3,7,NA,sitting,TRUE,110,110,Group 1,37,3,FALSE,Wrenched Ankle,9/23/26 16:15,110,Criminal Justice,20,Junior,No,No,Right,NA,Yes,14,Yes,No,Yes,A long time ago,6,7,7,Yes,8,Brain Freeze,10,2,8,Yes,3,Wrenched Ankle,Sitting up,NA,Afternoon,Pace Study Room,80,2,75,2,80,75,Brain Freeze,Wrenched Ankle,99
Bread Basket,2,5,0,0,2,NA,sitting,TRUE,110,110,Group 1,5,0,FALSE,Bread Basket,9/23/26 16:15,110,Criminal Justice,20,Junior,No,No,Right,NA,Yes,14,Yes,No,Yes,A long time ago,6,7,7,Yes,8,Brain Freeze,10,2,8,Yes,3,Wrenched Ankle,Sitting up,NA,Afternoon,Pace Study Room,80,2,75,2,80,75,Brain Freeze,Wrenched Ankle,99
Adam's Apple,3,3,0,0,1,NA,sitting,TRUE,110,110,Group 1,3,0,FALSE,Adam's Apple,9/23/26 16:15,110,Criminal Justice,20,Junior,No,No,Right,NA,Yes,14,Yes,No,Yes,A long time ago,6,7,7,Yes,8,Brain Freeze,10,2,8,Yes,3,Wrenched Ankle,Sitting up,NA,Afternoon,Pace Study Room,80,2,75,2,80,75,Brain Freeze,Wrenched Ankle,99
Broken Heart,4,10,1,2,5,NA,sitting,TRUE,110,110,Group 1,10,2,FALSE,Broken Heart,9/23/26 16:15,110,Criminal Justice,20,Junior,No,No,Right,NA,Yes,14,Yes,No,Yes,A long time ago,6,7,7,Yes,8,Brain Freeze,10,2,8,Yes,3,Wrenched Ankle,Sitting up,NA,Afternoon,Pace Study Room,80,2,75,2,80,75,Brain Freeze,Wrenched Ankle,99
Brain Freeze,5,4,0,0,1,NA,sitting,TRUE,110,110,Group 1,4,0,FALSE,Brain Freeze,9/23/26 16:15,110,Criminal Justice,20,Junior,No,No,Right,NA,Yes,14,Yes,No,Yes,A long time ago,6,7,7,Yes,8,Brain Freeze,10,2,8,Yes,3,Wrenched Ankle,Sitting up,NA,Afternoon,Pace Study Room,80,2,75,2,80,75,Brain Freeze,Wrenched Ankle,99
Writer's Cramp,6,4,0,0,2,NA,sitting,TRUE,110,110,Group 1,4,0,FALSE,Writer's Cramp,9/23/26 16:15,110,Criminal Justice,20,Junior,No,No,Right,NA,Yes,14,Yes,No,Yes,A long time ago,6,7,7,Yes,8,Brain Freeze,10,2,8,Yes,3,Wrenched Ankle,Sitting up,NA,Afternoon,Pace Study Room,80,2,75,2,80,75,Brain Freeze,Wrenched Ankle,99
Anklebone Connected to the Knee Bone,7,4,0,0,1,NA,sitting,TRUE,110,110,Group 1,4,0,FALSE,Ankle Bone,9/23/26 16:15,110,Criminal Justice,20,Junior,No,No,Right,NA,Yes,14,Yes,No,Yes,A long time ago,6,7,7,Yes,8,Brain Freeze,10,2,8,Yes,3,Wrenched Ankle,Sitting up,NA,Afternoon,Pace Study Room,80,2,75,2,80,75,Brain Freeze,Wrenched Ankle,99
Wishbone,8,5,1,2,3,NA,sitting,TRUE,110,110,Group 1,5,2,FALSE,Wish Bone,9/23/26 16:15,110,Criminal Justice,20,Junior,No,No,Right,NA,Yes,14,Yes,No,Yes,A long time ago,6,7,7,Yes,8,Brain Freeze,10,2,8,Yes,3,Wrenched Ankle,Sitting up,NA,Afternoon,Pace Study Room,80,2,75,2,80,75,Brain Freeze,Wrenched Ankle,99
Butterflies in the Stomach,9,2,0,0,1,NA,sitting,TRUE,110,110,Group 1,2,0,FALSE,Butterflies in Stomach,9/23/26 16:15,110,Criminal Justice,20,Junior,No,No,Right,NA,Yes,14,Yes,No,Yes,A long time ago,6,7,7,Yes,8,Brain Freeze,10,2,8,Yes,3,Wrenched Ankle,Sitting up,NA,Afternoon,Pace Study Room,80,2,75,2,80,75,Brain Freeze,Wrenched Ankle,99
Water on the Knee,10,6,1,0,3,NA,sitting,TRUE,110,110,Group 1,6,0,FALSE,Water on the Knee,9/23/26 16:15,110,Criminal Justice,20,Junior,No,No,Right,NA,Yes,14,Yes,No,Yes,A long time ago,6,7,7,Yes,8,Brain Freeze,10,2,8,Yes,3,Wrenched Ankle,Sitting up,NA,Afternoon,Pace Study Room,80,2,75,2,80,75,Brain Freeze,Wrenched Ankle,99
Charlie Horse,11,14,0,2,6,NA,sitting,TRUE,110,110,Group 1,14,2,FALSE,Charlie Horse,9/23/26 16:15,110,Criminal Justice,20,Junior,No,No,Right,NA,Yes,14,Yes,No,Yes,A long time ago,6,7,7,Yes,8,Brain Freeze,10,2,8,Yes,3,Wrenched Ankle,Sitting up,NA,Afternoon,Pace Study Room,80,2,75,2,80,75,Brain Freeze,Wrenched Ankle,99
Spare Ribs,12,3,0,0,1,NA,sitting,TRUE,110,110,Group 1,3,0,FALSE,Spare Ribs,9/23/26 16:15,110,Criminal Justice,20,Junior,No,No,Right,NA,Yes,14,Yes,No,Yes,A long time ago,6,7,7,Yes,8,Brain Freeze,10,2,8,Yes,3,Wrenched Ankle,Sitting up,NA,Afternoon,Pace Study Room,80,2,75,2,80,75,Brain Freeze,Wrenched Ankle,99
Funny Bone,13,2,0,0,1,NA,sitting,TRUE,110,110,Group 1,2,0,FALSE,Funny Bone,9/23/26 16:15,110,Criminal Justice,20,Junior,No,No,Right,NA,Yes,14,Yes,No,Yes,A long time ago,6,7,7,Yes,8,Brain Freeze,10,2,8,Yes,3,Wrenched Ankle,Sitting up,NA,Afternoon,Pace Study Room,80,2,75,2,80,75,Brain Freeze,Wrenched Ankle,99
Butterflies in the Stomach,1,8,1,0,3,NA,NA,TRUE,111,111,Group 1,8,0,FALSE,Butterlies,9/23/26 17:49,111,Criminal Justice,18,Junior,No,No,Right,NA,Yes,8,Yes,No,Yes,A while ago,2,8,5,No,8,Writer's Cramp,6,6,5,No,6,Charlie Horse,Sitting up,NA,Evening,Pace Study Room,65,4,75,4,65,75,Writer's Cramp,Charlie Horse,100
Spare Ribs,2,3,0,1,5,NA,NA,TRUE,111,111,Group 1,3,1,FALSE,Spare Ribs,9/23/26 17:49,111,Criminal Justice,18,Junior,No,No,Right,NA,Yes,8,Yes,No,Yes,A while ago,2,8,5,No,8,Writer's Cramp,6,6,5,No,6,Charlie Horse,Sitting up,NA,Evening,Pace Study Room,65,4,75,4,65,75,Writer's Cramp,Charlie Horse,100
Wrenched Ankle,3,12,0,4,9,NA,NA,TRUE,111,111,Group 1,12,4,FALSE,Wrenched Ankle,9/23/26 17:49,111,Criminal Justice,18,Junior,No,No,Right,NA,Yes,8,Yes,No,Yes,A while ago,2,8,5,No,8,Writer's Cramp,6,6,5,No,6,Charlie Horse,Sitting up,NA,Evening,Pace Study Room,65,4,75,4,65,75,Writer's Cramp,Charlie Horse,100
Brain Freeze,4,6,0,1,5,NA,NA,TRUE,111,111,Group 1,6,1,FALSE,Brain Freeze,9/23/26 17:49,111,Criminal Justice,18,Junior,No,No,Right,NA,Yes,8,Yes,No,Yes,A while ago,2,8,5,No,8,Writer's Cramp,6,6,5,No,6,Charlie Horse,Sitting up,NA,Evening,Pace Study Room,65,4,75,4,65,75,Writer's Cramp,Charlie Horse,100
Bread Basket,5,4,0,0,1,NA,NA,TRUE,111,111,Group 1,4,0,FALSE,Bread Basket,9/23/26 17:49,111,Criminal Justice,18,Junior,No,No,Right,NA,Yes,8,Yes,No,Yes,A while ago,2,8,5,No,8,Writer's Cramp,6,6,5,No,6,Charlie Horse,Sitting up,NA,Evening,Pace Study Room,65,4,75,4,65,75,Writer's Cramp,Charlie Horse,100
Water on the Knee,6,2,0,1,1,NA,NA,TRUE,111,111,Group 1,2,1,FALSE,Water on the Knee,9/23/26 17:49,111,Criminal Justice,18,Junior,No,No,Right,NA,Yes,8,Yes,No,Yes,A while ago,2,8,5,No,8,Writer's Cramp,6,6,5,No,6,Charlie Horse,Sitting up,NA,Evening,Pace Study Room,65,4,75,4,65,75,Writer's Cramp,Charlie Horse,100
Anklebone Connected to the Knee Bone,7,8,0,0,3,NA,NA,TRUE,111,111,Group 1,8,0,FALSE,Anklebone,9/23/26 17:49,111,Criminal Justice,18,Junior,No,No,Right,NA,Yes,8,Yes,No,Yes,A while ago,2,8,5,No,8,Writer's Cramp,6,6,5,No,6,Charlie Horse,Sitting up,NA,Evening,Pace Study Room,65,4,75,4,65,75,Writer's Cramp,Charlie Horse,100
Adam's Apple,8,3,0,1,3,NA,NA,TRUE,111,111,Group 1,3,1,FALSE,Adam's Apple,9/23/26 17:49,111,Criminal Justice,18,Junior,No,No,Right,NA,Yes,8,Yes,No,Yes,A while ago,2,8,5,No,8,Writer's Cramp,6,6,5,No,6,Charlie Horse,Sitting up,NA,Evening,Pace Study Room,65,4,75,4,65,75,Writer's Cramp,Charlie Horse,100
Charlie Horse,9,23,0,8,10,NA,NA,FALSE,111,111,Group 1,23,8,FALSE,Charlie Horse,9/23/26 17:49,111,Criminal Justice,18,Junior,No,No,Right,NA,Yes,8,Yes,No,Yes,A while ago,2,8,5,No,8,Writer's Cramp,6,6,5,No,6,Charlie Horse,Sitting up,NA,Evening,Pace Study Room,65,4,75,4,65,75,Writer's Cramp,Charlie Horse,100
Funny Bone,10,7,0,2,4,NA,NA,TRUE,111,111,Group 1,7,2,FALSE,Funny Bone,9/23/26 17:49,111,Criminal Justice,18,Junior,No,No,Right,NA,Yes,8,Yes,No,Yes,A while ago,2,8,5,No,8,Writer's Cramp,6,6,5,No,6,Charlie Horse,Sitting up,NA,Evening,Pace Study Room,65,4,75,4,65,75,Writer's Cramp,Charlie Horse,100
Writer's Cramp,11,2,0,2,5,NA,NA,TRUE,111,111,Group 1,2,2,FALSE,Writer's Cramp,9/23/26 17:49,111,Criminal Justice,18,Junior,No,No,Right,NA,Yes,8,Yes,No,Yes,A while ago,2,8,5,No,8,Writer's Cramp,6,6,5,No,6,Charlie Horse,Sitting up,NA,Evening,Pace Study Room,65,4,75,4,65,75,Writer's Cramp,Charlie Horse,100
Wishbone,12,12,0,12,10,NA,NA,FALSE,111,111,Group 1,12,12,FALSE,Wishbone,9/23/26 17:49,111,Criminal Justice,18,Junior,No,No,Right,NA,Yes,8,Yes,No,Yes,A while ago,2,8,5,No,8,Writer's Cramp,6,6,5,No,6,Charlie Horse,Sitting up,NA,Evening,Pace Study Room,65,4,75,4,65,75,Writer's Cramp,Charlie Horse,100
Broken Heart,13,10,0,2,4,NA,NA,TRUE,111,111,Group 1,10,2,FALSE,Broken heart,9/23/26 17:49,111,Criminal Justice,18,Junior,No,No,Right,NA,Yes,8,Yes,No,Yes,A while ago,2,8,5,No,8,Writer's Cramp,6,6,5,No,6,Charlie Horse,Sitting up,NA,Evening,Pace Study Room,65,4,75,4,65,75,Writer's Cramp,Charlie Horse,100
Spare Ribs,1,4,0,1,3,NA,NA,TRUE,112,112,Group 1,4,1,FALSE,Spare ribs,9/23/26 18:08,112,Marine Biology,18,Freshman,No,No,Right,NA,Yes,6,Yes,No,Yes,A while ago,8,2,4,Yes,4,Wishbone,3,1,2,Yes,8,Charlie Horse,Sitting up,NA,Evening,Pace Study Lounge,65,4,75,4,65,75,Wishbone,Charlie Horse,151
Wrenched Ankle,2,33,4,12,10,NA,NA,FALSE,112,112,Group 1,33,12,FALSE,Wrenched Ankle,9/23/26 18:08,112,Marine Biology,18,Freshman,No,No,Right,NA,Yes,6,Yes,No,Yes,A while ago,8,2,4,Yes,4,Wishbone,3,1,2,Yes,8,Charlie Horse,Sitting up,NA,Evening,Pace Study Lounge,65,4,75,4,65,75,Wishbone,Charlie Horse,151
Anklebone Connected to the Knee Bone,3,3,0,0,2,NA,NA,TRUE,112,112,Group 1,3,0,FALSE,Anklebone,9/23/26 18:08,112,Marine Biology,18,Freshman,No,No,Right,NA,Yes,6,Yes,No,Yes,A while ago,8,2,4,Yes,4,Wishbone,3,1,2,Yes,8,Charlie Horse,Sitting up,NA,Evening,Pace Study Lounge,65,4,75,4,65,75,Wishbone,Charlie Horse,151
Adam's Apple,4,4,0,0,1,NA,NA,TRUE,112,112,Group 1,4,0,FALSE,Adam's Apple,9/23/26 18:08,112,Marine Biology,18,Freshman,No,No,Right,NA,Yes,6,Yes,No,Yes,A while ago,8,2,4,Yes,4,Wishbone,3,1,2,Yes,8,Charlie Horse,Sitting up,NA,Evening,Pace Study Lounge,65,4,75,4,65,75,Wishbone,Charlie Horse,151
Wishbone,5,8,1,2,5,NA,NA,TRUE,112,112,Group 1,8,2,FALSE,Wishbone,9/23/26 18:08,112,Marine Biology,18,Freshman,No,No,Right,NA,Yes,6,Yes,No,Yes,A while ago,8,2,4,Yes,4,Wishbone,3,1,2,Yes,8,Charlie Horse,Sitting up,NA,Evening,Pace Study Lounge,65,4,75,4,65,75,Wishbone,Charlie Horse,151
Brain Freeze,6,3,0,0,1,NA,NA,TRUE,112,112,Group 1,3,0,FALSE,Brain Freeze,9/23/26 18:08,112,Marine Biology,18,Freshman,No,No,Right,NA,Yes,6,Yes,No,Yes,A while ago,8,2,4,Yes,4,Wishbone,3,1,2,Yes,8,Charlie Horse,Sitting up,NA,Evening,Pace Study Lounge,65,4,75,4,65,75,Wishbone,Charlie Horse,151
Butterflies in the Stomach,7,8,2,2,5,NA,NA,TRUE,112,112,Group 1,8,2,FALSE,Butterflies,9/23/26 18:08,112,Marine Biology,18,Freshman,No,No,Right,NA,Yes,6,Yes,No,Yes,A while ago,8,2,4,Yes,4,Wishbone,3,1,2,Yes,8,Charlie Horse,Sitting up,NA,Evening,Pace Study Lounge,65,4,75,4,65,75,Wishbone,Charlie Horse,151
Broken Heart,8,11,0,2,5,NA,NA,TRUE,112,112,Group 1,11,2,FALSE,Broken Heart,9/23/26 18:08,112,Marine Biology,18,Freshman,No,No,Right,NA,Yes,6,Yes,No,Yes,A while ago,8,2,4,Yes,4,Wishbone,3,1,2,Yes,8,Charlie Horse,Sitting up,NA,Evening,Pace Study Lounge,65,4,75,4,65,75,Wishbone,Charlie Horse,151
Bread Basket,9,2,0,0,1,NA,NA,TRUE,112,112,Group 1,2,0,FALSE,Bread Basket,9/23/26 18:08,112,Marine Biology,18,Freshman,No,No,Right,NA,Yes,6,Yes,No,Yes,A while ago,8,2,4,Yes,4,Wishbone,3,1,2,Yes,8,Charlie Horse,Sitting up,NA,Evening,Pace Study Lounge,65,4,75,4,65,75,Wishbone,Charlie Horse,151
Water on the Knee,10,3,1,0,3,NA,NA,TRUE,112,112,Group 1,3,0,FALSE,Water on the Knee,9/23/26 18:08,112,Marine Biology,18,Freshman,No,No,Right,NA,Yes,6,Yes,No,Yes,A while ago,8,2,4,Yes,4,Wishbone,3,1,2,Yes,8,Charlie Horse,Sitting up,NA,Evening,Pace Study Lounge,65,4,75,4,65,75,Wishbone,Charlie Horse,151
Charlie Horse,11,60,0,15,10,quit,NA,FALSE,112,112,Group 1,60,15,FALSE,Charlie Horse,9/23/26 18:08,112,Marine Biology,18,Freshman,No,No,Right,NA,Yes,6,Yes,No,Yes,A while ago,8,2,4,Yes,4,Wishbone,3,1,2,Yes,8,Charlie Horse,Sitting up,NA,Evening,Pace Study Lounge,65,4,75,4,65,75,Wishbone,Charlie Horse,151
Funny Bone,12,3,0,1,3,NA,NA,TRUE,112,112,Group 1,3,1,FALSE,Funny Bone,9/23/26 18:08,112,Marine Biology,18,Freshman,No,No,Right,NA,Yes,6,Yes,No,Yes,A while ago,8,2,4,Yes,4,Wishbone,3,1,2,Yes,8,Charlie Horse,Sitting up,NA,Evening,Pace Study Lounge,65,4,75,4,65,75,Wishbone,Charlie Horse,151
Writer's Cramp,13,9,0,6,8,NA,NA,FALSE,112,112,Group 1,9,6,FALSE,Writers Cramp,9/23/26 18:08,112,Marine Biology,18,Freshman,No,No,Right,NA,Yes,6,Yes,No,Yes,A while ago,8,2,4,Yes,4,Wishbone,3,1,2,Yes,8,Charlie Horse,Sitting up,NA,Evening,Pace Study Lounge,65,4,75,4,65,75,Wishbone,Charlie Horse,151
Spare Ribs,1,5,0,0,1,NA,sitting,TRUE,113,113,Group 1,5,0,FALSE,Spare ribs,9/23/26 18:46,113,Legal Studies,18,Junior,No,No,Right,NA,Yes,7,Yes,No,Yes,A long time ago,6,2,4,Yes,8,Charlie Horse,10,2,5,Yes,5,Charlie Horse,Varied,NA,Evening,Pace Study Lounge,65,4,75,4,65,75,Charlie Horse,Charlie Horse,169
Wishbone,2,38,3,12,8,NA,sitting,FALSE,113,113,Group 1,38,12,FALSE,Wishbone,9/23/26 18:46,113,Legal Studies,18,Junior,No,No,Right,NA,Yes,7,Yes,No,Yes,A long time ago,6,2,4,Yes,8,Charlie Horse,10,2,5,Yes,5,Charlie Horse,Varied,NA,Evening,Pace Study Lounge,65,4,75,4,65,75,Charlie Horse,Charlie Horse,169
Writer's Cramp,3,7,0,0,1,NA,standing,TRUE,113,113,Group 1,7,0,FALSE,writers cramp,9/23/26 18:46,113,Legal Studies,18,Junior,No,No,Right,NA,Yes,7,Yes,No,Yes,A long time ago,6,2,4,Yes,8,Charlie Horse,10,2,5,Yes,5,Charlie Horse,Varied,NA,Evening,Pace Study Lounge,65,4,75,4,65,75,Charlie Horse,Charlie Horse,169
Funny Bone,4,7,0,0,1,NA,standing,TRUE,113,113,Group 1,7,0,FALSE,Funny bone,9/23/26 18:46,113,Legal Studies,18,Junior,No,No,Right,NA,Yes,7,Yes,No,Yes,A long time ago,6,2,4,Yes,8,Charlie Horse,10,2,5,Yes,5,Charlie Horse,Varied,NA,Evening,Pace Study Lounge,65,4,75,4,65,75,Charlie Horse,Charlie Horse,169
Brain Freeze,5,3,0,0,1,NA,standing,TRUE,113,113,Group 1,3,0,FALSE,Brain freeze,9/23/26 18:46,113,Legal Studies,18,Junior,No,No,Right,NA,Yes,7,Yes,No,Yes,A long time ago,6,2,4,Yes,8,Charlie Horse,10,2,5,Yes,5,Charlie Horse,Varied,NA,Evening,Pace Study Lounge,65,4,75,4,65,75,Charlie Horse,Charlie Horse,169
Adam's Apple,6,6,0,1,3,NA,standing,TRUE,113,113,Group 1,6,1,FALSE,adam's apple,9/23/26 18:46,113,Legal Studies,18,Junior,No,No,Right,NA,Yes,7,Yes,No,Yes,A long time ago,6,2,4,Yes,8,Charlie Horse,10,2,5,Yes,5,Charlie Horse,Varied,NA,Evening,Pace Study Lounge,65,4,75,4,65,75,Charlie Horse,Charlie Horse,169
Charlie Horse,7,44,3,19,10,NA,standing,FALSE,113,113,Group 1,44,19,FALSE,Charlie Horse,9/23/26 18:46,113,Legal Studies,18,Junior,No,No,Right,NA,Yes,7,Yes,No,Yes,A long time ago,6,2,4,Yes,8,Charlie Horse,10,2,5,Yes,5,Charlie Horse,Varied,NA,Evening,Pace Study Lounge,65,4,75,4,65,75,Charlie Horse,Charlie Horse,169
Broken Heart,8,27,0,4,8,NA,standing,TRUE,113,113,Group 1,27,4,FALSE,Broken Heart,9/23/26 18:46,113,Legal Studies,18,Junior,No,No,Right,NA,Yes,7,Yes,No,Yes,A long time ago,6,2,4,Yes,8,Charlie Horse,10,2,5,Yes,5,Charlie Horse,Varied,NA,Evening,Pace Study Lounge,65,4,75,4,65,75,Charlie Horse,Charlie Horse,169
Butterflies in the Stomach,9,7,0,0,1,NA,standing,TRUE,113,113,Group 1,7,0,FALSE,Butterflies,9/23/26 18:46,113,Legal Studies,18,Junior,No,No,Right,NA,Yes,7,Yes,No,Yes,A long time ago,6,2,4,Yes,8,Charlie Horse,10,2,5,Yes,5,Charlie Horse,Varied,NA,Evening,Pace Study Lounge,65,4,75,4,65,75,Charlie Horse,Charlie Horse,169
Water on the Knee,10,4,0,0,2,NA,standing,TRUE,113,113,Group 1,4,0,FALSE,Water on the Knee,9/23/26 18:46,113,Legal Studies,18,Junior,No,No,Right,NA,Yes,7,Yes,No,Yes,A long time ago,6,2,4,Yes,8,Charlie Horse,10,2,5,Yes,5,Charlie Horse,Varied,NA,Evening,Pace Study Lounge,65,4,75,4,65,75,Charlie Horse,Charlie Horse,169
Anklebone Connected to the Knee Bone,11,4,0,0,1,NA,sitting,TRUE,113,113,Group 1,4,0,FALSE,Anklebone,9/23/26 18:46,113,Legal Studies,18,Junior,No,No,Right,NA,Yes,7,Yes,No,Yes,A long time ago,6,2,4,Yes,8,Charlie Horse,10,2,5,Yes,5,Charlie Horse,Varied,NA,Evening,Pace Study Lounge,65,4,75,4,65,75,Charlie Horse,Charlie Horse,169
Wrenched Ankle,12,13,1,2,2,NA,standing,TRUE,113,113,Group 1,13,2,FALSE,wrenched ankle,9/23/26 18:46,113,Legal Studies,18,Junior,No,No,Right,NA,Yes,7,Yes,No,Yes,A long time ago,6,2,4,Yes,8,Charlie Horse,10,2,5,Yes,5,Charlie Horse,Varied,NA,Evening,Pace Study Lounge,65,4,75,4,65,75,Charlie Horse,Charlie Horse,169
Bread Basket,13,4,0,0,1,NA,standing,TRUE,113,113,Group 1,4,0,FALSE,bread basket,9/23/26 18:46,113,Legal Studies,18,Junior,No,No,Right,NA,Yes,7,Yes,No,Yes,A long time ago,6,2,4,Yes,8,Charlie Horse,10,2,5,Yes,5,Charlie Horse,Varied,NA,Evening,Pace Study Lounge,65,4,75,4,65,75,Charlie Horse,Charlie Horse,169
Charlie Horse,1,71.3,0,3,8,NA,sitting,TRUE,114,114,Group 1,71.3,3,FALSE,Charlie Horse,9/26/26 0:20,114,NA,25,Not a Student,No,Yes,Right,18,No,5,Yes,Yes,Yes,A long time ago,7,3,5,Yes,4,Writer's Cramp,6,4,7,Yes,5,Spare Ribs,"Sitting, hunched over",NA,Late night,House,30,4,70,4,30,70,Writer's Cramp,Spare Ribs,427.8
Bread Basket,2,8.2,0,0,1,NA,sitting,TRUE,114,114,Group 1,8.1999999999999993,0,FALSE,Bread Basket,9/26/26 0:20,114,NA,25,Not a Student,No,Yes,Right,18,No,5,Yes,Yes,Yes,A long time ago,7,3,5,Yes,4,Writer's Cramp,6,4,7,Yes,5,Spare Ribs,"Sitting, hunched over",NA,Late night,House,30,4,70,4,30,70,Writer's Cramp,Spare Ribs,427.8
Water on the Knee,3,13.3,1,0,2,NA,sitting,TRUE,114,114,Group 1,13.3,0,FALSE,Water on Knee,9/26/26 0:20,114,NA,25,Not a Student,No,Yes,Right,18,No,5,Yes,Yes,Yes,A long time ago,7,3,5,Yes,4,Writer's Cramp,6,4,7,Yes,5,Spare Ribs,"Sitting, hunched over",NA,Late night,House,30,4,70,4,30,70,Writer's Cramp,Spare Ribs,427.8
Wrenched Ankle,4,87.4,1,2,7,NA,sitting,TRUE,114,114,Group 1,87.4,2,FALSE,Wrenched Ankle,9/26/26 0:20,114,NA,25,Not a Student,No,Yes,Right,18,No,5,Yes,Yes,Yes,A long time ago,7,3,5,Yes,4,Writer's Cramp,6,4,7,Yes,5,Spare Ribs,"Sitting, hunched over",NA,Late night,House,30,4,70,4,30,70,Writer's Cramp,Spare Ribs,427.8
Spare Ribs,5,67.4,0,0,10,NA,sitting,TRUE,114,114,Group 1,67.400000000000006,0,FALSE,Spare Ribs,9/26/26 0:20,114,NA,25,Not a Student,No,Yes,Right,18,No,5,Yes,Yes,Yes,A long time ago,7,3,5,Yes,4,Writer's Cramp,6,4,7,Yes,5,Spare Ribs,"Sitting, hunched over",NA,Late night,House,30,4,70,4,30,70,Writer's Cramp,Spare Ribs,427.8
Broken Heart,6,92.1,1,2,7,NA,sitting,TRUE,114,114,Group 1,92.1,2,FALSE,Broken Heart,9/26/26 0:20,114,NA,25,Not a Student,No,Yes,Right,18,No,5,Yes,Yes,Yes,A long time ago,7,3,5,Yes,4,Writer's Cramp,6,4,7,Yes,5,Spare Ribs,"Sitting, hunched over",NA,Late night,House,30,4,70,4,30,70,Writer's Cramp,Spare Ribs,427.8
Anklebone Connected to the Knee Bone,7,4.9,0,0,1,Says 0/10,sitting,TRUE,114,114,Group 1,4.9000000000000004,0,FALSE,Anklebone,9/26/26 0:20,114,NA,25,Not a Student,No,Yes,Right,18,No,5,Yes,Yes,Yes,A long time ago,7,3,5,Yes,4,Writer's Cramp,6,4,7,Yes,5,Spare Ribs,"Sitting, hunched over",NA,Late night,House,30,4,70,4,30,70,Writer's Cramp,Spare Ribs,427.8
Writer's Cramp,8,11.8,0,0,2,NA,sitting,TRUE,114,114,Group 1,11.8,0,FALSE,Writer's Cramp,9/26/26 0:20,114,NA,25,Not a Student,No,Yes,Right,18,No,5,Yes,Yes,Yes,A long time ago,7,3,5,Yes,4,Writer's Cramp,6,4,7,Yes,5,Spare Ribs,"Sitting, hunched over",NA,Late night,House,30,4,70,4,30,70,Writer's Cramp,Spare Ribs,427.8
Brain Freeze,9,5.6,0,0,2,NA,sitting,TRUE,114,114,Group 1,5.6,0,FALSE,Brain Freeze,9/26/26 0:20,114,NA,25,Not a Student,No,Yes,Right,18,No,5,Yes,Yes,Yes,A long time ago,7,3,5,Yes,4,Writer's Cramp,6,4,7,Yes,5,Spare Ribs,"Sitting, hunched over",NA,Late night,House,30,4,70,4,30,70,Writer's Cramp,Spare Ribs,427.8
Wishbone,10,41.2,0,2,5,Participant put on headphones after this piece,sitting,TRUE,114,114,Group 1,41.2,2,FALSE,Wishbone,9/26/26 0:20,114,NA,25,Not a Student,No,Yes,Right,18,No,5,Yes,Yes,Yes,A long time ago,7,3,5,Yes,4,Writer's Cramp,6,4,7,Yes,5,Spare Ribs,"Sitting, hunched over",NA,Late night,House,30,4,70,4,30,70,Writer's Cramp,Spare Ribs,427.8
Adam's Apple,11,10.8,0,0,2,NA,sitting,TRUE,114,114,Group 1,10.8,0,FALSE,Adam's Apple,9/26/26 0:20,114,NA,25,Not a Student,No,Yes,Right,18,No,5,Yes,Yes,Yes,A long time ago,7,3,5,Yes,4,Writer's Cramp,6,4,7,Yes,5,Spare Ribs,"Sitting, hunched over",NA,Late night,House,30,4,70,4,30,70,Writer's Cramp,Spare Ribs,427.8
Butterflies in the Stomach,12,7.5,0,0,2,NA,sitting,TRUE,114,114,Group 1,7.5,0,FALSE,Butterflies,9/26/26 0:20,114,NA,25,Not a Student,No,Yes,Right,18,No,5,Yes,Yes,Yes,A long time ago,7,3,5,Yes,4,Writer's Cramp,6,4,7,Yes,5,Spare Ribs,"Sitting, hunched over",NA,Late night,House,30,4,70,4,30,70,Writer's Cramp,Spare Ribs,427.8
Funny Bone,13,6.3,0,0,1,NA,sitting,TRUE,114,114,Group 1,6.3,0,FALSE,Funny Bone,9/26/26 0:20,114,NA,25,Not a Student,No,Yes,Right,18,No,5,Yes,Yes,Yes,A long time ago,7,3,5,Yes,4,Writer's Cramp,6,4,7,Yes,5,Spare Ribs,"Sitting, hunched over",NA,Late night,House,30,4,70,4,30,70,Writer's Cramp,Spare Ribs,427.8
Water on the Knee,1,4.6,0,0,1,NA,sitting,TRUE,115,115,Group 1,4.5999999999999996,0,FALSE,Water on Knee,9/30/26 18:26,115,Environmental Science,20,Junior,Yes,No,Right,16.5,Yes,11,No,No,Yes,A long time ago,6,4,4,Yes,2,Charlie Horse,3,8,7,Yes,5,Wishbone,"Sitting, hunched over",NA,6:10PM,Commons Gameroom,50,4,75,4,50,75,Charlie Horse,Wishbone,350.49999999999994
Writer's Cramp,2,22.6,0,4,7,NA,sitting,TRUE,115,115,Group 1,22.6,4,FALSE,Writer's Cramp,9/30/26 18:26,115,Environmental Science,20,Junior,Yes,No,Right,16.5,Yes,11,No,No,Yes,A long time ago,6,4,4,Yes,2,Charlie Horse,3,8,7,Yes,5,Wishbone,"Sitting, hunched over",NA,6:10PM,Commons Gameroom,50,4,75,4,50,75,Charlie Horse,Wishbone,350.49999999999994
Anklebone Connected to the Knee Bone,3,17.4,0,0,3,NA,sitting,TRUE,115,115,Group 1,17.399999999999999,0,FALSE,Anklebone,9/30/26 18:26,115,Environmental Science,20,Junior,Yes,No,Right,16.5,Yes,11,No,No,Yes,A long time ago,6,4,4,Yes,2,Charlie Horse,3,8,7,Yes,5,Wishbone,"Sitting, hunched over",NA,6:10PM,Commons Gameroom,50,4,75,4,50,75,Charlie Horse,Wishbone,350.49999999999994
Adam's Apple,4,30.3,0,0,2,NA,sitting,TRUE,115,115,Group 1,30.3,0,FALSE,Adam's Apple,9/30/26 18:26,115,Environmental Science,20,Junior,Yes,No,Right,16.5,Yes,11,No,No,Yes,A long time ago,6,4,4,Yes,2,Charlie Horse,3,8,7,Yes,5,Wishbone,"Sitting, hunched over",NA,6:10PM,Commons Gameroom,50,4,75,4,50,75,Charlie Horse,Wishbone,350.49999999999994
Spare Ribs,5,9.4,0,2,2,NA,sitting,TRUE,115,115,Group 1,9.4,2,FALSE,Spare Ribs,9/30/26 18:26,115,Environmental Science,20,Junior,Yes,No,Right,16.5,Yes,11,No,No,Yes,A long time ago,6,4,4,Yes,2,Charlie Horse,3,8,7,Yes,5,Wishbone,"Sitting, hunched over",NA,6:10PM,Commons Gameroom,50,4,75,4,50,75,Charlie Horse,Wishbone,350.49999999999994
Wrenched Ankle,6,93,8,2,7,NA,sitting,TRUE,115,115,Group 1,1:33.0,2,FALSE,Wrenched Ankle,9/30/26 18:26,115,Environmental Science,20,Junior,Yes,No,Right,16.5,Yes,11,No,No,Yes,A long time ago,6,4,4,Yes,2,Charlie Horse,3,8,7,Yes,5,Wishbone,"Sitting, hunched over",NA,6:10PM,Commons Gameroom,50,4,75,4,50,75,Charlie Horse,Wishbone,350.49999999999994
Wishbone,7,94,1,4,8,NA,sitting,TRUE,115,115,Group 1,1:34.0,4,FALSE,Wish Bone,9/30/26 18:26,115,Environmental Science,20,Junior,Yes,No,Right,16.5,Yes,11,No,No,Yes,A long time ago,6,4,4,Yes,2,Charlie Horse,3,8,7,Yes,5,Wishbone,"Sitting, hunched over",NA,6:10PM,Commons Gameroom,50,4,75,4,50,75,Charlie Horse,Wishbone,350.49999999999994
Brain Freeze,8,6.9,0,0,1,Participant claims 0/10 difficulty,standing,TRUE,115,115,Group 1,6.9,0,FALSE,Brain Freeze,9/30/26 18:26,115,Environmental Science,20,Junior,Yes,No,Right,16.5,Yes,11,No,No,Yes,A long time ago,6,4,4,Yes,2,Charlie Horse,3,8,7,Yes,5,Wishbone,"Sitting, hunched over",NA,6:10PM,Commons Gameroom,50,4,75,4,50,75,Charlie Horse,Wishbone,350.49999999999994
Broken Heart,9,30.5,0,1,4,NA,sitting,TRUE,115,115,Group 1,30.5,1,FALSE,Broken Heart,9/30/26 18:26,115,Environmental Science,20,Junior,Yes,No,Right,16.5,Yes,11,No,No,Yes,A long time ago,6,4,4,Yes,2,Charlie Horse,3,8,7,Yes,5,Wishbone,"Sitting, hunched over",NA,6:10PM,Commons Gameroom,50,4,75,4,50,75,Charlie Horse,Wishbone,350.49999999999994
Bread Basket,10,4.2,0,0,1,Participant claims 0/10 difficulty,sitting,TRUE,115,115,Group 1,4.2,0,FALSE,Bread Basket,9/30/26 18:26,115,Environmental Science,20,Junior,Yes,No,Right,16.5,Yes,11,No,No,Yes,A long time ago,6,4,4,Yes,2,Charlie Horse,3,8,7,Yes,5,Wishbone,"Sitting, hunched over",NA,6:10PM,Commons Gameroom,50,4,75,4,50,75,Charlie Horse,Wishbone,350.49999999999994
Butterflies in the Stomach,11,5.4,0,0,1,Participant claims 0/10 difficulty,sitting,TRUE,115,115,Group 1,5.4,0,FALSE,Butterflies,9/30/26 18:26,115,Environmental Science,20,Junior,Yes,No,Right,16.5,Yes,11,No,No,Yes,A long time ago,6,4,4,Yes,2,Charlie Horse,3,8,7,Yes,5,Wishbone,"Sitting, hunched over",NA,6:10PM,Commons Gameroom,50,4,75,4,50,75,Charlie Horse,Wishbone,350.49999999999994
Funny Bone,12,18,0,1,2,NA,sitting,TRUE,115,115,Group 1,18,1,FALSE,Funny Bone,9/30/26 18:26,115,Environmental Science,20,Junior,Yes,No,Right,16.5,Yes,11,No,No,Yes,A long time ago,6,4,4,Yes,2,Charlie Horse,3,8,7,Yes,5,Wishbone,"Sitting, hunched over",NA,6:10PM,Commons Gameroom,50,4,75,4,50,75,Charlie Horse,Wishbone,350.49999999999994
Charlie Horse,13,14.2,0,0,4,NA,sitting,TRUE,115,115,Group 1,14.2,0,FALSE,Charlie Horse,9/30/26 18:26,115,Environmental Science,20,Junior,Yes,No,Right,16.5,Yes,11,No,No,Yes,A long time ago,6,4,4,Yes,2,Charlie Horse,3,8,7,Yes,5,Wishbone,"Sitting, hunched over",NA,6:10PM,Commons Gameroom,50,4,75,4,50,75,Charlie Horse,Wishbone,350.49999999999994
Spare Ribs,1,4.35,0,0,1,NA,sitting or standing,TRUE,COPY OF TEMPLATE,Copy of Template,Group 2,4.35,0.0,FALSE,spare ribs,NA,NA,NA,NA,NA,NA,NA,NA,NA,NA,NA,NA,NA,NA,NA,NA,NA,NA,NA,NA,NA,NA,NA,NA,NA,NA,NA,NA,NA,NA,NA,NA,NA,NA,NA,NA,NA,NA,NA,102.13
Brain Freeze,2,1.71,0,0,1,NA,NA,TRUE,COPY OF TEMPLATE,Copy of Template,Group 2,1.71,0.0,FALSE,brain freeze,NA,NA,NA,NA,NA,NA,NA,NA,NA,NA,NA,NA,NA,NA,NA,NA,NA,NA,NA,NA,NA,NA,NA,NA,NA,NA,NA,NA,NA,NA,NA,NA,NA,NA,NA,NA,NA,NA,NA,102.13
Wishbone,3,7,0,2,3,NA,NA,TRUE,COPY OF TEMPLATE,Copy of Template,Group 2,7.0,2.0,FALSE,wishbone,NA,NA,NA,NA,NA,NA,NA,NA,NA,NA,NA,NA,NA,NA,NA,NA,NA,NA,NA,NA,NA,NA,NA,NA,NA,NA,NA,NA,NA,NA,NA,NA,NA,NA,NA,NA,NA,NA,NA,102.13
Bread Basket,4,3.6,0,0,1,NA,NA,TRUE,COPY OF TEMPLATE,Copy of Template,Group 2,3.6,0.0,FALSE,bread basket,NA,NA,NA,NA,NA,NA,NA,NA,NA,NA,NA,NA,NA,NA,NA,NA,NA,NA,NA,NA,NA,NA,NA,NA,NA,NA,NA,NA,NA,NA,NA,NA,NA,NA,NA,NA,NA,NA,NA,102.13
Charlie Horse,5,32,3,7,7,NA,NA,FALSE,COPY OF TEMPLATE,Copy of Template,Group 2,32.0,7.0,FALSE,charlie horse,NA,NA,NA,NA,NA,NA,NA,NA,NA,NA,NA,NA,NA,NA,NA,NA,NA,NA,NA,NA,NA,NA,NA,NA,NA,NA,NA,NA,NA,NA,NA,NA,NA,NA,NA,NA,NA,NA,NA,102.13
Broken Heart,6,4.31,0,0,1,NA,NA,TRUE,COPY OF TEMPLATE,Copy of Template,Group 2,4.31,0.0,FALSE,broken heart,NA,NA,NA,NA,NA,NA,NA,NA,NA,NA,NA,NA,NA,NA,NA,NA,NA,NA,NA,NA,NA,NA,NA,NA,NA,NA,NA,NA,NA,NA,NA,NA,NA,NA,NA,NA,NA,NA,NA,102.13
Writer's Cramp,7,5.96,0,0,1,NA,NA,TRUE,COPY OF TEMPLATE,Copy of Template,Group 2,5.96,0.0,FALSE,writers cramp,NA,NA,NA,NA,NA,NA,NA,NA,NA,NA,NA,NA,NA,NA,NA,NA,NA,NA,NA,NA,NA,NA,NA,NA,NA,NA,NA,NA,NA,NA,NA,NA,NA,NA,NA,NA,NA,NA,NA,102.13
Wrenched Ankle,8,11.85,0,1,3,NA,NA,TRUE,COPY OF TEMPLATE,Copy of Template,Group 2,11.85,1.0,FALSE,wrenched ankle,NA,NA,NA,NA,NA,NA,NA,NA,NA,NA,NA,NA,NA,NA,NA,NA,NA,NA,NA,NA,NA,NA,NA,NA,NA,NA,NA,NA,NA,NA,NA,NA,NA,NA,NA,NA,NA,NA,NA,102.13
Funny Bone,9,13.17,0,1,2,NA,NA,TRUE,COPY OF TEMPLATE,Copy of Template,Group 2,13.17,1.0,FALSE,funny bone,NA,NA,NA,NA,NA,NA,NA,NA,NA,NA,NA,NA,NA,NA,NA,NA,NA,NA,NA,NA,NA,NA,NA,NA,NA,NA,NA,NA,NA,NA,NA,NA,NA,NA,NA,NA,NA,NA,NA,102.13
Adam's Apple,10,5.55,0,0,1,NA,NA,TRUE,COPY OF TEMPLATE,Copy of Template,Group 2,5.55,0.0,FALSE,adams apple,NA,NA,NA,NA,NA,NA,NA,NA,NA,NA,NA,NA,NA,NA,NA,NA,NA,NA,NA,NA,NA,NA,NA,NA,NA,NA,NA,NA,NA,NA,NA,NA,NA,NA,NA,NA,NA,NA,NA,102.13
Anklebone Connected to the Knee Bone,11,1.6,0,0,1,NA,NA,TRUE,COPY OF TEMPLATE,Copy of Template,Group 2,1.6,0.0,FALSE,anklebone connected to knee,NA,NA,NA,NA,NA,NA,NA,NA,NA,NA,NA,NA,NA,NA,NA,NA,NA,NA,NA,NA,NA,NA,NA,NA,NA,NA,NA,NA,NA,NA,NA,NA,NA,NA,NA,NA,NA,NA,NA,102.13
Water on the Knee,12,3.98,1,2,1,NA,NA,TRUE,COPY OF TEMPLATE,Copy of Template,Group 2,3.98,2.0,FALSE,water on the knee,NA,NA,NA,NA,NA,NA,NA,NA,NA,NA,NA,NA,NA,NA,NA,NA,NA,NA,NA,NA,NA,NA,NA,NA,NA,NA,NA,NA,NA,NA,NA,NA,NA,NA,NA,NA,NA,NA,NA,102.13
Butterflies in the Stomach,13,7.05,0,0,1,NA,NA,TRUE,COPY OF TEMPLATE,Copy of Template,Group 2,7.05,0.0,FALSE,butterflies in the stomach,NA,NA,NA,NA,NA,NA,NA,NA,NA,NA,NA,NA,NA,NA,NA,NA,NA,NA,NA,NA,NA,NA,NA,NA,NA,NA,NA,NA,NA,NA,NA,NA,NA,NA,NA,NA,NA,NA,NA,102.13
Brain Freeze,1,4.22,0,0,1,NA,sitting,TRUE,201,201,Group 2,4.22,0.0,FALSE,Brain Freeze,9/15/26 15:56,201,Mechanical Engineering,22,Senior,Yes,No,Right,NA,Yes,5,No,No,Yes,A long time ago,6,6,1,Yes,4,Anklebone Connected to the Knee Bone,6,5,2,Yes,7,Wishbone,"Sitting, hunched over",NA,3:24,Tutoring Room in Building 4 (Inside),NA,10,NA,10,NA,NA,Ankle Bone,Wishbone,115.94
Charlie Horse,2,14.42,0,7,8,NA,sitting,FALSE,201,201,Group 2,14.42,7.0,FALSE,Charlie Horse,9/15/26 15:56,201,Mechanical Engineering,22,Senior,Yes,No,Right,NA,Yes,5,No,No,Yes,A long time ago,6,6,1,Yes,4,Anklebone Connected to the Knee Bone,6,5,2,Yes,7,Wishbone,"Sitting, hunched over",NA,3:24,Tutoring Room in Building 4 (Inside),NA,10,NA,10,NA,NA,Ankle Bone,Wishbone,115.94
Wishbone,3,43.05,0,10,4,NA,sitting,FALSE,201,201,Group 2,43.05,10.0,FALSE,Wish Bone,9/15/26 15:56,201,Mechanical Engineering,22,Senior,Yes,No,Right,NA,Yes,5,No,No,Yes,A long time ago,6,6,1,Yes,4,Anklebone Connected to the Knee Bone,6,5,2,Yes,7,Wishbone,"Sitting, hunched over",NA,3:24,Tutoring Room in Building 4 (Inside),NA,10,NA,10,NA,NA,Ankle Bone,Wishbone,115.94
Butterflies in the Stomach,4,3.83,0,0,1,NA,sitting,TRUE,201,201,Group 2,3.83,0.0,FALSE,Butterflies in Stomach,9/15/26 15:56,201,Mechanical Engineering,22,Senior,Yes,No,Right,NA,Yes,5,No,No,Yes,A long time ago,6,6,1,Yes,4,Anklebone Connected to the Knee Bone,6,5,2,Yes,7,Wishbone,"Sitting, hunched over",NA,3:24,Tutoring Room in Building 4 (Inside),NA,10,NA,10,NA,NA,Ankle Bone,Wishbone,115.94
Anklebone Connected to the Knee Bone,5,5.75,0,1,4,NA,sitting,TRUE,201,201,Group 2,5.75,1.0,FALSE,Anklebone Connected to the Knee Bone,9/15/26 15:56,201,Mechanical Engineering,22,Senior,Yes,No,Right,NA,Yes,5,No,No,Yes,A long time ago,6,6,1,Yes,4,Anklebone Connected to the Knee Bone,6,5,2,Yes,7,Wishbone,"Sitting, hunched over",NA,3:24,Tutoring Room in Building 4 (Inside),NA,10,NA,10,NA,NA,Ankle Bone,Wishbone,115.94
Funny Bone,6,3.25,0,0,2,NA,sitting,TRUE,201,201,Group 2,3.25,0.0,FALSE,Funny Bone,9/15/26 15:56,201,Mechanical Engineering,22,Senior,Yes,No,Right,NA,Yes,5,No,No,Yes,A long time ago,6,6,1,Yes,4,Anklebone Connected to the Knee Bone,6,5,2,Yes,7,Wishbone,"Sitting, hunched over",NA,3:24,Tutoring Room in Building 4 (Inside),NA,10,NA,10,NA,NA,Ankle Bone,Wishbone,115.94
Adam's Apple,7,3.33,0,3,4,NA,sitting,TRUE,201,201,Group 2,3.33,3.0,FALSE,Adam's Apple,9/15/26 15:56,201,Mechanical Engineering,22,Senior,Yes,No,Right,NA,Yes,5,No,No,Yes,A long time ago,6,6,1,Yes,4,Anklebone Connected to the Knee Bone,6,5,2,Yes,7,Wishbone,"Sitting, hunched over",NA,3:24,Tutoring Room in Building 4 (Inside),NA,10,NA,10,NA,NA,Ankle Bone,Wishbone,115.94
Spare Ribs,8,4.23,0,0,1,NA,sitting,TRUE,201,201,Group 2,4.23,0.0,FALSE,Spare Ribs,9/15/26 15:56,201,Mechanical Engineering,22,Senior,Yes,No,Right,NA,Yes,5,No,No,Yes,A long time ago,6,6,1,Yes,4,Anklebone Connected to the Knee Bone,6,5,2,Yes,7,Wishbone,"Sitting, hunched over",NA,3:24,Tutoring Room in Building 4 (Inside),NA,10,NA,10,NA,NA,Ankle Bone,Wishbone,115.94
Bread Basket,9,2.58,0,0,1,NA,sitting,TRUE,201,201,Group 2,2.58,0.0,FALSE,Bread Basket,9/15/26 15:56,201,Mechanical Engineering,22,Senior,Yes,No,Right,NA,Yes,5,No,No,Yes,A long time ago,6,6,1,Yes,4,Anklebone Connected to the Knee Bone,6,5,2,Yes,7,Wishbone,"Sitting, hunched over",NA,3:24,Tutoring Room in Building 4 (Inside),NA,10,NA,10,NA,NA,Ankle Bone,Wishbone,115.94
Writer's Cramp,10,3.66,0,0,1,NA,sitting,TRUE,201,201,Group 2,3.66,0.0,FALSE,Writer's Cramp,9/15/26 15:56,201,Mechanical Engineering,22,Senior,Yes,No,Right,NA,Yes,5,No,No,Yes,A long time ago,6,6,1,Yes,4,Anklebone Connected to the Knee Bone,6,5,2,Yes,7,Wishbone,"Sitting, hunched over",NA,3:24,Tutoring Room in Building 4 (Inside),NA,10,NA,10,NA,NA,Ankle Bone,Wishbone,115.94
Water on the Knee,11,5.84,2,0,1,NA,sitting,TRUE,201,201,Group 2,5.84,0.0,FALSE,Water on the Knee,9/15/26 15:56,201,Mechanical Engineering,22,Senior,Yes,No,Right,NA,Yes,5,No,No,Yes,A long time ago,6,6,1,Yes,4,Anklebone Connected to the Knee Bone,6,5,2,Yes,7,Wishbone,"Sitting, hunched over",NA,3:24,Tutoring Room in Building 4 (Inside),NA,10,NA,10,NA,NA,Ankle Bone,Wishbone,115.94
Broken Heart,12,8.78,2,4,3,NA,sitting,TRUE,201,201,Group 2,8.78,4.0,FALSE,Broken Heart,9/15/26 15:56,201,Mechanical Engineering,22,Senior,Yes,No,Right,NA,Yes,5,No,No,Yes,A long time ago,6,6,1,Yes,4,Anklebone Connected to the Knee Bone,6,5,2,Yes,7,Wishbone,"Sitting, hunched over",NA,3:24,Tutoring Room in Building 4 (Inside),NA,10,NA,10,NA,NA,Ankle Bone,Wishbone,115.94
Wrenched Ankle,13,13,4,4,3,NA,sitting,TRUE,201,201,Group 2,13.0,4.0,FALSE,Wrenched Ankle,9/15/26 15:56,201,Mechanical Engineering,22,Senior,Yes,No,Right,NA,Yes,5,No,No,Yes,A long time ago,6,6,1,Yes,4,Anklebone Connected to the Knee Bone,6,5,2,Yes,7,Wishbone,"Sitting, hunched over",NA,3:24,Tutoring Room in Building 4 (Inside),NA,10,NA,10,NA,NA,Ankle Bone,Wishbone,115.94
Charlie Horse,1,33.42,4,10,9,NA,sitting,FALSE,202,202,Group 2,33.42,10.0,FALSE,Charlie Horse,9/15/26 16:00,202,Electrical Engineering,22,Senior,Yes,Yes,Right,NA,Yes,6,No,Yes,Yes,A long time ago,4,5,7,Yes,8,Butterflies in the Stomach,7,3,8,Yes,6,Charlie Horse,"Sitting, hunched over",NA,3:41,Tutoring Room Building 4 (Inside),NA,10,NA,10,NA,NA,Butterfly,Charlie Horse,140.03
Funny Bone,2,6.97,0,1,3,NA,sitting,TRUE,202,202,Group 2,6.97,1.0,FALSE,Funny Bone,9/15/26 16:00,202,Electrical Engineering,22,Senior,Yes,Yes,Right,NA,Yes,6,No,Yes,Yes,A long time ago,4,5,7,Yes,8,Butterflies in the Stomach,7,3,8,Yes,6,Charlie Horse,"Sitting, hunched over",NA,3:41,Tutoring Room Building 4 (Inside),NA,10,NA,10,NA,NA,Butterfly,Charlie Horse,140.03
Writer's Cramp,3,7.31,0,0,2,NA,sitting,TRUE,202,202,Group 2,7.31,0.0,FALSE,Writer's Cramp,9/15/26 16:00,202,Electrical Engineering,22,Senior,Yes,Yes,Right,NA,Yes,6,No,Yes,Yes,A long time ago,4,5,7,Yes,8,Butterflies in the Stomach,7,3,8,Yes,6,Charlie Horse,"Sitting, hunched over",NA,3:41,Tutoring Room Building 4 (Inside),NA,10,NA,10,NA,NA,Butterfly,Charlie Horse,140.03
Brain Freeze,4,6.18,1,0,4,NA,sitting,TRUE,202,202,Group 2,6.18,0.0,FALSE,Brain Freeze,9/15/26 16:00,202,Electrical Engineering,22,Senior,Yes,Yes,Right,NA,Yes,6,No,Yes,Yes,A long time ago,4,5,7,Yes,8,Butterflies in the Stomach,7,3,8,Yes,6,Charlie Horse,"Sitting, hunched over",NA,3:41,Tutoring Room Building 4 (Inside),NA,10,NA,10,NA,NA,Butterfly,Charlie Horse,140.03
Wishbone,5,22.06,1,15,7,NA,sitting,FALSE,202,202,Group 2,22.06,15.0,FALSE,Wish Bone,9/15/26 16:00,202,Electrical Engineering,22,Senior,Yes,Yes,Right,NA,Yes,6,No,Yes,Yes,A long time ago,4,5,7,Yes,8,Butterflies in the Stomach,7,3,8,Yes,6,Charlie Horse,"Sitting, hunched over",NA,3:41,Tutoring Room Building 4 (Inside),NA,10,NA,10,NA,NA,Butterfly,Charlie Horse,140.03
Bread Basket,6,4.85,0,0,3,NA,sitting,TRUE,202,202,Group 2,4.85,0.0,FALSE,Bread Basket,9/15/26 16:00,202,Electrical Engineering,22,Senior,Yes,Yes,Right,NA,Yes,6,No,Yes,Yes,A long time ago,4,5,7,Yes,8,Butterflies in the Stomach,7,3,8,Yes,6,Charlie Horse,"Sitting, hunched over",NA,3:41,Tutoring Room Building 4 (Inside),NA,10,NA,10,NA,NA,Butterfly,Charlie Horse,140.03
Wrenched Ankle,7,7.93,0,1,4,NA,sitting,TRUE,202,202,Group 2,7.93,1.0,FALSE,Wrenched Ankle,9/15/26 16:00,202,Electrical Engineering,22,Senior,Yes,Yes,Right,NA,Yes,6,No,Yes,Yes,A long time ago,4,5,7,Yes,8,Butterflies in the Stomach,7,3,8,Yes,6,Charlie Horse,"Sitting, hunched over",NA,3:41,Tutoring Room Building 4 (Inside),NA,10,NA,10,NA,NA,Butterfly,Charlie Horse,140.03
Butterflies in the Stomach,8,14.92,3,0,6,NA,sitting,TRUE,202,202,Group 2,14.92,0.0,FALSE,Butterflies in Stomach,9/15/26 16:00,202,Electrical Engineering,22,Senior,Yes,Yes,Right,NA,Yes,6,No,Yes,Yes,A long time ago,4,5,7,Yes,8,Butterflies in the Stomach,7,3,8,Yes,6,Charlie Horse,"Sitting, hunched over",NA,3:41,Tutoring Room Building 4 (Inside),NA,10,NA,10,NA,NA,Butterfly,Charlie Horse,140.03
Spare Ribs,9,11.55,1,2,5,NA,sitting,TRUE,202,202,Group 2,11.55,2.0,FALSE,Spare Ribs,9/15/26 16:00,202,Electrical Engineering,22,Senior,Yes,Yes,Right,NA,Yes,6,No,Yes,Yes,A long time ago,4,5,7,Yes,8,Butterflies in the Stomach,7,3,8,Yes,6,Charlie Horse,"Sitting, hunched over",NA,3:41,Tutoring Room Building 4 (Inside),NA,10,NA,10,NA,NA,Butterfly,Charlie Horse,140.03
Broken Heart,10,7.38,1,2,5,NA,sitting,TRUE,202,202,Group 2,7.38,2.0,FALSE,Broken Heart,9/15/26 16:00,202,Electrical Engineering,22,Senior,Yes,Yes,Right,NA,Yes,6,No,Yes,Yes,A long time ago,4,5,7,Yes,8,Butterflies in the Stomach,7,3,8,Yes,6,Charlie Horse,"Sitting, hunched over",NA,3:41,Tutoring Room Building 4 (Inside),NA,10,NA,10,NA,NA,Butterfly,Charlie Horse,140.03
Anklebone Connected to the Knee Bone,11,9.6,0,0,2,NA,sitting,TRUE,202,202,Group 2,9.6,0.0,FALSE,Anklebone Connected to the Knee Bone,9/15/26 16:00,202,Electrical Engineering,22,Senior,Yes,Yes,Right,NA,Yes,6,No,Yes,Yes,A long time ago,4,5,7,Yes,8,Butterflies in the Stomach,7,3,8,Yes,6,Charlie Horse,"Sitting, hunched over",NA,3:41,Tutoring Room Building 4 (Inside),NA,10,NA,10,NA,NA,Butterfly,Charlie Horse,140.03
Adam's Apple,12,4.25,0,0,3,NA,sitting,TRUE,202,202,Group 2,4.25,0.0,FALSE,Adam's Apple,9/15/26 16:00,202,Electrical Engineering,22,Senior,Yes,Yes,Right,NA,Yes,6,No,Yes,Yes,A long time ago,4,5,7,Yes,8,Butterflies in the Stomach,7,3,8,Yes,6,Charlie Horse,"Sitting, hunched over",NA,3:41,Tutoring Room Building 4 (Inside),NA,10,NA,10,NA,NA,Butterfly,Charlie Horse,140.03
Water on the Knee,13,3.61,1,0,3,NA,sitting,TRUE,202,202,Group 2,3.61,0.0,FALSE,Water on the Knee,9/15/26 16:00,202,Electrical Engineering,22,Senior,Yes,Yes,Right,NA,Yes,6,No,Yes,Yes,A long time ago,4,5,7,Yes,8,Butterflies in the Stomach,7,3,8,Yes,6,Charlie Horse,"Sitting, hunched over",NA,3:41,Tutoring Room Building 4 (Inside),NA,10,NA,10,NA,NA,Butterfly,Charlie Horse,140.03
Anklebone Connected to the Knee Bone,1,11.17,0,0,1,NA,sitting,TRUE,203,203,Group 2,11.17,0.0,FALSE,Anklebone Connected to the Knee Bone,9/15/26 17:28,203,Software Design and Development,21,Senior,No,No,Right,NA,Yes,9,Yes,No,Yes,A long time ago,4,5,6,No,8,Writer's Cramp,6,7,8,Yes,7,Broken Heart,"Sitting, hunched over",NA,5:27,Tutoring Room Building 4 (Inside),NA,5,NA,5,NA,NA,Writer's Cramp,Broken Heart,201.25999999999993
Brain Freeze,2,4.49,0,0,3,NA,sitting,TRUE,203,203,Group 2,4.49,0.0,FALSE,Brain Freeze,9/15/26 17:28,203,Software Design and Development,21,Senior,No,No,Right,NA,Yes,9,Yes,No,Yes,A long time ago,4,5,6,No,8,Writer's Cramp,6,7,8,Yes,7,Broken Heart,"Sitting, hunched over",NA,5:27,Tutoring Room Building 4 (Inside),NA,5,NA,5,NA,NA,Writer's Cramp,Broken Heart,201.25999999999993
Adam's Apple,3,12.61,0,0,7,NA,sitting,TRUE,203,203,Group 2,12.61,0.0,FALSE,Adam's Apple,9/15/26 17:28,203,Software Design and Development,21,Senior,No,No,Right,NA,Yes,9,Yes,No,Yes,A long time ago,4,5,6,No,8,Writer's Cramp,6,7,8,Yes,7,Broken Heart,"Sitting, hunched over",NA,5:27,Tutoring Room Building 4 (Inside),NA,5,NA,5,NA,NA,Writer's Cramp,Broken Heart,201.25999999999993
Wrenched Ankle,4,31.93,1,0,9,NA,sitting,TRUE,203,203,Group 2,31.93,0.0,FALSE,Wrenched Ankle,9/15/26 17:28,203,Software Design and Development,21,Senior,No,No,Right,NA,Yes,9,Yes,No,Yes,A long time ago,4,5,6,No,8,Writer's Cramp,6,7,8,Yes,7,Broken Heart,"Sitting, hunched over",NA,5:27,Tutoring Room Building 4 (Inside),NA,5,NA,5,NA,NA,Writer's Cramp,Broken Heart,201.25999999999993
Water on the Knee,5,3.83,0,0,2,NA,sitting,TRUE,203,203,Group 2,3.83,0.0,FALSE,Water on the Knee,9/15/26 17:28,203,Software Design and Development,21,Senior,No,No,Right,NA,Yes,9,Yes,No,Yes,A long time ago,4,5,6,No,8,Writer's Cramp,6,7,8,Yes,7,Broken Heart,"Sitting, hunched over",NA,5:27,Tutoring Room Building 4 (Inside),NA,5,NA,5,NA,NA,Writer's Cramp,Broken Heart,201.25999999999993
Bread Basket,6,8.85,0,0,5,NA,sitting,TRUE,203,203,Group 2,8.85,0.0,FALSE,Bread Basket,9/15/26 17:28,203,Software Design and Development,21,Senior,No,No,Right,NA,Yes,9,Yes,No,Yes,A long time ago,4,5,6,No,8,Writer's Cramp,6,7,8,Yes,7,Broken Heart,"Sitting, hunched over",NA,5:27,Tutoring Room Building 4 (Inside),NA,5,NA,5,NA,NA,Writer's Cramp,Broken Heart,201.25999999999993
Broken Heart,7,56.19,1,6,10,NA,sitting,FALSE,203,203,Group 2,56.19,6.0,FALSE,Broken Heart,9/15/26 17:28,203,Software Design and Development,21,Senior,No,No,Right,NA,Yes,9,Yes,No,Yes,A long time ago,4,5,6,No,8,Writer's Cramp,6,7,8,Yes,7,Broken Heart,"Sitting, hunched over",NA,5:27,Tutoring Room Building 4 (Inside),NA,5,NA,5,NA,NA,Writer's Cramp,Broken Heart,201.25999999999993
Writer's Cramp,8,10.35,0,0,8,NA,sitting,TRUE,203,203,Group 2,10.35,0.0,FALSE,Writer's Cramp,9/15/26 17:28,203,Software Design and Development,21,Senior,No,No,Right,NA,Yes,9,Yes,No,Yes,A long time ago,4,5,6,No,8,Writer's Cramp,6,7,8,Yes,7,Broken Heart,"Sitting, hunched over",NA,5:27,Tutoring Room Building 4 (Inside),NA,5,NA,5,NA,NA,Writer's Cramp,Broken Heart,201.25999999999993
Spare Ribs,9,4.88,0,0,3,NA,sitting,TRUE,203,203,Group 2,4.88,0.0,FALSE,Spare Ribs,9/15/26 17:28,203,Software Design and Development,21,Senior,No,No,Right,NA,Yes,9,Yes,No,Yes,A long time ago,4,5,6,No,8,Writer's Cramp,6,7,8,Yes,7,Broken Heart,"Sitting, hunched over",NA,5:27,Tutoring Room Building 4 (Inside),NA,5,NA,5,NA,NA,Writer's Cramp,Broken Heart,201.25999999999993
Funny Bone,10,11.01,0,0,5,NA,sitting,TRUE,203,203,Group 2,11.01,0.0,FALSE,Funny Bone,9/15/26 17:28,203,Software Design and Development,21,Senior,No,No,Right,NA,Yes,9,Yes,No,Yes,A long time ago,4,5,6,No,8,Writer's Cramp,6,7,8,Yes,7,Broken Heart,"Sitting, hunched over",NA,5:27,Tutoring Room Building 4 (Inside),NA,5,NA,5,NA,NA,Writer's Cramp,Broken Heart,201.25999999999993
Butterflies in the Stomach,11,8.11,1,0,6,NA,sitting,TRUE,203,203,Group 2,8.11,0.0,FALSE,Butterflies in Stomach,9/15/26 17:28,203,Software Design and Development,21,Senior,No,No,Right,NA,Yes,9,Yes,No,Yes,A long time ago,4,5,6,No,8,Writer's Cramp,6,7,8,Yes,7,Broken Heart,"Sitting, hunched over",NA,5:27,Tutoring Room Building 4 (Inside),NA,5,NA,5,NA,NA,Writer's Cramp,Broken Heart,201.25999999999993
Charlie Horse,12,14.98,1,1,7,NA,sitting,TRUE,203,203,Group 2,14.98,1.0,FALSE,Charlie Horse,9/15/26 17:28,203,Software Design and Development,21,Senior,No,No,Right,NA,Yes,9,Yes,No,Yes,A long time ago,4,5,6,No,8,Writer's Cramp,6,7,8,Yes,7,Broken Heart,"Sitting, hunched over",NA,5:27,Tutoring Room Building 4 (Inside),NA,5,NA,5,NA,NA,Writer's Cramp,Broken Heart,201.25999999999993
Wishbone,13,22.86,1,4,9,NA,sitting,TRUE,203,203,Group 2,22.86,4.0,FALSE,Wish Bone,9/15/26 17:28,203,Software Design and Development,21,Senior,No,No,Right,NA,Yes,9,Yes,No,Yes,A long time ago,4,5,6,No,8,Writer's Cramp,6,7,8,Yes,7,Broken Heart,"Sitting, hunched over",NA,5:27,Tutoring Room Building 4 (Inside),NA,5,NA,5,NA,NA,Writer's Cramp,Broken Heart,201.25999999999993
Spare Ribs,1,14.96,0,10,5,NA,standing,FALSE,204,204,Group 2,14.96,10.0,FALSE,Spare Ribs,9/16/26 11:26,204,Cyber Security,21,Senior,No,No,Right,NA,No,7,No,No,Yes,A long time ago,7,4,6,No,7,Anklebone Connected to the Knee Bone,8,5,9,No,4,Charlie Horse,Varied,NA,11:26,Participants dorm Village West,NA,2,NA,2,NA,NA,Ankle Bone,Charlie Horse,120.85
Brain Freeze,2,3.91,0,0,1,NA,standing,TRUE,204,204,Group 2,3.91,0.0,FALSE,Brain Freeze,9/16/26 11:26,204,Cyber Security,21,Senior,No,No,Right,NA,No,7,No,No,Yes,A long time ago,7,4,6,No,7,Anklebone Connected to the Knee Bone,8,5,9,No,4,Charlie Horse,Varied,NA,11:26,Participants dorm Village West,NA,2,NA,2,NA,NA,Ankle Bone,Charlie Horse,120.85
Broken Heart,3,6.5,0,4,3,NA,standing,TRUE,204,204,Group 2,6.5,4.0,FALSE,Broken Heart,9/16/26 11:26,204,Cyber Security,21,Senior,No,No,Right,NA,No,7,No,No,Yes,A long time ago,7,4,6,No,7,Anklebone Connected to the Knee Bone,8,5,9,No,4,Charlie Horse,Varied,NA,11:26,Participants dorm Village West,NA,2,NA,2,NA,NA,Ankle Bone,Charlie Horse,120.85
Anklebone Connected to the Knee Bone,4,6.3,0,1,2,NA,standing,TRUE,204,204,Group 2,6.3,1.0,FALSE,Anklebone Connected to the Knee Bone,9/16/26 11:26,204,Cyber Security,21,Senior,No,No,Right,NA,No,7,No,No,Yes,A long time ago,7,4,6,No,7,Anklebone Connected to the Knee Bone,8,5,9,No,4,Charlie Horse,Varied,NA,11:26,Participants dorm Village West,NA,2,NA,2,NA,NA,Ankle Bone,Charlie Horse,120.85
Writer's Cramp,5,6.95,0,6,5,NA,standing,FALSE,204,204,Group 2,6.95,6.0,FALSE,Writer's Cramp,9/16/26 11:26,204,Cyber Security,21,Senior,No,No,Right,NA,No,7,No,No,Yes,A long time ago,7,4,6,No,7,Anklebone Connected to the Knee Bone,8,5,9,No,4,Charlie Horse,Varied,NA,11:26,Participants dorm Village West,NA,2,NA,2,NA,NA,Ankle Bone,Charlie Horse,120.85
Funny Bone,6,5.25,0,2,4,NA,standing,TRUE,204,204,Group 2,5.25,2.0,FALSE,Funny Bone,9/16/26 11:26,204,Cyber Security,21,Senior,No,No,Right,NA,No,7,No,No,Yes,A long time ago,7,4,6,No,7,Anklebone Connected to the Knee Bone,8,5,9,No,4,Charlie Horse,Varied,NA,11:26,Participants dorm Village West,NA,2,NA,2,NA,NA,Ankle Bone,Charlie Horse,120.85
Bread Basket,7,3.48,0,1,3,NA,standing,TRUE,204,204,Group 2,3.48,1.0,FALSE,Bread Basket,9/16/26 11:26,204,Cyber Security,21,Senior,No,No,Right,NA,No,7,No,No,Yes,A long time ago,7,4,6,No,7,Anklebone Connected to the Knee Bone,8,5,9,No,4,Charlie Horse,Varied,NA,11:26,Participants dorm Village West,NA,2,NA,2,NA,NA,Ankle Bone,Charlie Horse,120.85
Charlie Horse,8,27.23,3,20,8,NA,standing,FALSE,204,204,Group 2,27.23,20.0,FALSE,Charlie Horse,9/16/26 11:26,204,Cyber Security,21,Senior,No,No,Right,NA,No,7,No,No,Yes,A long time ago,7,4,6,No,7,Anklebone Connected to the Knee Bone,8,5,9,No,4,Charlie Horse,Varied,NA,11:26,Participants dorm Village West,NA,2,NA,2,NA,NA,Ankle Bone,Charlie Horse,120.85
Water on the Knee,9,13.1,2,8,6,NA,sitting,FALSE,204,204,Group 2,13.1,8.0,FALSE,Water on the Knee,9/16/26 11:26,204,Cyber Security,21,Senior,No,No,Right,NA,No,7,No,No,Yes,A long time ago,7,4,6,No,7,Anklebone Connected to the Knee Bone,8,5,9,No,4,Charlie Horse,Varied,NA,11:26,Participants dorm Village West,NA,2,NA,2,NA,NA,Ankle Bone,Charlie Horse,120.85
Butterflies in the Stomach,10,5.25,1,0,3,NA,standing,TRUE,204,204,Group 2,5.25,0.0,FALSE,Butterflies in Stomach,9/16/26 11:26,204,Cyber Security,21,Senior,No,No,Right,NA,No,7,No,No,Yes,A long time ago,7,4,6,No,7,Anklebone Connected to the Knee Bone,8,5,9,No,4,Charlie Horse,Varied,NA,11:26,Participants dorm Village West,NA,2,NA,2,NA,NA,Ankle Bone,Charlie Horse,120.85
Wrenched Ankle,11,16.61,2,13,8,NA,standing,FALSE,204,204,Group 2,16.61,13.0,FALSE,Wrenched Ankle,9/16/26 11:26,204,Cyber Security,21,Senior,No,No,Right,NA,No,7,No,No,Yes,A long time ago,7,4,6,No,7,Anklebone Connected to the Knee Bone,8,5,9,No,4,Charlie Horse,Varied,NA,11:26,Participants dorm Village West,NA,2,NA,2,NA,NA,Ankle Bone,Charlie Horse,120.85
Wishbone,12,7.86,1,8,6,NA,standing,FALSE,204,204,Group 2,7.86,8.0,FALSE,Wish Bone,9/16/26 11:26,204,Cyber Security,21,Senior,No,No,Right,NA,No,7,No,No,Yes,A long time ago,7,4,6,No,7,Anklebone Connected to the Knee Bone,8,5,9,No,4,Charlie Horse,Varied,NA,11:26,Participants dorm Village West,NA,2,NA,2,NA,NA,Ankle Bone,Charlie Horse,120.85
Adam's Apple,13,3.45,0,1,2,NA,standing,TRUE,204,204,Group 2,3.45,1.0,FALSE,Adam's Apple,9/16/26 11:26,204,Cyber Security,21,Senior,No,No,Right,NA,No,7,No,No,Yes,A long time ago,7,4,6,No,7,Anklebone Connected to the Knee Bone,8,5,9,No,4,Charlie Horse,Varied,NA,11:26,Participants dorm Village West,NA,2,NA,2,NA,NA,Ankle Bone,Charlie Horse,120.85
Adam's Apple,1,4.88,0,0,1,NA,sitting,TRUE,205,205,Group 2,4.88,0.0,FALSE,Adam's Apple,9/16/26 14:23,205,Electrical Engineering,25,Senior,Yes,No,Right,NA,Yes,6,Yes,No,No,NA,5,10,8,NA,10,Butterflies in the Stomach,8,10,10,Yes,7,Wrenched Ankle,"Sitting, hunched over",NA,2:23,Tutoring Room Building 4 (Inside),NA,6,NA,6,NA,NA,Butterfly,Wrenched Ankle,319.53000000000003
Broken Heart,2,40.2,0,0,7,NA,sitting,TRUE,205,205,Group 2,40.2,0.0,FALSE,Broken Heart,9/16/26 14:23,205,Electrical Engineering,25,Senior,Yes,No,Right,NA,Yes,6,Yes,No,No,NA,5,10,8,NA,10,Butterflies in the Stomach,8,10,10,Yes,7,Wrenched Ankle,"Sitting, hunched over",NA,2:23,Tutoring Room Building 4 (Inside),NA,6,NA,6,NA,NA,Butterfly,Wrenched Ankle,319.53000000000003
Wrenched Ankle,3,114.62,2,0,10,NA,sitting,TRUE,205,205,Group 2,114.62,0.0,FALSE,Wrenched Ankle,9/16/26 14:23,205,Electrical Engineering,25,Senior,Yes,No,Right,NA,Yes,6,Yes,No,No,NA,5,10,8,NA,10,Butterflies in the Stomach,8,10,10,Yes,7,Wrenched Ankle,"Sitting, hunched over",NA,2:23,Tutoring Room Building 4 (Inside),NA,6,NA,6,NA,NA,Butterfly,Wrenched Ankle,319.53000000000003
Spare Ribs,4,10.97,0,0,2,NA,sitting,TRUE,205,205,Group 2,10.97,0.0,FALSE,Spare Ribs,9/16/26 14:23,205,Electrical Engineering,25,Senior,Yes,No,Right,NA,Yes,6,Yes,No,No,NA,5,10,8,NA,10,Butterflies in the Stomach,8,10,10,Yes,7,Wrenched Ankle,"Sitting, hunched over",NA,2:23,Tutoring Room Building 4 (Inside),NA,6,NA,6,NA,NA,Butterfly,Wrenched Ankle,319.53000000000003
Wishbone,5,35.54,0,0,7,NA,sitting,TRUE,205,205,Group 2,35.54,0.0,FALSE,Wish Bone,9/16/26 14:23,205,Electrical Engineering,25,Senior,Yes,No,Right,NA,Yes,6,Yes,No,No,NA,5,10,8,NA,10,Butterflies in the Stomach,8,10,10,Yes,7,Wrenched Ankle,"Sitting, hunched over",NA,2:23,Tutoring Room Building 4 (Inside),NA,6,NA,6,NA,NA,Butterfly,Wrenched Ankle,319.53000000000003
Water on the Knee,6,10.01,0,0,1,NA,sitting,TRUE,205,205,Group 2,10.01,0.0,FALSE,Water on the Knee,9/16/26 14:23,205,Electrical Engineering,25,Senior,Yes,No,Right,NA,Yes,6,Yes,No,No,NA,5,10,8,NA,10,Butterflies in the Stomach,8,10,10,Yes,7,Wrenched Ankle,"Sitting, hunched over",NA,2:23,Tutoring Room Building 4 (Inside),NA,6,NA,6,NA,NA,Butterfly,Wrenched Ankle,319.53000000000003
Charlie Horse,7,33.33,0,7,6,NA,sitting,FALSE,205,205,Group 2,33.33,7.0,FALSE,Charlie Horse,9/16/26 14:23,205,Electrical Engineering,25,Senior,Yes,No,Right,NA,Yes,6,Yes,No,No,NA,5,10,8,NA,10,Butterflies in the Stomach,8,10,10,Yes,7,Wrenched Ankle,"Sitting, hunched over",NA,2:23,Tutoring Room Building 4 (Inside),NA,6,NA,6,NA,NA,Butterfly,Wrenched Ankle,319.53000000000003
Writer's Cramp,8,20.93,0,2,5,NA,sitting,TRUE,205,205,Group 2,20.93,2.0,FALSE,Writer's Cramp,9/16/26 14:23,205,Electrical Engineering,25,Senior,Yes,No,Right,NA,Yes,6,Yes,No,No,NA,5,10,8,NA,10,Butterflies in the Stomach,8,10,10,Yes,7,Wrenched Ankle,"Sitting, hunched over",NA,2:23,Tutoring Room Building 4 (Inside),NA,6,NA,6,NA,NA,Butterfly,Wrenched Ankle,319.53000000000003
Funny Bone,9,17.74,1,2,4,NA,sitting,TRUE,205,205,Group 2,17.74,2.0,FALSE,Funny Bone,9/16/26 14:23,205,Electrical Engineering,25,Senior,Yes,No,Right,NA,Yes,6,Yes,No,No,NA,5,10,8,NA,10,Butterflies in the Stomach,8,10,10,Yes,7,Wrenched Ankle,"Sitting, hunched over",NA,2:23,Tutoring Room Building 4 (Inside),NA,6,NA,6,NA,NA,Butterfly,Wrenched Ankle,319.53000000000003
Brain Freeze,10,5.3,0,0,1,NA,sitting,TRUE,205,205,Group 2,5.3,0.0,FALSE,Brain Freeze,9/16/26 14:23,205,Electrical Engineering,25,Senior,Yes,No,Right,NA,Yes,6,Yes,No,No,NA,5,10,8,NA,10,Butterflies in the Stomach,8,10,10,Yes,7,Wrenched Ankle,"Sitting, hunched over",NA,2:23,Tutoring Room Building 4 (Inside),NA,6,NA,6,NA,NA,Butterfly,Wrenched Ankle,319.53000000000003
Butterflies in the Stomach,11,6.02,0,0,1,NA,sitting,TRUE,205,205,Group 2,6.02,0.0,FALSE,Butterflies in Stomach,9/16/26 14:23,205,Electrical Engineering,25,Senior,Yes,No,Right,NA,Yes,6,Yes,No,No,NA,5,10,8,NA,10,Butterflies in the Stomach,8,10,10,Yes,7,Wrenched Ankle,"Sitting, hunched over",NA,2:23,Tutoring Room Building 4 (Inside),NA,6,NA,6,NA,NA,Butterfly,Wrenched Ankle,319.53000000000003
Bread Basket,12,5.57,0,0,1,NA,sitting,TRUE,205,205,Group 2,5.57,0.0,FALSE,Bread Basket,9/16/26 14:23,205,Electrical Engineering,25,Senior,Yes,No,Right,NA,Yes,6,Yes,No,No,NA,5,10,8,NA,10,Butterflies in the Stomach,8,10,10,Yes,7,Wrenched Ankle,"Sitting, hunched over",NA,2:23,Tutoring Room Building 4 (Inside),NA,6,NA,6,NA,NA,Butterfly,Wrenched Ankle,319.53000000000003
Anklebone Connected to the Knee Bone,13,14.42,0,0,1,NA,sitting,TRUE,205,205,Group 2,14.42,0.0,FALSE,Anklebone Connected to the Knee Bone,9/16/26 14:23,205,Electrical Engineering,25,Senior,Yes,No,Right,NA,Yes,6,Yes,No,No,NA,5,10,8,NA,10,Butterflies in the Stomach,8,10,10,Yes,7,Wrenched Ankle,"Sitting, hunched over",NA,2:23,Tutoring Room Building 4 (Inside),NA,6,NA,6,NA,NA,Butterfly,Wrenched Ankle,319.53000000000003
Adam's Apple,1,9.35,0,2,5,dB av - 65,sitting,TRUE,206,206,Group 2,9.35,2.0,FALSE,Adam's Apple,9/16/26 15:59,206,Music Performance,19,Sophomore,Yes,No,Right,18,Yes,7,Yes,No,Yes,A long time ago,4,5,4,Yes,8,Charlie Horse,8,4,5,Yes,6,Charlie Horse,Sitting up,"""Good game!""",Afternoon,CFPA Lobby,65,6,NA,6,65,NA,Charlie Horse,Charlie Horse,120.75
Brain Freeze,2,4.43,0,1,9,NA,sitting,TRUE,206,206,Group 2,4.43,1.0,FALSE,Brain Freeze,9/16/26 15:59,206,Music Performance,19,Sophomore,Yes,No,Right,18,Yes,7,Yes,No,Yes,A long time ago,4,5,4,Yes,8,Charlie Horse,8,4,5,Yes,6,Charlie Horse,Sitting up,"""Good game!""",Afternoon,CFPA Lobby,65,6,NA,6,65,NA,Charlie Horse,Charlie Horse,120.75
Charlie Horse,3,36.05,2,13,10,NA,sitting,FALSE,206,206,Group 2,36.05,13.0,FALSE,Charlie Horse,9/16/26 15:59,206,Music Performance,19,Sophomore,Yes,No,Right,18,Yes,7,Yes,No,Yes,A long time ago,4,5,4,Yes,8,Charlie Horse,8,4,5,Yes,6,Charlie Horse,Sitting up,"""Good game!""",Afternoon,CFPA Lobby,65,6,NA,6,65,NA,Charlie Horse,Charlie Horse,120.75
Wrenched Ankle,4,19.58,2,4,7,NA,sitting,TRUE,206,206,Group 2,19.58,4.0,FALSE,Wrenched Ankle,9/16/26 15:59,206,Music Performance,19,Sophomore,Yes,No,Right,18,Yes,7,Yes,No,Yes,A long time ago,4,5,4,Yes,8,Charlie Horse,8,4,5,Yes,6,Charlie Horse,Sitting up,"""Good game!""",Afternoon,CFPA Lobby,65,6,NA,6,65,NA,Charlie Horse,Charlie Horse,120.75
Water on the Knee,5,3.3,0,0,1,NA,sitting,TRUE,206,206,Group 2,3.3,0.0,FALSE,Water on the Knee,9/16/26 15:59,206,Music Performance,19,Sophomore,Yes,No,Right,18,Yes,7,Yes,No,Yes,A long time ago,4,5,4,Yes,8,Charlie Horse,8,4,5,Yes,6,Charlie Horse,Sitting up,"""Good game!""",Afternoon,CFPA Lobby,65,6,NA,6,65,NA,Charlie Horse,Charlie Horse,120.75
Writer's Cramp,6,6.15,0,3,7,NA,sitting,TRUE,206,206,Group 2,6.15,3.0,FALSE,Writer's Cramp,9/16/26 15:59,206,Music Performance,19,Sophomore,Yes,No,Right,18,Yes,7,Yes,No,Yes,A long time ago,4,5,4,Yes,8,Charlie Horse,8,4,5,Yes,6,Charlie Horse,Sitting up,"""Good game!""",Afternoon,CFPA Lobby,65,6,NA,6,65,NA,Charlie Horse,Charlie Horse,120.75
Funny Bone,7,4.81,0,0,2,NA,sitting,TRUE,206,206,Group 2,4.81,0.0,FALSE,Funny Bone,9/16/26 15:59,206,Music Performance,19,Sophomore,Yes,No,Right,18,Yes,7,Yes,No,Yes,A long time ago,4,5,4,Yes,8,Charlie Horse,8,4,5,Yes,6,Charlie Horse,Sitting up,"""Good game!""",Afternoon,CFPA Lobby,65,6,NA,6,65,NA,Charlie Horse,Charlie Horse,120.75
Bread Basket,8,6.15,0,0,2,NA,sitting,TRUE,206,206,Group 2,6.15,0.0,FALSE,Bread Basket,9/16/26 15:59,206,Music Performance,19,Sophomore,Yes,No,Right,18,Yes,7,Yes,No,Yes,A long time ago,4,5,4,Yes,8,Charlie Horse,8,4,5,Yes,6,Charlie Horse,Sitting up,"""Good game!""",Afternoon,CFPA Lobby,65,6,NA,6,65,NA,Charlie Horse,Charlie Horse,120.75
Wishbone,9,10.35,1,4,6,NA,sitting,TRUE,206,206,Group 2,10.35,4.0,FALSE,Wish Bone,9/16/26 15:59,206,Music Performance,19,Sophomore,Yes,No,Right,18,Yes,7,Yes,No,Yes,A long time ago,4,5,4,Yes,8,Charlie Horse,8,4,5,Yes,6,Charlie Horse,Sitting up,"""Good game!""",Afternoon,CFPA Lobby,65,6,NA,6,65,NA,Charlie Horse,Charlie Horse,120.75
Anklebone Connected to the Knee Bone,10,4.41,0,0,1,NA,sitting,TRUE,206,206,Group 2,4.41,0.0,FALSE,Anklebone Connected to the Knee Bone,9/16/26 15:59,206,Music Performance,19,Sophomore,Yes,No,Right,18,Yes,7,Yes,No,Yes,A long time ago,4,5,4,Yes,8,Charlie Horse,8,4,5,Yes,6,Charlie Horse,Sitting up,"""Good game!""",Afternoon,CFPA Lobby,65,6,NA,6,65,NA,Charlie Horse,Charlie Horse,120.75
Broken Heart,11,6.7,0,0,2,NA,sitting,TRUE,206,206,Group 2,6.7,0.0,FALSE,Broken Heart,9/16/26 15:59,206,Music Performance,19,Sophomore,Yes,No,Right,18,Yes,7,Yes,No,Yes,A long time ago,4,5,4,Yes,8,Charlie Horse,8,4,5,Yes,6,Charlie Horse,Sitting up,"""Good game!""",Afternoon,CFPA Lobby,65,6,NA,6,65,NA,Charlie Horse,Charlie Horse,120.75
Spare Ribs,12,3.41,0,1,2,NA,sitting,TRUE,206,206,Group 2,3.41,1.0,FALSE,Spare Ribs,9/16/26 15:59,206,Music Performance,19,Sophomore,Yes,No,Right,18,Yes,7,Yes,No,Yes,A long time ago,4,5,4,Yes,8,Charlie Horse,8,4,5,Yes,6,Charlie Horse,Sitting up,"""Good game!""",Afternoon,CFPA Lobby,65,6,NA,6,65,NA,Charlie Horse,Charlie Horse,120.75
Butterflies in the Stomach,13,6.06,0,0,4,NA,sitting,TRUE,206,206,Group 2,6.06,0.0,FALSE,Butterflies in Stomach,9/16/26 15:59,206,Music Performance,19,Sophomore,Yes,No,Right,18,Yes,7,Yes,No,Yes,A long time ago,4,5,4,Yes,8,Charlie Horse,8,4,5,Yes,6,Charlie Horse,Sitting up,"""Good game!""",Afternoon,CFPA Lobby,65,6,NA,6,65,NA,Charlie Horse,Charlie Horse,120.75
Adam's Apple,1,3.8,0,0,2,NA,sitting,TRUE,207,207,Group 2,3.8,0.0,FALSE,Adams Apple,9/16/26 18:10,207,Music Education,19,Sophomore,No,No,Left,15,Yes,5,Yes,No,No,NA,3,6,5,NA,6,Charlie Horse,2,8,3,No,7,Charlie Horse,Varied,"""Charlie got me.""",Afternoon,CFPA Lobby,55,3,NA,3,55,NA,Charlie Horse,Charlie Horse,352.1
Writer's Cramp,2,21.53,1,5,5,NA,sitting,FALSE,207,207,Group 2,21.53,5.0,FALSE,Writer's Cramp,9/16/26 18:10,207,Music Education,19,Sophomore,No,No,Left,15,Yes,5,Yes,No,No,NA,3,6,5,NA,6,Charlie Horse,2,8,3,No,7,Charlie Horse,Varied,"""Charlie got me.""",Afternoon,CFPA Lobby,55,3,NA,3,55,NA,Charlie Horse,Charlie Horse,352.1
Wishbone,3,21.47,2,5,5,NA,standing,FALSE,207,207,Group 2,21.47,5.0,FALSE,Wish Bone,9/16/26 18:10,207,Music Education,19,Sophomore,No,No,Left,15,Yes,5,Yes,No,No,NA,3,6,5,NA,6,Charlie Horse,2,8,3,No,7,Charlie Horse,Varied,"""Charlie got me.""",Afternoon,CFPA Lobby,55,3,NA,3,55,NA,Charlie Horse,Charlie Horse,352.1
Brain Freeze,4,4.33,0,0,1,NA,standing,TRUE,207,207,Group 2,4.33,0.0,FALSE,Brain Freeze,9/16/26 18:10,207,Music Education,19,Sophomore,No,No,Left,15,Yes,5,Yes,No,No,NA,3,6,5,NA,6,Charlie Horse,2,8,3,No,7,Charlie Horse,Varied,"""Charlie got me.""",Afternoon,CFPA Lobby,55,3,NA,3,55,NA,Charlie Horse,Charlie Horse,352.1
Wrenched Ankle,5,24.72,2,5,4,NA,standing,FALSE,207,207,Group 2,24.72,5.0,FALSE,Wrenched Ankle,9/16/26 18:10,207,Music Education,19,Sophomore,No,No,Left,15,Yes,5,Yes,No,No,NA,3,6,5,NA,6,Charlie Horse,2,8,3,No,7,Charlie Horse,Varied,"""Charlie got me.""",Afternoon,CFPA Lobby,55,3,NA,3,55,NA,Charlie Horse,Charlie Horse,352.1
Bread Basket,6,14.36,0,6,4,NA,standing,FALSE,207,207,Group 2,14.36,6.0,FALSE,Bread Basket,9/16/26 18:10,207,Music Education,19,Sophomore,No,No,Left,15,Yes,5,Yes,No,No,NA,3,6,5,NA,6,Charlie Horse,2,8,3,No,7,Charlie Horse,Varied,"""Charlie got me.""",Afternoon,CFPA Lobby,55,3,NA,3,55,NA,Charlie Horse,Charlie Horse,352.1
Butterflies in the Stomach,7,3.8,0,0,1,NA,standing,TRUE,207,207,Group 2,3.8,0.0,FALSE,Butterflies in Stomach,9/16/26 18:10,207,Music Education,19,Sophomore,No,No,Left,15,Yes,5,Yes,No,No,NA,3,6,5,NA,6,Charlie Horse,2,8,3,No,7,Charlie Horse,Varied,"""Charlie got me.""",Afternoon,CFPA Lobby,55,3,NA,3,55,NA,Charlie Horse,Charlie Horse,352.1
Spare Ribs,8,19.32,1,5,4,NA,standing,FALSE,207,207,Group 2,19.32,5.0,FALSE,Spare Ribs,9/16/26 18:10,207,Music Education,19,Sophomore,No,No,Left,15,Yes,5,Yes,No,No,NA,3,6,5,NA,6,Charlie Horse,2,8,3,No,7,Charlie Horse,Varied,"""Charlie got me.""",Afternoon,CFPA Lobby,55,3,NA,3,55,NA,Charlie Horse,Charlie Horse,352.1
Funny Bone,9,8.68,1,1,3,NA,standing,TRUE,207,207,Group 2,8.68,1.0,FALSE,Funny Bone,9/16/26 18:10,207,Music Education,19,Sophomore,No,No,Left,15,Yes,5,Yes,No,No,NA,3,6,5,NA,6,Charlie Horse,2,8,3,No,7,Charlie Horse,Varied,"""Charlie got me.""",Afternoon,CFPA Lobby,55,3,NA,3,55,NA,Charlie Horse,Charlie Horse,352.1
Water on the Knee,10,4.53,0,1,1,NA,standing,TRUE,207,207,Group 2,4.53,1.0,FALSE,Water on the Knee,9/16/26 18:10,207,Music Education,19,Sophomore,No,No,Left,15,Yes,5,Yes,No,No,NA,3,6,5,NA,6,Charlie Horse,2,8,3,No,7,Charlie Horse,Varied,"""Charlie got me.""",Afternoon,CFPA Lobby,55,3,NA,3,55,NA,Charlie Horse,Charlie Horse,352.1
Broken Heart,11,12.35,0,4,5,NA,standing,TRUE,207,207,Group 2,12.35,4.0,FALSE,Broken Heart,9/16/26 18:10,207,Music Education,19,Sophomore,No,No,Left,15,Yes,5,Yes,No,No,NA,3,6,5,NA,6,Charlie Horse,2,8,3,No,7,Charlie Horse,Varied,"""Charlie got me.""",Afternoon,CFPA Lobby,55,3,NA,3,55,NA,Charlie Horse,Charlie Horse,352.1
Anklebone Connected to the Knee Bone,12,7.53,0,1,2,NA,standing,TRUE,207,207,Group 2,7.53,1.0,FALSE,Anklebone Connected to the Knee Bone,9/16/26 18:10,207,Music Education,19,Sophomore,No,No,Left,15,Yes,5,Yes,No,No,NA,3,6,5,NA,6,Charlie Horse,2,8,3,No,7,Charlie Horse,Varied,"""Charlie got me.""",Afternoon,CFPA Lobby,55,3,NA,3,55,NA,Charlie Horse,Charlie Horse,352.1
Charlie Horse,13,205.68,8,NA,10,Forfeited at time,standing,FALSE,207,207,Group 2,205.68,50+,TRUE,Charlie Horse,9/16/26 18:10,207,Music Education,19,Sophomore,No,No,Left,15,Yes,5,Yes,No,No,NA,3,6,5,NA,6,Charlie Horse,2,8,3,No,7,Charlie Horse,Varied,"""Charlie got me.""",Afternoon,CFPA Lobby,55,3,NA,3,55,NA,Charlie Horse,Charlie Horse,352.1
Writer's Cramp,1,15.36,0,1,4,NA,standing,TRUE,208,208,Group 2,15.36,1.0,FALSE,Writer's Cramp,9/21/26 12:12,208,Criminal Justice,21,Senior,Yes,No,Right,18,Yes,6,No,No,Yes,A long time ago,7,6,5,Yes,7,Charlie Horse,7,8,10,Yes,5,Anklebone Connected to the Knee Bone,Standing up,"The participant self-disclosed having ADD. They said that it was ""really fun"" and that they were stressed when trying not to hit the rim.",Noon,CFPA Lobby,72.7,15,NA,15,72.7,NA,Charlie Horse,Ankle Bone,101.44000000000001
Wrenched Ankle,2,4.5,0,0,2,NA,standing,TRUE,208,208,Group 2,4.5,0.0,FALSE,Wrenched Ankle,9/21/26 12:12,208,Criminal Justice,21,Senior,Yes,No,Right,18,Yes,6,No,No,Yes,A long time ago,7,6,5,Yes,7,Charlie Horse,7,8,10,Yes,5,Anklebone Connected to the Knee Bone,Standing up,"The participant self-disclosed having ADD. They said that it was ""really fun"" and that they were stressed when trying not to hit the rim.",Noon,CFPA Lobby,72.7,15,NA,15,72.7,NA,Charlie Horse,Ankle Bone,101.44000000000001
Adam's Apple,3,3.68,0,0,2,NA,standing,TRUE,208,208,Group 2,3.68,0.0,FALSE,Adam's Apple,9/21/26 12:12,208,Criminal Justice,21,Senior,Yes,No,Right,18,Yes,6,No,No,Yes,A long time ago,7,6,5,Yes,7,Charlie Horse,7,8,10,Yes,5,Anklebone Connected to the Knee Bone,Standing up,"The participant self-disclosed having ADD. They said that it was ""really fun"" and that they were stressed when trying not to hit the rim.",Noon,CFPA Lobby,72.7,15,NA,15,72.7,NA,Charlie Horse,Ankle Bone,101.44000000000001
Charlie Horse,4,20.26,1,3,9,Paper warped around hole,standing,TRUE,208,208,Group 2,20.26,3.0,FALSE,Charlie Horse,9/21/26 12:12,208,Criminal Justice,21,Senior,Yes,No,Right,18,Yes,6,No,No,Yes,A long time ago,7,6,5,Yes,7,Charlie Horse,7,8,10,Yes,5,Anklebone Connected to the Knee Bone,Standing up,"The participant self-disclosed having ADD. They said that it was ""really fun"" and that they were stressed when trying not to hit the rim.",Noon,CFPA Lobby,72.7,15,NA,15,72.7,NA,Charlie Horse,Ankle Bone,101.44000000000001
Broken Heart,5,10.73,1,0,4,NA,standing,TRUE,208,208,Group 2,10.73,0.0,FALSE,Broken Heart,9/21/26 12:12,208,Criminal Justice,21,Senior,Yes,No,Right,18,Yes,6,No,No,Yes,A long time ago,7,6,5,Yes,7,Charlie Horse,7,8,10,Yes,5,Anklebone Connected to the Knee Bone,Standing up,"The participant self-disclosed having ADD. They said that it was ""really fun"" and that they were stressed when trying not to hit the rim.",Noon,CFPA Lobby,72.7,15,NA,15,72.7,NA,Charlie Horse,Ankle Bone,101.44000000000001
Brain Freeze,6,3.81,0,0,2,NA,standing,TRUE,208,208,Group 2,3.81,0.0,FALSE,Brain Freeze,9/21/26 12:12,208,Criminal Justice,21,Senior,Yes,No,Right,18,Yes,6,No,No,Yes,A long time ago,7,6,5,Yes,7,Charlie Horse,7,8,10,Yes,5,Anklebone Connected to the Knee Bone,Standing up,"The participant self-disclosed having ADD. They said that it was ""really fun"" and that they were stressed when trying not to hit the rim.",Noon,CFPA Lobby,72.7,15,NA,15,72.7,NA,Charlie Horse,Ankle Bone,101.44000000000001
Water on the Knee,7,3.46,0,0,3,NA,standing,TRUE,208,208,Group 2,3.46,0.0,FALSE,Water,9/21/26 12:12,208,Criminal Justice,21,Senior,Yes,No,Right,18,Yes,6,No,No,Yes,A long time ago,7,6,5,Yes,7,Charlie Horse,7,8,10,Yes,5,Anklebone Connected to the Knee Bone,Standing up,"The participant self-disclosed having ADD. They said that it was ""really fun"" and that they were stressed when trying not to hit the rim.",Noon,CFPA Lobby,72.7,15,NA,15,72.7,NA,Charlie Horse,Ankle Bone,101.44000000000001
Butterflies in the Stomach,8,6.95,1,0,4,NA,standing,TRUE,208,208,Group 2,6.95,0.0,FALSE,Butterflies in Stomach,9/21/26 12:12,208,Criminal Justice,21,Senior,Yes,No,Right,18,Yes,6,No,No,Yes,A long time ago,7,6,5,Yes,7,Charlie Horse,7,8,10,Yes,5,Anklebone Connected to the Knee Bone,Standing up,"The participant self-disclosed having ADD. They said that it was ""really fun"" and that they were stressed when trying not to hit the rim.",Noon,CFPA Lobby,72.7,15,NA,15,72.7,NA,Charlie Horse,Ankle Bone,101.44000000000001
Wishbone,9,7.48,0,1,5,NA,standing,TRUE,208,208,Group 2,7.48,1.0,FALSE,Wish,9/21/26 12:12,208,Criminal Justice,21,Senior,Yes,No,Right,18,Yes,6,No,No,Yes,A long time ago,7,6,5,Yes,7,Charlie Horse,7,8,10,Yes,5,Anklebone Connected to the Knee Bone,Standing up,"The participant self-disclosed having ADD. They said that it was ""really fun"" and that they were stressed when trying not to hit the rim.",Noon,CFPA Lobby,72.7,15,NA,15,72.7,NA,Charlie Horse,Ankle Bone,101.44000000000001
Bread Basket,10,3.28,0,0,2,NA,standing,TRUE,208,208,Group 2,3.28,0.0,FALSE,Bread,9/21/26 12:12,208,Criminal Justice,21,Senior,Yes,No,Right,18,Yes,6,No,No,Yes,A long time ago,7,6,5,Yes,7,Charlie Horse,7,8,10,Yes,5,Anklebone Connected to the Knee Bone,Standing up,"The participant self-disclosed having ADD. They said that it was ""really fun"" and that they were stressed when trying not to hit the rim.",Noon,CFPA Lobby,72.7,15,NA,15,72.7,NA,Charlie Horse,Ankle Bone,101.44000000000001
Spare Ribs,11,5.45,0,1,4,NA,standing,TRUE,208,208,Group 2,5.45,1.0,FALSE,Spare Ribs,9/21/26 12:12,208,Criminal Justice,21,Senior,Yes,No,Right,18,Yes,6,No,No,Yes,A long time ago,7,6,5,Yes,7,Charlie Horse,7,8,10,Yes,5,Anklebone Connected to the Knee Bone,Standing up,"The participant self-disclosed having ADD. They said that it was ""really fun"" and that they were stressed when trying not to hit the rim.",Noon,CFPA Lobby,72.7,15,NA,15,72.7,NA,Charlie Horse,Ankle Bone,101.44000000000001
Funny Bone,12,2.95,0,0,2,NA,standing,TRUE,208,208,Group 2,2.95,0.0,FALSE,Funny Bone,9/21/26 12:12,208,Criminal Justice,21,Senior,Yes,No,Right,18,Yes,6,No,No,Yes,A long time ago,7,6,5,Yes,7,Charlie Horse,7,8,10,Yes,5,Anklebone Connected to the Knee Bone,Standing up,"The participant self-disclosed having ADD. They said that it was ""really fun"" and that they were stressed when trying not to hit the rim.",Noon,CFPA Lobby,72.7,15,NA,15,72.7,NA,Charlie Horse,Ankle Bone,101.44000000000001
Anklebone Connected to the Knee Bone,13,13.53,0,0,8,NA,standing,TRUE,208,208,Group 2,13.53,0.0,FALSE,Anklebone Connected to the Knee Bone,9/21/26 12:12,208,Criminal Justice,21,Senior,Yes,No,Right,18,Yes,6,No,No,Yes,A long time ago,7,6,5,Yes,7,Charlie Horse,7,8,10,Yes,5,Anklebone Connected to the Knee Bone,Standing up,"The participant self-disclosed having ADD. They said that it was ""really fun"" and that they were stressed when trying not to hit the rim.",Noon,CFPA Lobby,72.7,15,NA,15,72.7,NA,Charlie Horse,Ankle Bone,101.44000000000001
Funny Bone,1,7.41,0,1,5,NA,standing,TRUE,209,209,Group 2,7.41,1.0,FALSE,Funny Bone,9/21/26 12:30,209,Music Education,19,Sophomore,Yes,No,Right,17,No,8,No,No,Yes,A long time ago,7,5,7,Yes,8,Wishbone,6,5,8,Yes,7,Charlie Horse,Standing up,"""This was really fun.""",Midday,CFPA Lobby,89.1,15,NA,15,89.1,NA,Wishbone,Charlie Horse,128.54
Butterflies in the Stomach,2,4.55,0,0,3,NA,standing,TRUE,209,209,Group 2,4.55,0.0,FALSE,Butterflies in Stomach,9/21/26 12:30,209,Music Education,19,Sophomore,Yes,No,Right,17,No,8,No,No,Yes,A long time ago,7,5,7,Yes,8,Wishbone,6,5,8,Yes,7,Charlie Horse,Standing up,"""This was really fun.""",Midday,CFPA Lobby,89.1,15,NA,15,89.1,NA,Wishbone,Charlie Horse,128.54
Anklebone Connected to the Knee Bone,3,10.58,0,0,7,NA,standing,TRUE,209,209,Group 2,10.58,0.0,FALSE,Anklebone Connected to the Knee Bone,9/21/26 12:30,209,Music Education,19,Sophomore,Yes,No,Right,17,No,8,No,No,Yes,A long time ago,7,5,7,Yes,8,Wishbone,6,5,8,Yes,7,Charlie Horse,Standing up,"""This was really fun.""",Midday,CFPA Lobby,89.1,15,NA,15,89.1,NA,Wishbone,Charlie Horse,128.54
Broken Heart,4,17.65,0,2,8,NA,standing,TRUE,209,209,Group 2,17.65,2.0,FALSE,Broken Heart,9/21/26 12:30,209,Music Education,19,Sophomore,Yes,No,Right,17,No,8,No,No,Yes,A long time ago,7,5,7,Yes,8,Wishbone,6,5,8,Yes,7,Charlie Horse,Standing up,"""This was really fun.""",Midday,CFPA Lobby,89.1,15,NA,15,89.1,NA,Wishbone,Charlie Horse,128.54
Writer's Cramp,5,6.21,0,1,3,NA,standing,TRUE,209,209,Group 2,6.21,1.0,FALSE,Writer's Cramp,9/21/26 12:30,209,Music Education,19,Sophomore,Yes,No,Right,17,No,8,No,No,Yes,A long time ago,7,5,7,Yes,8,Wishbone,6,5,8,Yes,7,Charlie Horse,Standing up,"""This was really fun.""",Midday,CFPA Lobby,89.1,15,NA,15,89.1,NA,Wishbone,Charlie Horse,128.54
Wishbone,6,5.45,0,1,4,NA,standing,TRUE,209,209,Group 2,5.45,1.0,FALSE,Wish Bone,9/21/26 12:30,209,Music Education,19,Sophomore,Yes,No,Right,17,No,8,No,No,Yes,A long time ago,7,5,7,Yes,8,Wishbone,6,5,8,Yes,7,Charlie Horse,Standing up,"""This was really fun.""",Midday,CFPA Lobby,89.1,15,NA,15,89.1,NA,Wishbone,Charlie Horse,128.54
Brain Freeze,7,5.3,0,0,1,NA,standing,TRUE,209,209,Group 2,5.3,0.0,FALSE,Brain Freeze,9/21/26 12:30,209,Music Education,19,Sophomore,Yes,No,Right,17,No,8,No,No,Yes,A long time ago,7,5,7,Yes,8,Wishbone,6,5,8,Yes,7,Charlie Horse,Standing up,"""This was really fun.""",Midday,CFPA Lobby,89.1,15,NA,15,89.1,NA,Wishbone,Charlie Horse,128.54
Spare Ribs,8,4.18,0,0,1,NA,standing,TRUE,209,209,Group 2,4.18,0.0,FALSE,Spare Ribs,9/21/26 12:30,209,Music Education,19,Sophomore,Yes,No,Right,17,No,8,No,No,Yes,A long time ago,7,5,7,Yes,8,Wishbone,6,5,8,Yes,7,Charlie Horse,Standing up,"""This was really fun.""",Midday,CFPA Lobby,89.1,15,NA,15,89.1,NA,Wishbone,Charlie Horse,128.54
Water on the Knee,9,6.36,0,0,3,NA,standing,TRUE,209,209,Group 2,6.36,0.0,FALSE,Water on the Knee,9/21/26 12:30,209,Music Education,19,Sophomore,Yes,No,Right,17,No,8,No,No,Yes,A long time ago,7,5,7,Yes,8,Wishbone,6,5,8,Yes,7,Charlie Horse,Standing up,"""This was really fun.""",Midday,CFPA Lobby,89.1,15,NA,15,89.1,NA,Wishbone,Charlie Horse,128.54
Wrenched Ankle,10,6.46,0,0,3,NA,standing,TRUE,209,209,Group 2,6.46,0.0,FALSE,Wrenched,9/21/26 12:30,209,Music Education,19,Sophomore,Yes,No,Right,17,No,8,No,No,Yes,A long time ago,7,5,7,Yes,8,Wishbone,6,5,8,Yes,7,Charlie Horse,Standing up,"""This was really fun.""",Midday,CFPA Lobby,89.1,15,NA,15,89.1,NA,Wishbone,Charlie Horse,128.54
Bread Basket,11,4.86,0,0,2,NA,standing,TRUE,209,209,Group 2,4.86,0.0,FALSE,Bread Basket,9/21/26 12:30,209,Music Education,19,Sophomore,Yes,No,Right,17,No,8,No,No,Yes,A long time ago,7,5,7,Yes,8,Wishbone,6,5,8,Yes,7,Charlie Horse,Standing up,"""This was really fun.""",Midday,CFPA Lobby,89.1,15,NA,15,89.1,NA,Wishbone,Charlie Horse,128.54
Adam's Apple,12,8.23,0,1,5,NA,standing,TRUE,209,209,Group 2,8.23,1.0,FALSE,Adam's Apple,9/21/26 12:30,209,Music Education,19,Sophomore,Yes,No,Right,17,No,8,No,No,Yes,A long time ago,7,5,7,Yes,8,Wishbone,6,5,8,Yes,7,Charlie Horse,Standing up,"""This was really fun.""",Midday,CFPA Lobby,89.1,15,NA,15,89.1,NA,Wishbone,Charlie Horse,128.54
Charlie Horse,13,41.3,2,10,9,NA,standing,FALSE,209,209,Group 2,41.3,10.0,FALSE,Charlie Horse,9/21/26 12:30,209,Music Education,19,Sophomore,Yes,No,Right,17,No,8,No,No,Yes,A long time ago,7,5,7,Yes,8,Wishbone,6,5,8,Yes,7,Charlie Horse,Standing up,"""This was really fun.""",Midday,CFPA Lobby,89.1,15,NA,15,89.1,NA,Wishbone,Charlie Horse,128.54
Brain Freeze,1,2.16,0,0,1,NA,sitting,TRUE,210,210,Group 2,2.16,0.0,FALSE,Brain Freeze,9/21/26 15:05,210,Mechanical Engineering,25,Junior,Yes,No,Right,20,Yes,5,Yes,No,Yes,A long time ago,5,7,10,Yes,8,Spare Ribs,4,9,10,Yes,8,Broken Heart,Sitting up,Participant says caffeine level may have affected behavior (self-reported 400 mg).,Afternoon,UWF Building 4 Tutoring Room Inside,84.4,6,72,6,84.4 dB,72,Spare Ribs,Broken Heart,202.32
Wrenched Ankle,2,18.4,4,9,8,NA,sitting,FALSE,210,210,Group 2,18.4,9.0,FALSE,Wrenched Ankle,9/21/26 15:05,210,Mechanical Engineering,25,Junior,Yes,No,Right,20,Yes,5,Yes,No,Yes,A long time ago,5,7,10,Yes,8,Spare Ribs,4,9,10,Yes,8,Broken Heart,Sitting up,Participant says caffeine level may have affected behavior (self-reported 400 mg).,Afternoon,UWF Building 4 Tutoring Room Inside,84.4,6,72,6,84.4 dB,72,Spare Ribs,Broken Heart,202.32
Funny Bone,3,19.66,2,8,9,NA,sitting,FALSE,210,210,Group 2,19.66,8.0,FALSE,Funny Bone,9/21/26 15:05,210,Mechanical Engineering,25,Junior,Yes,No,Right,20,Yes,5,Yes,No,Yes,A long time ago,5,7,10,Yes,8,Spare Ribs,4,9,10,Yes,8,Broken Heart,Sitting up,Participant says caffeine level may have affected behavior (self-reported 400 mg).,Afternoon,UWF Building 4 Tutoring Room Inside,84.4,6,72,6,84.4 dB,72,Spare Ribs,Broken Heart,202.32
Charlie Horse,4,25.27,4,14,9,NA,standing,FALSE,210,210,Group 2,25.27,14.0,FALSE,Charlie Horse,9/21/26 15:05,210,Mechanical Engineering,25,Junior,Yes,No,Right,20,Yes,5,Yes,No,Yes,A long time ago,5,7,10,Yes,8,Spare Ribs,4,9,10,Yes,8,Broken Heart,Sitting up,Participant says caffeine level may have affected behavior (self-reported 400 mg).,Afternoon,UWF Building 4 Tutoring Room Inside,84.4,6,72,6,84.4 dB,72,Spare Ribs,Broken Heart,202.32
Water on the Knee,5,4.62,0,1,2,NA,sitting,TRUE,210,210,Group 2,4.62,1.0,FALSE,Water on the Knee,9/21/26 15:05,210,Mechanical Engineering,25,Junior,Yes,No,Right,20,Yes,5,Yes,No,Yes,A long time ago,5,7,10,Yes,8,Spare Ribs,4,9,10,Yes,8,Broken Heart,Sitting up,Participant says caffeine level may have affected behavior (self-reported 400 mg).,Afternoon,UWF Building 4 Tutoring Room Inside,84.4,6,72,6,84.4 dB,72,Spare Ribs,Broken Heart,202.32
Wishbone,6,19.07,1,9,7,NA,sitting,FALSE,210,210,Group 2,19.07,9.0,FALSE,Wish Bone,9/21/26 15:05,210,Mechanical Engineering,25,Junior,Yes,No,Right,20,Yes,5,Yes,No,Yes,A long time ago,5,7,10,Yes,8,Spare Ribs,4,9,10,Yes,8,Broken Heart,Sitting up,Participant says caffeine level may have affected behavior (self-reported 400 mg).,Afternoon,UWF Building 4 Tutoring Room Inside,84.4,6,72,6,84.4 dB,72,Spare Ribs,Broken Heart,202.32
Adam's Apple,7,12.12,0,2,5,NA,sitting,TRUE,210,210,Group 2,12.12,2.0,FALSE,Adam's Apple,9/21/26 15:05,210,Mechanical Engineering,25,Junior,Yes,No,Right,20,Yes,5,Yes,No,Yes,A long time ago,5,7,10,Yes,8,Spare Ribs,4,9,10,Yes,8,Broken Heart,Sitting up,Participant says caffeine level may have affected behavior (self-reported 400 mg).,Afternoon,UWF Building 4 Tutoring Room Inside,84.4,6,72,6,84.4 dB,72,Spare Ribs,Broken Heart,202.32
Bread Basket,8,4.06,0,0,1,NA,sitting,TRUE,210,210,Group 2,4.06,0.0,FALSE,Bread Basket,9/21/26 15:05,210,Mechanical Engineering,25,Junior,Yes,No,Right,20,Yes,5,Yes,No,Yes,A long time ago,5,7,10,Yes,8,Spare Ribs,4,9,10,Yes,8,Broken Heart,Sitting up,Participant says caffeine level may have affected behavior (self-reported 400 mg).,Afternoon,UWF Building 4 Tutoring Room Inside,84.4,6,72,6,84.4 dB,72,Spare Ribs,Broken Heart,202.32
Anklebone Connected to the Knee Bone,9,12.79,0,1,4,NA,sitting,TRUE,210,210,Group 2,12.79,1.0,FALSE,Anklebone Connected to the Knee Bone,9/21/26 15:05,210,Mechanical Engineering,25,Junior,Yes,No,Right,20,Yes,5,Yes,No,Yes,A long time ago,5,7,10,Yes,8,Spare Ribs,4,9,10,Yes,8,Broken Heart,Sitting up,Participant says caffeine level may have affected behavior (self-reported 400 mg).,Afternoon,UWF Building 4 Tutoring Room Inside,84.4,6,72,6,84.4 dB,72,Spare Ribs,Broken Heart,202.32
Spare Ribs,10,22.42,0,15,10,"Magical jumping, stuck on wall",sitting,FALSE,210,210,Group 2,22.42,15.0,FALSE,Spare Ribs,9/21/26 15:05,210,Mechanical Engineering,25,Junior,Yes,No,Right,20,Yes,5,Yes,No,Yes,A long time ago,5,7,10,Yes,8,Spare Ribs,4,9,10,Yes,8,Broken Heart,Sitting up,Participant says caffeine level may have affected behavior (self-reported 400 mg).,Afternoon,UWF Building 4 Tutoring Room Inside,84.4,6,72,6,84.4 dB,72,Spare Ribs,Broken Heart,202.32
Writer's Cramp,11,18.39,0,6,7,NA,sitting,FALSE,210,210,Group 2,18.39,6.0,FALSE,Writer's Cramp,9/21/26 15:05,210,Mechanical Engineering,25,Junior,Yes,No,Right,20,Yes,5,Yes,No,Yes,A long time ago,5,7,10,Yes,8,Spare Ribs,4,9,10,Yes,8,Broken Heart,Sitting up,Participant says caffeine level may have affected behavior (self-reported 400 mg).,Afternoon,UWF Building 4 Tutoring Room Inside,84.4,6,72,6,84.4 dB,72,Spare Ribs,Broken Heart,202.32
Broken Heart,12,35.42,0,15,10,Switched hands back and forth,sitting,FALSE,210,210,Group 2,35.42,15.0,FALSE,Broken Heart,9/21/26 15:05,210,Mechanical Engineering,25,Junior,Yes,No,Right,20,Yes,5,Yes,No,Yes,A long time ago,5,7,10,Yes,8,Spare Ribs,4,9,10,Yes,8,Broken Heart,Sitting up,Participant says caffeine level may have affected behavior (self-reported 400 mg).,Afternoon,UWF Building 4 Tutoring Room Inside,84.4,6,72,6,84.4 dB,72,Spare Ribs,Broken Heart,202.32
Butterflies in the Stomach,13,7.94,0,0,2,NA,sitting,TRUE,210,210,Group 2,7.94,0.0,FALSE,Butterflies in Stomach,9/21/26 15:05,210,Mechanical Engineering,25,Junior,Yes,No,Right,20,Yes,5,Yes,No,Yes,A long time ago,5,7,10,Yes,8,Spare Ribs,4,9,10,Yes,8,Broken Heart,Sitting up,Participant says caffeine level may have affected behavior (self-reported 400 mg).,Afternoon,UWF Building 4 Tutoring Room Inside,84.4,6,72,6,84.4 dB,72,Spare Ribs,Broken Heart,202.32
Water on the Knee,1,3.21,0,0,1,NA,sitting,TRUE,211,211,Group 2,3.21,0.0,FALSE,Water on the Knee,9/21/26 15:18,211,Electrical/Computer Engineering,21,Senior,Yes,No,Right,18,Yes,7,No,No,Yes,A long time ago,5,1,7,Yes,7,Broken Heart,7,3,9,Yes,5,Wrenched Ankle,Sitting up,N/A,Afternoon,UWF Building 4 Tutoring Inside,84.3,8,72,8,84.3,72,Broken Heart,Wrenched Ankle,84.2
Wishbone,2,4.43,0,3,4,NA,sitting,TRUE,211,211,Group 2,4.43,3.0,FALSE,Wish Bone,9/21/26 15:18,211,Electrical/Computer Engineering,21,Senior,Yes,No,Right,18,Yes,7,No,No,Yes,A long time ago,5,1,7,Yes,7,Broken Heart,7,3,9,Yes,5,Wrenched Ankle,Sitting up,N/A,Afternoon,UWF Building 4 Tutoring Inside,84.3,8,72,8,84.3,72,Broken Heart,Wrenched Ankle,84.2
Charlie Horse,3,7.82,0,0,3,NA,sitting,TRUE,211,211,Group 2,7.82,0.0,FALSE,Charlie Horse,9/21/26 15:18,211,Electrical/Computer Engineering,21,Senior,Yes,No,Right,18,Yes,7,No,No,Yes,A long time ago,5,1,7,Yes,7,Broken Heart,7,3,9,Yes,5,Wrenched Ankle,Sitting up,N/A,Afternoon,UWF Building 4 Tutoring Inside,84.3,8,72,8,84.3,72,Broken Heart,Wrenched Ankle,84.2
Anklebone Connected to the Knee Bone,4,9.77,0,0,1,NA,sitting,TRUE,211,211,Group 2,9.77,0.0,FALSE,Anklebone Connected to the Knee Bone,9/21/26 15:18,211,Electrical/Computer Engineering,21,Senior,Yes,No,Right,18,Yes,7,No,No,Yes,A long time ago,5,1,7,Yes,7,Broken Heart,7,3,9,Yes,5,Wrenched Ankle,Sitting up,N/A,Afternoon,UWF Building 4 Tutoring Inside,84.3,8,72,8,84.3,72,Broken Heart,Wrenched Ankle,84.2
Adam's Apple,5,6.78,0,2,4,NA,sitting,TRUE,211,211,Group 2,6.78,2.0,FALSE,Adam's Apple,9/21/26 15:18,211,Electrical/Computer Engineering,21,Senior,Yes,No,Right,18,Yes,7,No,No,Yes,A long time ago,5,1,7,Yes,7,Broken Heart,7,3,9,Yes,5,Wrenched Ankle,Sitting up,N/A,Afternoon,UWF Building 4 Tutoring Inside,84.3,8,72,8,84.3,72,Broken Heart,Wrenched Ankle,84.2
Funny Bone,6,10.59,0,2,5,NA,sitting,TRUE,211,211,Group 2,10.59,2.0,FALSE,Funny Bone,9/21/26 15:18,211,Electrical/Computer Engineering,21,Senior,Yes,No,Right,18,Yes,7,No,No,Yes,A long time ago,5,1,7,Yes,7,Broken Heart,7,3,9,Yes,5,Wrenched Ankle,Sitting up,N/A,Afternoon,UWF Building 4 Tutoring Inside,84.3,8,72,8,84.3,72,Broken Heart,Wrenched Ankle,84.2
Brain Freeze,7,2.88,0,0,1,NA,sitting,TRUE,211,211,Group 2,2.88,0.0,FALSE,Brain Freeze,9/21/26 15:18,211,Electrical/Computer Engineering,21,Senior,Yes,No,Right,18,Yes,7,No,No,Yes,A long time ago,5,1,7,Yes,7,Broken Heart,7,3,9,Yes,5,Wrenched Ankle,Sitting up,N/A,Afternoon,UWF Building 4 Tutoring Inside,84.3,8,72,8,84.3,72,Broken Heart,Wrenched Ankle,84.2
Broken Heart,8,7.6,0,2,6,NA,sitting,TRUE,211,211,Group 2,7.6,2.0,FALSE,Broken Heart,9/21/26 15:18,211,Electrical/Computer Engineering,21,Senior,Yes,No,Right,18,Yes,7,No,No,Yes,A long time ago,5,1,7,Yes,7,Broken Heart,7,3,9,Yes,5,Wrenched Ankle,Sitting up,N/A,Afternoon,UWF Building 4 Tutoring Inside,84.3,8,72,8,84.3,72,Broken Heart,Wrenched Ankle,84.2
Spare Ribs,9,4.38,0,0,3,NA,sitting,TRUE,211,211,Group 2,4.38,0.0,FALSE,Spare Ribs,9/21/26 15:18,211,Electrical/Computer Engineering,21,Senior,Yes,No,Right,18,Yes,7,No,No,Yes,A long time ago,5,1,7,Yes,7,Broken Heart,7,3,9,Yes,5,Wrenched Ankle,Sitting up,N/A,Afternoon,UWF Building 4 Tutoring Inside,84.3,8,72,8,84.3,72,Broken Heart,Wrenched Ankle,84.2
Bread Basket,10,4.08,0,0,2,NA,sitting,TRUE,211,211,Group 2,4.08,0.0,FALSE,Bread Basket,9/21/26 15:18,211,Electrical/Computer Engineering,21,Senior,Yes,No,Right,18,Yes,7,No,No,Yes,A long time ago,5,1,7,Yes,7,Broken Heart,7,3,9,Yes,5,Wrenched Ankle,Sitting up,N/A,Afternoon,UWF Building 4 Tutoring Inside,84.3,8,72,8,84.3,72,Broken Heart,Wrenched Ankle,84.2
Wrenched Ankle,11,12.42,1,5,9,NA,sitting,FALSE,211,211,Group 2,12.42,5.0,FALSE,Wrenched Ankle,9/21/26 15:18,211,Electrical/Computer Engineering,21,Senior,Yes,No,Right,18,Yes,7,No,No,Yes,A long time ago,5,1,7,Yes,7,Broken Heart,7,3,9,Yes,5,Wrenched Ankle,Sitting up,N/A,Afternoon,UWF Building 4 Tutoring Inside,84.3,8,72,8,84.3,72,Broken Heart,Wrenched Ankle,84.2
Butterflies in the Stomach,12,3.98,0,0,3,NA,sitting,TRUE,211,211,Group 2,3.98,0.0,FALSE,Butterflies in Stomach,9/21/26 15:18,211,Electrical/Computer Engineering,21,Senior,Yes,No,Right,18,Yes,7,No,No,Yes,A long time ago,5,1,7,Yes,7,Broken Heart,7,3,9,Yes,5,Wrenched Ankle,Sitting up,N/A,Afternoon,UWF Building 4 Tutoring Inside,84.3,8,72,8,84.3,72,Broken Heart,Wrenched Ankle,84.2
Writer's Cramp,13,6.26,0,0,4,NA,sitting,TRUE,211,211,Group 2,6.26,0.0,FALSE,Writer's Cramp,9/21/26 15:18,211,Electrical/Computer Engineering,21,Senior,Yes,No,Right,18,Yes,7,No,No,Yes,A long time ago,5,1,7,Yes,7,Broken Heart,7,3,9,Yes,5,Wrenched Ankle,Sitting up,N/A,Afternoon,UWF Building 4 Tutoring Inside,84.3,8,72,8,84.3,72,Broken Heart,Wrenched Ankle,84.2
Adam's Apple,1,3.2,0,0,2,NA,sitting,TRUE,212,212,Group 2,3.2,0.0,FALSE,Adam’s Apple,9/21/26 15:29,212,Electrical Engineering,22,Senior,No,No,Right,NA,Yes,7,No,No,Yes,A long time ago,5,2,4,Yes,4,Brain Freeze,8,2,5,Yes,3,Charlie Horse,"Sitting, hunched over",Cool game,3:28,Building 4 Tutoring Room (Inside),84,8,72,8,84,72,Brain Freeze,Charlie Horse,59.6
Funny Bone,2,5.36,1,0,5,NA,sitting,FALSE,212,212,Group 2,5.36,0.0,FALSE,Funny Bone,9/21/26 15:29,212,Electrical Engineering,22,Senior,No,No,Right,NA,Yes,7,No,No,Yes,A long time ago,5,2,4,Yes,4,Brain Freeze,8,2,5,Yes,3,Charlie Horse,"Sitting, hunched over",Cool game,3:28,Building 4 Tutoring Room (Inside),84,8,72,8,84,72,Brain Freeze,Charlie Horse,59.6
Water on the Knee,3,3.43,0,0,2,NA,sitting,FALSE,212,212,Group 2,3.43,0.0,FALSE,Water on the Knee,9/21/26 15:29,212,Electrical Engineering,22,Senior,No,No,Right,NA,Yes,7,No,No,Yes,A long time ago,5,2,4,Yes,4,Brain Freeze,8,2,5,Yes,3,Charlie Horse,"Sitting, hunched over",Cool game,3:28,Building 4 Tutoring Room (Inside),84,8,72,8,84,72,Brain Freeze,Charlie Horse,59.6
Writer's Cramp,4,5.52,0,0,3,NA,sitting,TRUE,212,212,Group 2,5.52,0.0,FALSE,Writer’s Cramp,9/21/26 15:29,212,Electrical Engineering,22,Senior,No,No,Right,NA,Yes,7,No,No,Yes,A long time ago,5,2,4,Yes,4,Brain Freeze,8,2,5,Yes,3,Charlie Horse,"Sitting, hunched over",Cool game,3:28,Building 4 Tutoring Room (Inside),84,8,72,8,84,72,Brain Freeze,Charlie Horse,59.6
Broken Heart,5,4.5,0,0,3,NA,sitting,TRUE,212,212,Group 2,4.5,0.0,FALSE,Broken Heart,9/21/26 15:29,212,Electrical Engineering,22,Senior,No,No,Right,NA,Yes,7,No,No,Yes,A long time ago,5,2,4,Yes,4,Brain Freeze,8,2,5,Yes,3,Charlie Horse,"Sitting, hunched over",Cool game,3:28,Building 4 Tutoring Room (Inside),84,8,72,8,84,72,Brain Freeze,Charlie Horse,59.6
Wrenched Ankle,6,3.28,0,0,2,NA,sitting,TRUE,212,212,Group 2,3.28,0.0,FALSE,Wrenched Ankle,9/21/26 15:29,212,Electrical Engineering,22,Senior,No,No,Right,NA,Yes,7,No,No,Yes,A long time ago,5,2,4,Yes,4,Brain Freeze,8,2,5,Yes,3,Charlie Horse,"Sitting, hunched over",Cool game,3:28,Building 4 Tutoring Room (Inside),84,8,72,8,84,72,Brain Freeze,Charlie Horse,59.6
Butterflies in the Stomach,7,3.06,0,0,1,NA,sitting,TRUE,212,212,Group 2,3.06,0.0,FALSE,Butterflies in Stomach,9/21/26 15:29,212,Electrical Engineering,22,Senior,No,No,Right,NA,Yes,7,No,No,Yes,A long time ago,5,2,4,Yes,4,Brain Freeze,8,2,5,Yes,3,Charlie Horse,"Sitting, hunched over",Cool game,3:28,Building 4 Tutoring Room (Inside),84,8,72,8,84,72,Brain Freeze,Charlie Horse,59.6
Brain Freeze,8,1.9,0,0,1,NA,sitting,TRUE,212,212,Group 2,1.9,0.0,FALSE,Brain Freeze,9/21/26 15:29,212,Electrical Engineering,22,Senior,No,No,Right,NA,Yes,7,No,No,Yes,A long time ago,5,2,4,Yes,4,Brain Freeze,8,2,5,Yes,3,Charlie Horse,"Sitting, hunched over",Cool game,3:28,Building 4 Tutoring Room (Inside),84,8,72,8,84,72,Brain Freeze,Charlie Horse,59.6
Wishbone,9,2.86,0,1,3,NA,sitting,TRUE,212,212,Group 2,2.86,1.0,FALSE,Wish Bone,9/21/26 15:29,212,Electrical Engineering,22,Senior,No,No,Right,NA,Yes,7,No,No,Yes,A long time ago,5,2,4,Yes,4,Brain Freeze,8,2,5,Yes,3,Charlie Horse,"Sitting, hunched over",Cool game,3:28,Building 4 Tutoring Room (Inside),84,8,72,8,84,72,Brain Freeze,Charlie Horse,59.6
Charlie Horse,10,19.15,4,8,10,NA,sitting,TRUE,212,212,Group 2,19.15,8.0,FALSE,Charlie Horse,9/21/26 15:29,212,Electrical Engineering,22,Senior,No,No,Right,NA,Yes,7,No,No,Yes,A long time ago,5,2,4,Yes,4,Brain Freeze,8,2,5,Yes,3,Charlie Horse,"Sitting, hunched over",Cool game,3:28,Building 4 Tutoring Room (Inside),84,8,72,8,84,72,Brain Freeze,Charlie Horse,59.6
Spare Ribs,11,1.06,0,0,1,NA,sitting,TRUE,212,212,Group 2,1.06,0.0,FALSE,Spare Ribs,9/21/26 15:29,212,Electrical Engineering,22,Senior,No,No,Right,NA,Yes,7,No,No,Yes,A long time ago,5,2,4,Yes,4,Brain Freeze,8,2,5,Yes,3,Charlie Horse,"Sitting, hunched over",Cool game,3:28,Building 4 Tutoring Room (Inside),84,8,72,8,84,72,Brain Freeze,Charlie Horse,59.6
Anklebone Connected to the Knee Bone,12,3.15,0,0,1,NA,sitting,TRUE,212,212,Group 2,3.15,0.0,FALSE,Anklebone Connected to the Knee Bone,9/21/26 15:29,212,Electrical Engineering,22,Senior,No,No,Right,NA,Yes,7,No,No,Yes,A long time ago,5,2,4,Yes,4,Brain Freeze,8,2,5,Yes,3,Charlie Horse,"Sitting, hunched over",Cool game,3:28,Building 4 Tutoring Room (Inside),84,8,72,8,84,72,Brain Freeze,Charlie Horse,59.6
Bread Basket,13,3.13,0,0,1,NA,sitting,TRUE,212,212,Group 2,3.13,0.0,FALSE,Bread Basket,9/21/26 15:29,212,Electrical Engineering,22,Senior,No,No,Right,NA,Yes,7,No,No,Yes,A long time ago,5,2,4,Yes,4,Brain Freeze,8,2,5,Yes,3,Charlie Horse,"Sitting, hunched over",Cool game,3:28,Building 4 Tutoring Room (Inside),84,8,72,8,84,72,Brain Freeze,Charlie Horse,59.6
Anklebone Connected to the Knee Bone,1,10.24,0,0,1,NA,sitting,TRUE,213,213,Group 2,10.24,0.0,FALSE,Anklebone Connected to the Knee Bone,9/21/26 15:49,213,Material Science and Engineering,27,Graduate Student,No,No,Ambidextrous,NA,No,7,Yes,No,Yes,A long time ago,5,5,7,Yes,6,Spare Ribs,8,5,9,No,6,Charlie Horse,"Sitting, hunched over","A lot smaller game, Tweezers were greasy",3:48,Building 4 Tutoring Room (Inside),81,7,72,7,81,72,Spare Ribs,Charlie Horse,286.08
Broken Heart,2,73.58,6,3,10,NA,sitting,TRUE,213,213,Group 2,73.58,3.0,FALSE,Broken Heart,9/21/26 15:49,213,Material Science and Engineering,27,Graduate Student,No,No,Ambidextrous,NA,No,7,Yes,No,Yes,A long time ago,5,5,7,Yes,6,Spare Ribs,8,5,9,No,6,Charlie Horse,"Sitting, hunched over","A lot smaller game, Tweezers were greasy",3:48,Building 4 Tutoring Room (Inside),81,7,72,7,81,72,Spare Ribs,Charlie Horse,286.08
Adam's Apple,3,7.55,0,0,1,NA,sitting,TRUE,213,213,Group 2,7.55,0.0,FALSE,Adam’s Apple,9/21/26 15:49,213,Material Science and Engineering,27,Graduate Student,No,No,Ambidextrous,NA,No,7,Yes,No,Yes,A long time ago,5,5,7,Yes,6,Spare Ribs,8,5,9,No,6,Charlie Horse,"Sitting, hunched over","A lot smaller game, Tweezers were greasy",3:48,Building 4 Tutoring Room (Inside),81,7,72,7,81,72,Spare Ribs,Charlie Horse,286.08
Wrenched Ankle,4,17.07,0,0,3,NA,sitting,TRUE,213,213,Group 2,17.07,0.0,FALSE,Wrenched Ankle,9/21/26 15:49,213,Material Science and Engineering,27,Graduate Student,No,No,Ambidextrous,NA,No,7,Yes,No,Yes,A long time ago,5,5,7,Yes,6,Spare Ribs,8,5,9,No,6,Charlie Horse,"Sitting, hunched over","A lot smaller game, Tweezers were greasy",3:48,Building 4 Tutoring Room (Inside),81,7,72,7,81,72,Spare Ribs,Charlie Horse,286.08
Bread Basket,5,9.79,0,0,1,NA,sitting,TRUE,213,213,Group 2,9.79,0.0,FALSE,Bread Basket,9/21/26 15:49,213,Material Science and Engineering,27,Graduate Student,No,No,Ambidextrous,NA,No,7,Yes,No,Yes,A long time ago,5,5,7,Yes,6,Spare Ribs,8,5,9,No,6,Charlie Horse,"Sitting, hunched over","A lot smaller game, Tweezers were greasy",3:48,Building 4 Tutoring Room (Inside),81,7,72,7,81,72,Spare Ribs,Charlie Horse,286.08
Funny Bone,6,10.5,0,0,2,NA,sitting,TRUE,213,213,Group 2,10.5,0.0,FALSE,Funny Bone,9/21/26 15:49,213,Material Science and Engineering,27,Graduate Student,No,No,Ambidextrous,NA,No,7,Yes,No,Yes,A long time ago,5,5,7,Yes,6,Spare Ribs,8,5,9,No,6,Charlie Horse,"Sitting, hunched over","A lot smaller game, Tweezers were greasy",3:48,Building 4 Tutoring Room (Inside),81,7,72,7,81,72,Spare Ribs,Charlie Horse,286.08
Water on the Knee,7,17.31,2,0,2,NA,sitting,TRUE,213,213,Group 2,17.31,0.0,FALSE,Water on the Knee,9/21/26 15:49,213,Material Science and Engineering,27,Graduate Student,No,No,Ambidextrous,NA,No,7,Yes,No,Yes,A long time ago,5,5,7,Yes,6,Spare Ribs,8,5,9,No,6,Charlie Horse,"Sitting, hunched over","A lot smaller game, Tweezers were greasy",3:48,Building 4 Tutoring Room (Inside),81,7,72,7,81,72,Spare Ribs,Charlie Horse,286.08
Charlie Horse,8,72.82,9,20,10,"Shook the board, forfeited, tweezers were greasy",sitting,FALSE,213,213,Group 2,72.82,20.0,FALSE,Charlie Horse,9/21/26 15:49,213,Material Science and Engineering,27,Graduate Student,No,No,Ambidextrous,NA,No,7,Yes,No,Yes,A long time ago,5,5,7,Yes,6,Spare Ribs,8,5,9,No,6,Charlie Horse,"Sitting, hunched over","A lot smaller game, Tweezers were greasy",3:48,Building 4 Tutoring Room (Inside),81,7,72,7,81,72,Spare Ribs,Charlie Horse,286.08
Spare Ribs,9,14.4,0,2,3,NA,sitting,TRUE,213,213,Group 2,14.4,2.0,FALSE,Spare Ribs,9/21/26 15:49,213,Material Science and Engineering,27,Graduate Student,No,No,Ambidextrous,NA,No,7,Yes,No,Yes,A long time ago,5,5,7,Yes,6,Spare Ribs,8,5,9,No,6,Charlie Horse,"Sitting, hunched over","A lot smaller game, Tweezers were greasy",3:48,Building 4 Tutoring Room (Inside),81,7,72,7,81,72,Spare Ribs,Charlie Horse,286.08
Butterflies in the Stomach,10,15.4,0,0,2,Moved board slightly,sitting,TRUE,213,213,Group 2,15.4,0.0,FALSE,Butterflies in Stomach,9/21/26 15:49,213,Material Science and Engineering,27,Graduate Student,No,No,Ambidextrous,NA,No,7,Yes,No,Yes,A long time ago,5,5,7,Yes,6,Spare Ribs,8,5,9,No,6,Charlie Horse,"Sitting, hunched over","A lot smaller game, Tweezers were greasy",3:48,Building 4 Tutoring Room (Inside),81,7,72,7,81,72,Spare Ribs,Charlie Horse,286.08
Brain Freeze,11,4.12,0,0,1,NA,sitting,TRUE,213,213,Group 2,4.12,0.0,FALSE,Brain Freeze,9/21/26 15:49,213,Material Science and Engineering,27,Graduate Student,No,No,Ambidextrous,NA,No,7,Yes,No,Yes,A long time ago,5,5,7,Yes,6,Spare Ribs,8,5,9,No,6,Charlie Horse,"Sitting, hunched over","A lot smaller game, Tweezers were greasy",3:48,Building 4 Tutoring Room (Inside),81,7,72,7,81,72,Spare Ribs,Charlie Horse,286.08
Writer's Cramp,12,9.67,0,1,2,NA,sitting,TRUE,213,213,Group 2,9.67,1.0,FALSE,Writer’s Cramp,9/21/26 15:49,213,Material Science and Engineering,27,Graduate Student,No,No,Ambidextrous,NA,No,7,Yes,No,Yes,A long time ago,5,5,7,Yes,6,Spare Ribs,8,5,9,No,6,Charlie Horse,"Sitting, hunched over","A lot smaller game, Tweezers were greasy",3:48,Building 4 Tutoring Room (Inside),81,7,72,7,81,72,Spare Ribs,Charlie Horse,286.08
Wishbone,13,23.63,0,7,4,NA,sitting,FALSE,213,213,Group 2,23.63,7.0,FALSE,Wish Bone,9/21/26 15:49,213,Material Science and Engineering,27,Graduate Student,No,No,Ambidextrous,NA,No,7,Yes,No,Yes,A long time ago,5,5,7,Yes,6,Spare Ribs,8,5,9,No,6,Charlie Horse,"Sitting, hunched over","A lot smaller game, Tweezers were greasy",3:48,Building 4 Tutoring Room (Inside),81,7,72,7,81,72,Spare Ribs,Charlie Horse,286.08
Wishbone,1,22.34,1,1,4,Played a carboard box on the floor,nealing,TRUE,214,214,Group 2,22.34,1.0,FALSE,Wish Bone,9/21/26 20:38,214,Finance,21,Senior,Yes,No,Left,NA,Yes,10,Yes,Yes,Yes,A long time ago,4,8,6,Yes,7,Adam's Apple,8,6,6,Yes,4,Charlie Horse,Varied,Wash on the floor,Evening,House,NA,3,77,3,NA,77,Adam's Apple,Charlie Horse,202.52
Anklebone Connected to the Knee Bone,2,9.25,0,0,1,Played a carboard box on the floor,nealing,TRUE,214,214,Group 2,9.25,0.0,FALSE,Anklebone Connected to the Knee Bone,9/21/26 20:38,214,Finance,21,Senior,Yes,No,Left,NA,Yes,10,Yes,Yes,Yes,A long time ago,4,8,6,Yes,7,Adam's Apple,8,6,6,Yes,4,Charlie Horse,Varied,Wash on the floor,Evening,House,NA,3,77,3,NA,77,Adam's Apple,Charlie Horse,202.52
Water on the Knee,3,5.57,1,1,1,Played a carboard box on the floor,nealing,TRUE,214,214,Group 2,5.57,1.0,FALSE,Water on the Knee,9/21/26 20:38,214,Finance,21,Senior,Yes,No,Left,NA,Yes,10,Yes,Yes,Yes,A long time ago,4,8,6,Yes,7,Adam's Apple,8,6,6,Yes,4,Charlie Horse,Varied,Wash on the floor,Evening,House,NA,3,77,3,NA,77,Adam's Apple,Charlie Horse,202.52
Adam's Apple,4,6.98,0,0,1,Played a carboard box on the floor,nealing,TRUE,214,214,Group 2,6.98,0.0,FALSE,Adam's Apple,9/21/26 20:38,214,Finance,21,Senior,Yes,No,Left,NA,Yes,10,Yes,Yes,Yes,A long time ago,4,8,6,Yes,7,Adam's Apple,8,6,6,Yes,4,Charlie Horse,Varied,Wash on the floor,Evening,House,NA,3,77,3,NA,77,Adam's Apple,Charlie Horse,202.52
Spare Ribs,5,13.35,0,0,3,Played a carboard box on the floor,nealing,TRUE,214,214,Group 2,13.35,0.0,FALSE,Spare Ribs,9/21/26 20:38,214,Finance,21,Senior,Yes,No,Left,NA,Yes,10,Yes,Yes,Yes,A long time ago,4,8,6,Yes,7,Adam's Apple,8,6,6,Yes,4,Charlie Horse,Varied,Wash on the floor,Evening,House,NA,3,77,3,NA,77,Adam's Apple,Charlie Horse,202.52
Broken Heart,6,9.95,0,2,2,Played a carboard box on the floor,nealing,TRUE,214,214,Group 2,9.95,2.0,FALSE,Broken Heart,9/21/26 20:38,214,Finance,21,Senior,Yes,No,Left,NA,Yes,10,Yes,Yes,Yes,A long time ago,4,8,6,Yes,7,Adam's Apple,8,6,6,Yes,4,Charlie Horse,Varied,Wash on the floor,Evening,House,NA,3,77,3,NA,77,Adam's Apple,Charlie Horse,202.52
Writer's Cramp,7,6.5,0,1,2,Played a carboard box on the floor,nealing,TRUE,214,214,Group 2,6.5,1.0,FALSE,Writer's Cramp,9/21/26 20:38,214,Finance,21,Senior,Yes,No,Left,NA,Yes,10,Yes,Yes,Yes,A long time ago,4,8,6,Yes,7,Adam's Apple,8,6,6,Yes,4,Charlie Horse,Varied,Wash on the floor,Evening,House,NA,3,77,3,NA,77,Adam's Apple,Charlie Horse,202.52
Funny Bone,8,4.28,0,2,4,Played a carboard box on the floor,nealing,TRUE,214,214,Group 2,4.28,2.0,FALSE,Funny Bone,9/21/26 20:38,214,Finance,21,Senior,Yes,No,Left,NA,Yes,10,Yes,Yes,Yes,A long time ago,4,8,6,Yes,7,Adam's Apple,8,6,6,Yes,4,Charlie Horse,Varied,Wash on the floor,Evening,House,NA,3,77,3,NA,77,Adam's Apple,Charlie Horse,202.52
Wrenched Ankle,9,28.05,2,14,6,Played a carboard box on the floor,nealing,FALSE,214,214,Group 2,28.05,14.0,FALSE,Wrenched Ankle,9/21/26 20:38,214,Finance,21,Senior,Yes,No,Left,NA,Yes,10,Yes,Yes,Yes,A long time ago,4,8,6,Yes,7,Adam's Apple,8,6,6,Yes,4,Charlie Horse,Varied,Wash on the floor,Evening,House,NA,3,77,3,NA,77,Adam's Apple,Charlie Horse,202.52
Charlie Horse,10,77.16,5,27,8,Played a carboard box on the floor,nealing,FALSE,214,214,Group 2,77.16,27.0,FALSE,Charlie Horse,9/21/26 20:38,214,Finance,21,Senior,Yes,No,Left,NA,Yes,10,Yes,Yes,Yes,A long time ago,4,8,6,Yes,7,Adam's Apple,8,6,6,Yes,4,Charlie Horse,Varied,Wash on the floor,Evening,House,NA,3,77,3,NA,77,Adam's Apple,Charlie Horse,202.52
Brain Freeze,11,6.37,0,0,1,Played a carboard box on the floor,nealing,TRUE,214,214,Group 2,6.37,0.0,FALSE,Brain Freeze,9/21/26 20:38,214,Finance,21,Senior,Yes,No,Left,NA,Yes,10,Yes,Yes,Yes,A long time ago,4,8,6,Yes,7,Adam's Apple,8,6,6,Yes,4,Charlie Horse,Varied,Wash on the floor,Evening,House,NA,3,77,3,NA,77,Adam's Apple,Charlie Horse,202.52
Butterflies in the Stomach,12,6.9,0,0,1,Played a carboard box on the floor,nealing,TRUE,214,214,Group 2,6.9,0.0,FALSE,Butterflies in Stomach,9/21/26 20:38,214,Finance,21,Senior,Yes,No,Left,NA,Yes,10,Yes,Yes,Yes,A long time ago,4,8,6,Yes,7,Adam's Apple,8,6,6,Yes,4,Charlie Horse,Varied,Wash on the floor,Evening,House,NA,3,77,3,NA,77,Adam's Apple,Charlie Horse,202.52
Bread Basket,13,5.82,0,1,3,Played a carboard box on the floor,nealing,TRUE,214,214,Group 2,5.82,1.0,FALSE,Bread Basket,9/21/26 20:38,214,Finance,21,Senior,Yes,No,Left,NA,Yes,10,Yes,Yes,Yes,A long time ago,4,8,6,Yes,7,Adam's Apple,8,6,6,Yes,4,Charlie Horse,Varied,Wash on the floor,Evening,House,NA,3,77,3,NA,77,Adam's Apple,Charlie Horse,202.52
Anklebone Connected to the Knee Bone,1,3.2,0,0,1,Played a carboard box on the floor,chrouched,TRUE,215,215,Group 2,3.2,0.0,FALSE,Anklebone Connected to the Knee Bone,9/21/26 21:03,215,Fine Art's,21,Senior,No,No,Right,NA,Yes,7,Yes,No,Yes,A long time ago,5,5,6,Yes,6,Charlie Horse,4,4,6,No,1,Wrenched Ankle,Varied,Played a cardboard box on the floor,Evening,House,NA,3,76,3,NA,76,Charlie Horse,Wrenched Ankle,105.01
Brain Freeze,2,2.78,0,0,1,Played a carboard box on the floor,chrouched,TRUE,215,215,Group 2,2.78,0.0,FALSE,Brain Freeze,9/21/26 21:03,215,Fine Art's,21,Senior,No,No,Right,NA,Yes,7,Yes,No,Yes,A long time ago,5,5,6,Yes,6,Charlie Horse,4,4,6,No,1,Wrenched Ankle,Varied,Played a cardboard box on the floor,Evening,House,NA,3,76,3,NA,76,Charlie Horse,Wrenched Ankle,105.01
Bread Basket,3,5.2,0,0,1,Played a carboard box on the floor,chrouched,TRUE,215,215,Group 2,5.2,0.0,FALSE,Bread Basket,9/21/26 21:03,215,Fine Art's,21,Senior,No,No,Right,NA,Yes,7,Yes,No,Yes,A long time ago,5,5,6,Yes,6,Charlie Horse,4,4,6,No,1,Wrenched Ankle,Varied,Played a cardboard box on the floor,Evening,House,NA,3,76,3,NA,76,Charlie Horse,Wrenched Ankle,105.01
Wrenched Ankle,4,40.2,5,14,8,Played a carboard box on the floor,chrouched,FALSE,215,215,Group 2,40.2,14.0,FALSE,Wrenched Ankle,9/21/26 21:03,215,Fine Art's,21,Senior,No,No,Right,NA,Yes,7,Yes,No,Yes,A long time ago,5,5,6,Yes,6,Charlie Horse,4,4,6,No,1,Wrenched Ankle,Varied,Played a cardboard box on the floor,Evening,House,NA,3,76,3,NA,76,Charlie Horse,Wrenched Ankle,105.01
Funny Bone,5,4.23,0,0,1,Played a carboard box on the floor,chrouched,TRUE,215,215,Group 2,4.23,0.0,FALSE,Funny Bone,9/21/26 21:03,215,Fine Art's,21,Senior,No,No,Right,NA,Yes,7,Yes,No,Yes,A long time ago,5,5,6,Yes,6,Charlie Horse,4,4,6,No,1,Wrenched Ankle,Varied,Played a cardboard box on the floor,Evening,House,NA,3,76,3,NA,76,Charlie Horse,Wrenched Ankle,105.01
Writer's Cramp,6,5.8,0,1,2,Played a carboard box on the floor,chrouched,TRUE,215,215,Group 2,5.8,1.0,FALSE,Writer's Cramp,9/21/26 21:03,215,Fine Art's,21,Senior,No,No,Right,NA,Yes,7,Yes,No,Yes,A long time ago,5,5,6,Yes,6,Charlie Horse,4,4,6,No,1,Wrenched Ankle,Varied,Played a cardboard box on the floor,Evening,House,NA,3,76,3,NA,76,Charlie Horse,Wrenched Ankle,105.01
Water on the Knee,7,1.35,0,0,1,Played a carboard box on the floor,chrouched,TRUE,215,215,Group 2,1.35,0.0,FALSE,Water on the Knee,9/21/26 21:03,215,Fine Art's,21,Senior,No,No,Right,NA,Yes,7,Yes,No,Yes,A long time ago,5,5,6,Yes,6,Charlie Horse,4,4,6,No,1,Wrenched Ankle,Varied,Played a cardboard box on the floor,Evening,House,NA,3,76,3,NA,76,Charlie Horse,Wrenched Ankle,105.01
Butterflies in the Stomach,8,4.43,0,0,1,Played a carboard box on the floor,chrouched,TRUE,215,215,Group 2,4.43,0.0,FALSE,Butterflies in Stomach,9/21/26 21:03,215,Fine Art's,21,Senior,No,No,Right,NA,Yes,7,Yes,No,Yes,A long time ago,5,5,6,Yes,6,Charlie Horse,4,4,6,No,1,Wrenched Ankle,Varied,Played a cardboard box on the floor,Evening,House,NA,3,76,3,NA,76,Charlie Horse,Wrenched Ankle,105.01
Wishbone,9,18.32,3,8,4,Played a carboard box on the floor,chrouched,FALSE,215,215,Group 2,18.32,8.0,FALSE,Wish Bone,9/21/26 21:03,215,Fine Art's,21,Senior,No,No,Right,NA,Yes,7,Yes,No,Yes,A long time ago,5,5,6,Yes,6,Charlie Horse,4,4,6,No,1,Wrenched Ankle,Varied,Played a cardboard box on the floor,Evening,House,NA,3,76,3,NA,76,Charlie Horse,Wrenched Ankle,105.01
Charlie Horse,10,12.22,1,2,4,Played a carboard box on the floor,chrouched,TRUE,215,215,Group 2,12.22,2.0,FALSE,Charlie Horse,9/21/26 21:03,215,Fine Art's,21,Senior,No,No,Right,NA,Yes,7,Yes,No,Yes,A long time ago,5,5,6,Yes,6,Charlie Horse,4,4,6,No,1,Wrenched Ankle,Varied,Played a cardboard box on the floor,Evening,House,NA,3,76,3,NA,76,Charlie Horse,Wrenched Ankle,105.01
Broken Heart,11,4.23,0,0,1,Played a carboard box on the floor,chrouched,TRUE,215,215,Group 2,4.23,0.0,FALSE,Broken Heart,9/21/26 21:03,215,Fine Art's,21,Senior,No,No,Right,NA,Yes,7,Yes,No,Yes,A long time ago,5,5,6,Yes,6,Charlie Horse,4,4,6,No,1,Wrenched Ankle,Varied,Played a cardboard box on the floor,Evening,House,NA,3,76,3,NA,76,Charlie Horse,Wrenched Ankle,105.01
Spare Ribs,12,1.9,0,1,2,Played a carboard box on the floor,chrouched,TRUE,215,215,Group 2,1.9,1.0,FALSE,Spare Ribs,9/21/26 21:03,215,Fine Art's,21,Senior,No,No,Right,NA,Yes,7,Yes,No,Yes,A long time ago,5,5,6,Yes,6,Charlie Horse,4,4,6,No,1,Wrenched Ankle,Varied,Played a cardboard box on the floor,Evening,House,NA,3,76,3,NA,76,Charlie Horse,Wrenched Ankle,105.01
Adam's Apple,13,1.15,0,1,1,Played a carboard box on the floor,chrouched,TRUE,215,215,Group 2,1.15,1.0,FALSE,Adam's Apple,9/21/26 21:03,215,Fine Art's,21,Senior,No,No,Right,NA,Yes,7,Yes,No,Yes,A long time ago,5,5,6,Yes,6,Charlie Horse,4,4,6,No,1,Wrenched Ankle,Varied,Played a cardboard box on the floor,Evening,House,NA,3,76,3,NA,76,Charlie Horse,Wrenched Ankle,105.01
Anklebone Connected to the Knee Bone,1,3.96,0,0,1,He can't see out of his right eye and has no depth perception,sitting,TRUE,216,216,Group 2,3.96,0.0,FALSE,Anklebone Connected to the Knee Bone,9/22/26 18:09,216,Physics,21,Senior,Yes,No,Right,NA,Yes,4,No,No,Yes,A long time ago,3,1,1,Yes,8,Charlie Horse,6,1,5,Yes,4,Wrenched Ankle,"Sitting, hunched over",NA,6:08,Library Tutoring Room (Inside),NA,8,72,8,NA,72,Charlie Horse,Wrenched Ankle,112.6
Funny Bone,2,4.5,0,1,2,He can't see out of his right eye and has no depth perception,sitting,TRUE,216,216,Group 2,4.5,1.0,FALSE,Funny Bone,9/22/26 18:09,216,Physics,21,Senior,Yes,No,Right,NA,Yes,4,No,No,Yes,A long time ago,3,1,1,Yes,8,Charlie Horse,6,1,5,Yes,4,Wrenched Ankle,"Sitting, hunched over",NA,6:08,Library Tutoring Room (Inside),NA,8,72,8,NA,72,Charlie Horse,Wrenched Ankle,112.6
Broken Heart,3,12.7,0,0,7,He can't see out of his right eye and has no depth perception,sitting,TRUE,216,216,Group 2,12.7,0.0,FALSE,Broken Heart,9/22/26 18:09,216,Physics,21,Senior,Yes,No,Right,NA,Yes,4,No,No,Yes,A long time ago,3,1,1,Yes,8,Charlie Horse,6,1,5,Yes,4,Wrenched Ankle,"Sitting, hunched over",NA,6:08,Library Tutoring Room (Inside),NA,8,72,8,NA,72,Charlie Horse,Wrenched Ankle,112.6
Wishbone,4,5.01,0,0,2,He can't see out of his right eye and has no depth perception,sitting,TRUE,216,216,Group 2,5.01,0.0,FALSE,Wish Bone,9/22/26 18:09,216,Physics,21,Senior,Yes,No,Right,NA,Yes,4,No,No,Yes,A long time ago,3,1,1,Yes,8,Charlie Horse,6,1,5,Yes,4,Wrenched Ankle,"Sitting, hunched over",NA,6:08,Library Tutoring Room (Inside),NA,8,72,8,NA,72,Charlie Horse,Wrenched Ankle,112.6
Butterflies in the Stomach,5,6.18,0,0,1,He can't see out of his right eye and has no depth perception,sitting,TRUE,216,216,Group 2,6.18,0.0,FALSE,Butterflies in Stomach,9/22/26 18:09,216,Physics,21,Senior,Yes,No,Right,NA,Yes,4,No,No,Yes,A long time ago,3,1,1,Yes,8,Charlie Horse,6,1,5,Yes,4,Wrenched Ankle,"Sitting, hunched over",NA,6:08,Library Tutoring Room (Inside),NA,8,72,8,NA,72,Charlie Horse,Wrenched Ankle,112.6
Adam's Apple,6,3.21,0,0,1,He can't see out of his right eye and has no depth perception,sitting,TRUE,216,216,Group 2,3.21,0.0,FALSE,Adam's Apple,9/22/26 18:09,216,Physics,21,Senior,Yes,No,Right,NA,Yes,4,No,No,Yes,A long time ago,3,1,1,Yes,8,Charlie Horse,6,1,5,Yes,4,Wrenched Ankle,"Sitting, hunched over",NA,6:08,Library Tutoring Room (Inside),NA,8,72,8,NA,72,Charlie Horse,Wrenched Ankle,112.6
Writer's Cramp,7,4.35,0,1,4,He can't see out of his right eye and has no depth perception,sitting,TRUE,216,216,Group 2,4.35,1.0,FALSE,Writer's Cramp,9/22/26 18:09,216,Physics,21,Senior,Yes,No,Right,NA,Yes,4,No,No,Yes,A long time ago,3,1,1,Yes,8,Charlie Horse,6,1,5,Yes,4,Wrenched Ankle,"Sitting, hunched over",NA,6:08,Library Tutoring Room (Inside),NA,8,72,8,NA,72,Charlie Horse,Wrenched Ankle,112.6
Bread Basket,8,7.62,0,0,6,He can't see out of his right eye and has no depth perception,sitting,TRUE,216,216,Group 2,7.62,0.0,FALSE,Bread Basket,9/22/26 18:09,216,Physics,21,Senior,Yes,No,Right,NA,Yes,4,No,No,Yes,A long time ago,3,1,1,Yes,8,Charlie Horse,6,1,5,Yes,4,Wrenched Ankle,"Sitting, hunched over",NA,6:08,Library Tutoring Room (Inside),NA,8,72,8,NA,72,Charlie Horse,Wrenched Ankle,112.6
Brain Freeze,9,3.06,0,0,1,He can't see out of his right eye and has no depth perception,sitting,TRUE,216,216,Group 2,3.06,0.0,FALSE,Brain Freeze,9/22/26 18:09,216,Physics,21,Senior,Yes,No,Right,NA,Yes,4,No,No,Yes,A long time ago,3,1,1,Yes,8,Charlie Horse,6,1,5,Yes,4,Wrenched Ankle,"Sitting, hunched over",NA,6:08,Library Tutoring Room (Inside),NA,8,72,8,NA,72,Charlie Horse,Wrenched Ankle,112.6
Water on the Knee,10,11.14,1,1,8,He can't see out of his right eye and has no depth perception,sitting,TRUE,216,216,Group 2,11.14,1.0,FALSE,Water on the Knee,9/22/26 18:09,216,Physics,21,Senior,Yes,No,Right,NA,Yes,4,No,No,Yes,A long time ago,3,1,1,Yes,8,Charlie Horse,6,1,5,Yes,4,Wrenched Ankle,"Sitting, hunched over",NA,6:08,Library Tutoring Room (Inside),NA,8,72,8,NA,72,Charlie Horse,Wrenched Ankle,112.6
Wrenched Ankle,11,40.08,2,27,10,He can't see out of his right eye and has no depth perception,sitting,FALSE,216,216,Group 2,40.08,27.0,FALSE,Wrenched Ankle,9/22/26 18:09,216,Physics,21,Senior,Yes,No,Right,NA,Yes,4,No,No,Yes,A long time ago,3,1,1,Yes,8,Charlie Horse,6,1,5,Yes,4,Wrenched Ankle,"Sitting, hunched over",NA,6:08,Library Tutoring Room (Inside),NA,8,72,8,NA,72,Charlie Horse,Wrenched Ankle,112.6
Charlie Horse,12,8.19,1,0,4,He can't see out of his right eye and has no depth perception,sitting,TRUE,216,216,Group 2,8.19,0.0,FALSE,Charlie Horse,9/22/26 18:09,216,Physics,21,Senior,Yes,No,Right,NA,Yes,4,No,No,Yes,A long time ago,3,1,1,Yes,8,Charlie Horse,6,1,5,Yes,4,Wrenched Ankle,"Sitting, hunched over",NA,6:08,Library Tutoring Room (Inside),NA,8,72,8,NA,72,Charlie Horse,Wrenched Ankle,112.6
Spare Ribs,13,2.6,0,0,1,He can't see out of his right eye and has no depth perception,sitting,TRUE,216,216,Group 2,2.6,0.0,FALSE,Spare Ribs,9/22/26 18:09,216,Physics,21,Senior,Yes,No,Right,NA,Yes,4,No,No,Yes,A long time ago,3,1,1,Yes,8,Charlie Horse,6,1,5,Yes,4,Wrenched Ankle,"Sitting, hunched over",NA,6:08,Library Tutoring Room (Inside),NA,8,72,8,NA,72,Charlie Horse,Wrenched Ankle,112.6
Broken Heart,1,9.09,1,5,5,NA,sitting,FALSE,217,217,Group 2,9.09,5.0,FALSE,Broken Heart,9/22/26 18:26,217,Marine Biology,20,Junior,No,No,Right,NA,No,7,Yes,No,Yes,A long time ago,6,2,8,Yes,6,Wrenched Ankle,7,8,8,Yes,8,Wishbone,"Sitting, hunched over",NA,6:25,Library Tutoring Room (Inside),NA,8,73,8,NA,73,Wrenched Ankle,Wishbone,63.11
Funny Bone,2,2.86,0,0,2,NA,sitting,TRUE,217,217,Group 2,2.86,0.0,FALSE,Funny Bone,9/22/26 18:26,217,Marine Biology,20,Junior,No,No,Right,NA,No,7,Yes,No,Yes,A long time ago,6,2,8,Yes,6,Wrenched Ankle,7,8,8,Yes,8,Wishbone,"Sitting, hunched over",NA,6:25,Library Tutoring Room (Inside),NA,8,73,8,NA,73,Wrenched Ankle,Wishbone,63.11
Brain Freeze,3,1.86,0,0,1,NA,sitting,TRUE,217,217,Group 2,1.86,0.0,FALSE,Brain Freeze,9/22/26 18:26,217,Marine Biology,20,Junior,No,No,Right,NA,No,7,Yes,No,Yes,A long time ago,6,2,8,Yes,6,Wrenched Ankle,7,8,8,Yes,8,Wishbone,"Sitting, hunched over",NA,6:25,Library Tutoring Room (Inside),NA,8,73,8,NA,73,Wrenched Ankle,Wishbone,63.11
Charlie Horse,4,4.82,0,1,6,NA,sitting,TRUE,217,217,Group 2,4.82,1.0,FALSE,Charlie Horse,9/22/26 18:26,217,Marine Biology,20,Junior,No,No,Right,NA,No,7,Yes,No,Yes,A long time ago,6,2,8,Yes,6,Wrenched Ankle,7,8,8,Yes,8,Wishbone,"Sitting, hunched over",NA,6:25,Library Tutoring Room (Inside),NA,8,73,8,NA,73,Wrenched Ankle,Wishbone,63.11
Anklebone Connected to the Knee Bone,5,4.53,0,0,2,NA,sitting,TRUE,217,217,Group 2,4.53,0.0,FALSE,Anklebone Connected to the Knee Bone,9/22/26 18:26,217,Marine Biology,20,Junior,No,No,Right,NA,No,7,Yes,No,Yes,A long time ago,6,2,8,Yes,6,Wrenched Ankle,7,8,8,Yes,8,Wishbone,"Sitting, hunched over",NA,6:25,Library Tutoring Room (Inside),NA,8,73,8,NA,73,Wrenched Ankle,Wishbone,63.11
Water on the Knee,6,9,3,1,6,NA,sitting,TRUE,217,217,Group 2,9.0,1.0,FALSE,Water on the Knee,9/22/26 18:26,217,Marine Biology,20,Junior,No,No,Right,NA,No,7,Yes,No,Yes,A long time ago,6,2,8,Yes,6,Wrenched Ankle,7,8,8,Yes,8,Wishbone,"Sitting, hunched over",NA,6:25,Library Tutoring Room (Inside),NA,8,73,8,NA,73,Wrenched Ankle,Wishbone,63.11
Writer's Cramp,7,4.78,0,2,5,NA,sitting,TRUE,217,217,Group 2,4.78,2.0,FALSE,Writer's Cramp,9/22/26 18:26,217,Marine Biology,20,Junior,No,No,Right,NA,No,7,Yes,No,Yes,A long time ago,6,2,8,Yes,6,Wrenched Ankle,7,8,8,Yes,8,Wishbone,"Sitting, hunched over",NA,6:25,Library Tutoring Room (Inside),NA,8,73,8,NA,73,Wrenched Ankle,Wishbone,63.11
Wrenched Ankle,8,5.78,1,3,7,NA,sitting,TRUE,217,217,Group 2,5.78,3.0,FALSE,Wrenched Ankle,9/22/26 18:26,217,Marine Biology,20,Junior,No,No,Right,NA,No,7,Yes,No,Yes,A long time ago,6,2,8,Yes,6,Wrenched Ankle,7,8,8,Yes,8,Wishbone,"Sitting, hunched over",NA,6:25,Library Tutoring Room (Inside),NA,8,73,8,NA,73,Wrenched Ankle,Wishbone,63.11
Spare Ribs,9,4,0,4,5,NA,sitting,TRUE,217,217,Group 2,4.0,4.0,FALSE,Spare Ribs,9/22/26 18:26,217,Marine Biology,20,Junior,No,No,Right,NA,No,7,Yes,No,Yes,A long time ago,6,2,8,Yes,6,Wrenched Ankle,7,8,8,Yes,8,Wishbone,"Sitting, hunched over",NA,6:25,Library Tutoring Room (Inside),NA,8,73,8,NA,73,Wrenched Ankle,Wishbone,63.11
Bread Basket,10,4.06,0,1,5,NA,sitting,TRUE,217,217,Group 2,4.06,1.0,FALSE,Bread Basket,9/22/26 18:26,217,Marine Biology,20,Junior,No,No,Right,NA,No,7,Yes,No,Yes,A long time ago,6,2,8,Yes,6,Wrenched Ankle,7,8,8,Yes,8,Wishbone,"Sitting, hunched over",NA,6:25,Library Tutoring Room (Inside),NA,8,73,8,NA,73,Wrenched Ankle,Wishbone,63.11
Wishbone,11,5.85,0,1,7,Just rammed the buzzer,sitting,TRUE,217,217,Group 2,5.85,1.0,FALSE,Wish Bone,9/22/26 18:26,217,Marine Biology,20,Junior,No,No,Right,NA,No,7,Yes,No,Yes,A long time ago,6,2,8,Yes,6,Wrenched Ankle,7,8,8,Yes,8,Wishbone,"Sitting, hunched over",NA,6:25,Library Tutoring Room (Inside),NA,8,73,8,NA,73,Wrenched Ankle,Wishbone,63.11
Butterflies in the Stomach,12,3.48,0,0,2,NA,sitting,TRUE,217,217,Group 2,3.48,0.0,FALSE,Butterflies in Stomach,9/22/26 18:26,217,Marine Biology,20,Junior,No,No,Right,NA,No,7,Yes,No,Yes,A long time ago,6,2,8,Yes,6,Wrenched Ankle,7,8,8,Yes,8,Wishbone,"Sitting, hunched over",NA,6:25,Library Tutoring Room (Inside),NA,8,73,8,NA,73,Wrenched Ankle,Wishbone,63.11
Adam's Apple,13,3,0,0,2,NA,sitting,TRUE,217,217,Group 2,3.0,0.0,FALSE,Adam's Apple,9/22/26 18:26,217,Marine Biology,20,Junior,No,No,Right,NA,No,7,Yes,No,Yes,A long time ago,6,2,8,Yes,6,Wrenched Ankle,7,8,8,Yes,8,Wishbone,"Sitting, hunched over",NA,6:25,Library Tutoring Room (Inside),NA,8,73,8,NA,73,Wrenched Ankle,Wishbone,63.11
Writer's Cramp,1,8.43,3,9,5,NA,sitting,FALSE,218,218,Group 2,8.43,9.0,FALSE,Writer's Cramp,9/23/26 12:19,218,Electrical Engineering,21,Senior,No,No,Left,NA,Yes,6,Yes,No,Yes,A long time ago,7,1,6,Yes,2,Anklebone Connected to the Knee Bone,7,1,6,Yes,3,Broken Heart,"Sitting, hunched over",NA,12:19,Building 4 Tutoring Room (Inside),NA,4,72,4,NA,72,Ankle Bone,Broken Heart,121.44999999999999
Butterflies in the Stomach,2,5.18,0,0,1,NA,sitting,TRUE,218,218,Group 2,5.18,0.0,FALSE,Butterflies in Stomach,9/23/26 12:19,218,Electrical Engineering,21,Senior,No,No,Left,NA,Yes,6,Yes,No,Yes,A long time ago,7,1,6,Yes,2,Anklebone Connected to the Knee Bone,7,1,6,Yes,3,Broken Heart,"Sitting, hunched over",NA,12:19,Building 4 Tutoring Room (Inside),NA,4,72,4,NA,72,Ankle Bone,Broken Heart,121.44999999999999
Wishbone,3,3.71,0,3,3,NA,sitting,TRUE,218,218,Group 2,3.71,3.0,FALSE,Wish Bone,9/23/26 12:19,218,Electrical Engineering,21,Senior,No,No,Left,NA,Yes,6,Yes,No,Yes,A long time ago,7,1,6,Yes,2,Anklebone Connected to the Knee Bone,7,1,6,Yes,3,Broken Heart,"Sitting, hunched over",NA,12:19,Building 4 Tutoring Room (Inside),NA,4,72,4,NA,72,Ankle Bone,Broken Heart,121.44999999999999
Brain Freeze,4,3.41,0,0,1,NA,sitting,TRUE,218,218,Group 2,3.41,0.0,FALSE,Brain Freeze,9/23/26 12:19,218,Electrical Engineering,21,Senior,No,No,Left,NA,Yes,6,Yes,No,Yes,A long time ago,7,1,6,Yes,2,Anklebone Connected to the Knee Bone,7,1,6,Yes,3,Broken Heart,"Sitting, hunched over",NA,12:19,Building 4 Tutoring Room (Inside),NA,4,72,4,NA,72,Ankle Bone,Broken Heart,121.44999999999999
Wrenched Ankle,5,12.65,2,8,6,NA,sitting,FALSE,218,218,Group 2,12.65,8.0,FALSE,Wrenched Ankle,9/23/26 12:19,218,Electrical Engineering,21,Senior,No,No,Left,NA,Yes,6,Yes,No,Yes,A long time ago,7,1,6,Yes,2,Anklebone Connected to the Knee Bone,7,1,6,Yes,3,Broken Heart,"Sitting, hunched over",NA,12:19,Building 4 Tutoring Room (Inside),NA,4,72,4,NA,72,Ankle Bone,Broken Heart,121.44999999999999
Water on the Knee,6,5.75,0,1,2,NA,sitting,TRUE,218,218,Group 2,5.75,1.0,FALSE,Water on the Knee,9/23/26 12:19,218,Electrical Engineering,21,Senior,No,No,Left,NA,Yes,6,Yes,No,Yes,A long time ago,7,1,6,Yes,2,Anklebone Connected to the Knee Bone,7,1,6,Yes,3,Broken Heart,"Sitting, hunched over",NA,12:19,Building 4 Tutoring Room (Inside),NA,4,72,4,NA,72,Ankle Bone,Broken Heart,121.44999999999999
Adam's Apple,7,12.25,0,7,8,NA,sitting,FALSE,218,218,Group 2,12.25,7.0,FALSE,Adam's Apple,9/23/26 12:19,218,Electrical Engineering,21,Senior,No,No,Left,NA,Yes,6,Yes,No,Yes,A long time ago,7,1,6,Yes,2,Anklebone Connected to the Knee Bone,7,1,6,Yes,3,Broken Heart,"Sitting, hunched over",NA,12:19,Building 4 Tutoring Room (Inside),NA,4,72,4,NA,72,Ankle Bone,Broken Heart,121.44999999999999
Bread Basket,8,7.23,0,2,2,NA,sitting,TRUE,218,218,Group 2,7.23,2.0,FALSE,Bread Basket,9/23/26 12:19,218,Electrical Engineering,21,Senior,No,No,Left,NA,Yes,6,Yes,No,Yes,A long time ago,7,1,6,Yes,2,Anklebone Connected to the Knee Bone,7,1,6,Yes,3,Broken Heart,"Sitting, hunched over",NA,12:19,Building 4 Tutoring Room (Inside),NA,4,72,4,NA,72,Ankle Bone,Broken Heart,121.44999999999999
Spare Ribs,9,5.55,0,2,1,NA,sitting,TRUE,218,218,Group 2,5.55,2.0,FALSE,Spare Ribs,9/23/26 12:19,218,Electrical Engineering,21,Senior,No,No,Left,NA,Yes,6,Yes,No,Yes,A long time ago,7,1,6,Yes,2,Anklebone Connected to the Knee Bone,7,1,6,Yes,3,Broken Heart,"Sitting, hunched over",NA,12:19,Building 4 Tutoring Room (Inside),NA,4,72,4,NA,72,Ankle Bone,Broken Heart,121.44999999999999
Anklebone Connected to the Knee Bone,10,6.13,0,0,1,NA,sitting,TRUE,218,218,Group 2,6.13,0.0,FALSE,Anklebone Connected to the Knee Bone,9/23/26 12:19,218,Electrical Engineering,21,Senior,No,No,Left,NA,Yes,6,Yes,No,Yes,A long time ago,7,1,6,Yes,2,Anklebone Connected to the Knee Bone,7,1,6,Yes,3,Broken Heart,"Sitting, hunched over",NA,12:19,Building 4 Tutoring Room (Inside),NA,4,72,4,NA,72,Ankle Bone,Broken Heart,121.44999999999999
Charlie Horse,11,14.55,0,5,8,NA,sitting,FALSE,218,218,Group 2,14.55,5.0,FALSE,Charlie Horse,9/23/26 12:19,218,Electrical Engineering,21,Senior,No,No,Left,NA,Yes,6,Yes,No,Yes,A long time ago,7,1,6,Yes,2,Anklebone Connected to the Knee Bone,7,1,6,Yes,3,Broken Heart,"Sitting, hunched over",NA,12:19,Building 4 Tutoring Room (Inside),NA,4,72,4,NA,72,Ankle Bone,Broken Heart,121.44999999999999
Broken Heart,12,34.68,0,25,10,Stuck in corner,sitting,FALSE,218,218,Group 2,34.68,25.0,FALSE,Broken Heart,9/23/26 12:19,218,Electrical Engineering,21,Senior,No,No,Left,NA,Yes,6,Yes,No,Yes,A long time ago,7,1,6,Yes,2,Anklebone Connected to the Knee Bone,7,1,6,Yes,3,Broken Heart,"Sitting, hunched over",NA,12:19,Building 4 Tutoring Room (Inside),NA,4,72,4,NA,72,Ankle Bone,Broken Heart,121.44999999999999
Funny Bone,13,1.93,0,1,1,NA,sitting,TRUE,218,218,Group 2,1.93,1.0,FALSE,Funny Bone,9/23/26 12:19,218,Electrical Engineering,21,Senior,No,No,Left,NA,Yes,6,Yes,No,Yes,A long time ago,7,1,6,Yes,2,Anklebone Connected to the Knee Bone,7,1,6,Yes,3,Broken Heart,"Sitting, hunched over",NA,12:19,Building 4 Tutoring Room (Inside),NA,4,72,4,NA,72,Ankle Bone,Broken Heart,121.44999999999999
Broken Heart,1,27.66,1,2,4,NA,sitting,TRUE,219,219,Group 2,27.66,2.0,FALSE,Broken Heart,9/23/26 12:34,219,Electrical and Computer Engineering,21,Senior,Yes,No,Right,NA,Yes,5,No,No,Yes,A long time ago,7,7,6,Yes,3,Wishbone,7,7,7,Yes,3,Broken Heart,"Sitting, hunched over",NA,12:33,Building 4 Tutoring Room (Inside),NA,6,73,6,NA,73,Wishbone,Broken Heart,156.15999999999997
Adam's Apple,2,9.17,0,0,1,NA,sitting,TRUE,219,219,Group 2,9.17,0.0,FALSE,Adam's Apple,9/23/26 12:34,219,Electrical and Computer Engineering,21,Senior,Yes,No,Right,NA,Yes,5,No,No,Yes,A long time ago,7,7,6,Yes,3,Wishbone,7,7,7,Yes,3,Broken Heart,"Sitting, hunched over",NA,12:33,Building 4 Tutoring Room (Inside),NA,6,73,6,NA,73,Wishbone,Broken Heart,156.15999999999997
Wrenched Ankle,3,37.92,1,5,5,NA,sitting,FALSE,219,219,Group 2,37.92,5.0,FALSE,Wrenched Ankle,9/23/26 12:34,219,Electrical and Computer Engineering,21,Senior,Yes,No,Right,NA,Yes,5,No,No,Yes,A long time ago,7,7,6,Yes,3,Wishbone,7,7,7,Yes,3,Broken Heart,"Sitting, hunched over",NA,12:33,Building 4 Tutoring Room (Inside),NA,6,73,6,NA,73,Wishbone,Broken Heart,156.15999999999997
Charlie Horse,4,19.48,1,1,3,NA,sitting,TRUE,219,219,Group 2,19.48,1.0,FALSE,Charlie Horse,9/23/26 12:34,219,Electrical and Computer Engineering,21,Senior,Yes,No,Right,NA,Yes,5,No,No,Yes,A long time ago,7,7,6,Yes,3,Wishbone,7,7,7,Yes,3,Broken Heart,"Sitting, hunched over",NA,12:33,Building 4 Tutoring Room (Inside),NA,6,73,6,NA,73,Wishbone,Broken Heart,156.15999999999997
Water on the Knee,5,4.2,0,0,1,NA,sitting,TRUE,219,219,Group 2,4.2,0.0,FALSE,Water on the Knee,9/23/26 12:34,219,Electrical and Computer Engineering,21,Senior,Yes,No,Right,NA,Yes,5,No,No,Yes,A long time ago,7,7,6,Yes,3,Wishbone,7,7,7,Yes,3,Broken Heart,"Sitting, hunched over",NA,12:33,Building 4 Tutoring Room (Inside),NA,6,73,6,NA,73,Wishbone,Broken Heart,156.15999999999997
Writer's Cramp,6,7.6,0,0,1,NA,sitting,TRUE,219,219,Group 2,7.6,0.0,FALSE,Writer's Cramp,9/23/26 12:34,219,Electrical and Computer Engineering,21,Senior,Yes,No,Right,NA,Yes,5,No,No,Yes,A long time ago,7,7,6,Yes,3,Wishbone,7,7,7,Yes,3,Broken Heart,"Sitting, hunched over",NA,12:33,Building 4 Tutoring Room (Inside),NA,6,73,6,NA,73,Wishbone,Broken Heart,156.15999999999997
Anklebone Connected to the Knee Bone,7,3.16,0,0,1,NA,sitting,TRUE,219,219,Group 2,3.16,0.0,FALSE,Anklebone Connected to the Knee Bone,9/23/26 12:34,219,Electrical and Computer Engineering,21,Senior,Yes,No,Right,NA,Yes,5,No,No,Yes,A long time ago,7,7,6,Yes,3,Wishbone,7,7,7,Yes,3,Broken Heart,"Sitting, hunched over",NA,12:33,Building 4 Tutoring Room (Inside),NA,6,73,6,NA,73,Wishbone,Broken Heart,156.15999999999997
Butterflies in the Stomach,8,5,0,0,1,NA,sitting,TRUE,219,219,Group 2,5.0,0.0,FALSE,Butterflies in Stomach,9/23/26 12:34,219,Electrical and Computer Engineering,21,Senior,Yes,No,Right,NA,Yes,5,No,No,Yes,A long time ago,7,7,6,Yes,3,Wishbone,7,7,7,Yes,3,Broken Heart,"Sitting, hunched over",NA,12:33,Building 4 Tutoring Room (Inside),NA,6,73,6,NA,73,Wishbone,Broken Heart,156.15999999999997
Wishbone,9,20.59,0,5,6,NA,sitting,FALSE,219,219,Group 2,20.59,5.0,FALSE,Wish Bone,9/23/26 12:34,219,Electrical and Computer Engineering,21,Senior,Yes,No,Right,NA,Yes,5,No,No,Yes,A long time ago,7,7,6,Yes,3,Wishbone,7,7,7,Yes,3,Broken Heart,"Sitting, hunched over",NA,12:33,Building 4 Tutoring Room (Inside),NA,6,73,6,NA,73,Wishbone,Broken Heart,156.15999999999997
Spare Ribs,10,7.5,0,1,2,NA,sitting,TRUE,219,219,Group 2,7.5,1.0,FALSE,Spare Ribs,9/23/26 12:34,219,Electrical and Computer Engineering,21,Senior,Yes,No,Right,NA,Yes,5,No,No,Yes,A long time ago,7,7,6,Yes,3,Wishbone,7,7,7,Yes,3,Broken Heart,"Sitting, hunched over",NA,12:33,Building 4 Tutoring Room (Inside),NA,6,73,6,NA,73,Wishbone,Broken Heart,156.15999999999997
Brain Freeze,11,3.48,0,0,1,NA,sitting,TRUE,219,219,Group 2,3.48,0.0,FALSE,Brain Freeze,9/23/26 12:34,219,Electrical and Computer Engineering,21,Senior,Yes,No,Right,NA,Yes,5,No,No,Yes,A long time ago,7,7,6,Yes,3,Wishbone,7,7,7,Yes,3,Broken Heart,"Sitting, hunched over",NA,12:33,Building 4 Tutoring Room (Inside),NA,6,73,6,NA,73,Wishbone,Broken Heart,156.15999999999997
Funny Bone,12,5.92,0,0,1,NA,sitting,TRUE,219,219,Group 2,5.92,0.0,FALSE,Funny Bone,9/23/26 12:34,219,Electrical and Computer Engineering,21,Senior,Yes,No,Right,NA,Yes,5,No,No,Yes,A long time ago,7,7,6,Yes,3,Wishbone,7,7,7,Yes,3,Broken Heart,"Sitting, hunched over",NA,12:33,Building 4 Tutoring Room (Inside),NA,6,73,6,NA,73,Wishbone,Broken Heart,156.15999999999997
Bread Basket,13,4.48,0,0,2,NA,sitting,TRUE,219,219,Group 2,4.48,0.0,FALSE,Bread Basket,9/23/26 12:34,219,Electrical and Computer Engineering,21,Senior,Yes,No,Right,NA,Yes,5,No,No,Yes,A long time ago,7,7,6,Yes,3,Wishbone,7,7,7,Yes,3,Broken Heart,"Sitting, hunched over",NA,12:33,Building 4 Tutoring Room (Inside),NA,6,73,6,NA,73,Wishbone,Broken Heart,156.15999999999997
Charlie Horse,1,27.32,2,3,8,NA,sitting,TRUE,220,220,Group 2,27.32,3.0,FALSE,Charlie Horse,9/24/26 20:06,220,N/A,49,Not a Student,Yes,No,Right,18,No,10,Yes,No,Yes,A long time ago,10,3,6,Yes,7,Writer's Cramp,8,4,9,Yes,7,Charlie Horse,"Sitting, hunched over",NA,Evening,House,23.5,3,76,3,23.5,76,Writer's Cramp,Charlie Horse,130.77
Water on the Knee,2,6.8,0,0,1,NA,sitting,TRUE,220,220,Group 2,6.8,0.0,FALSE,Water on the Knee,9/24/26 20:06,220,N/A,49,Not a Student,Yes,No,Right,18,No,10,Yes,No,Yes,A long time ago,10,3,6,Yes,7,Writer's Cramp,8,4,9,Yes,7,Charlie Horse,"Sitting, hunched over",NA,Evening,House,23.5,3,76,3,23.5,76,Writer's Cramp,Charlie Horse,130.77
Wishbone,3,14.21,0,4,6,NA,sitting,TRUE,220,220,Group 2,14.21,4.0,FALSE,Wish Bone,9/24/26 20:06,220,N/A,49,Not a Student,Yes,No,Right,18,No,10,Yes,No,Yes,A long time ago,10,3,6,Yes,7,Writer's Cramp,8,4,9,Yes,7,Charlie Horse,"Sitting, hunched over",NA,Evening,House,23.5,3,76,3,23.5,76,Writer's Cramp,Charlie Horse,130.77
Spare Ribs,4,6.01,0,0,1,NA,sitting,TRUE,220,220,Group 2,6.01,0.0,FALSE,Spare Ribs,9/24/26 20:06,220,N/A,49,Not a Student,Yes,No,Right,18,No,10,Yes,No,Yes,A long time ago,10,3,6,Yes,7,Writer's Cramp,8,4,9,Yes,7,Charlie Horse,"Sitting, hunched over",NA,Evening,House,23.5,3,76,3,23.5,76,Writer's Cramp,Charlie Horse,130.77
Bread Basket,5,5.53,0,0,1,NA,sitting,TRUE,220,220,Group 2,5.53,0.0,FALSE,Bread Basket,9/24/26 20:06,220,N/A,49,Not a Student,Yes,No,Right,18,No,10,Yes,No,Yes,A long time ago,10,3,6,Yes,7,Writer's Cramp,8,4,9,Yes,7,Charlie Horse,"Sitting, hunched over",NA,Evening,House,23.5,3,76,3,23.5,76,Writer's Cramp,Charlie Horse,130.77
Anklebone Connected to the Knee Bone,6,6.13,0,0,1,NA,sitting,TRUE,220,220,Group 2,6.13,0.0,FALSE,Anklebone Connected to the Knee Bone,9/24/26 20:06,220,N/A,49,Not a Student,Yes,No,Right,18,No,10,Yes,No,Yes,A long time ago,10,3,6,Yes,7,Writer's Cramp,8,4,9,Yes,7,Charlie Horse,"Sitting, hunched over",NA,Evening,House,23.5,3,76,3,23.5,76,Writer's Cramp,Charlie Horse,130.77
Brain Freeze,7,3.43,0,0,1,NA,sitting,TRUE,220,220,Group 2,3.43,0.0,FALSE,Brain Freeze,9/24/26 20:06,220,N/A,49,Not a Student,Yes,No,Right,18,No,10,Yes,No,Yes,A long time ago,10,3,6,Yes,7,Writer's Cramp,8,4,9,Yes,7,Charlie Horse,"Sitting, hunched over",NA,Evening,House,23.5,3,76,3,23.5,76,Writer's Cramp,Charlie Horse,130.77
Butterflies in the Stomach,8,7.26,4,0,1,NA,sitting,TRUE,220,220,Group 2,7.26,0.0,FALSE,Butterflies in Stomach,9/24/26 20:06,220,N/A,49,Not a Student,Yes,No,Right,18,No,10,Yes,No,Yes,A long time ago,10,3,6,Yes,7,Writer's Cramp,8,4,9,Yes,7,Charlie Horse,"Sitting, hunched over",NA,Evening,House,23.5,3,76,3,23.5,76,Writer's Cramp,Charlie Horse,130.77
Adam's Apple,9,7.45,0,0,1,NA,sitting,TRUE,220,220,Group 2,7.45,0.0,FALSE,Adam’s Apple,9/24/26 20:06,220,N/A,49,Not a Student,Yes,No,Right,18,No,10,Yes,No,Yes,A long time ago,10,3,6,Yes,7,Writer's Cramp,8,4,9,Yes,7,Charlie Horse,"Sitting, hunched over",NA,Evening,House,23.5,3,76,3,23.5,76,Writer's Cramp,Charlie Horse,130.77
Wrenched Ankle,10,12.2,0,3,3,NA,sitting,TRUE,220,220,Group 2,12.2,3.0,FALSE,Wrench Ankle,9/24/26 20:06,220,N/A,49,Not a Student,Yes,No,Right,18,No,10,Yes,No,Yes,A long time ago,10,3,6,Yes,7,Writer's Cramp,8,4,9,Yes,7,Charlie Horse,"Sitting, hunched over",NA,Evening,House,23.5,3,76,3,23.5,76,Writer's Cramp,Charlie Horse,130.77
Broken Heart,11,21.4,1,1,3,NA,sitting,TRUE,220,220,Group 2,21.4,1.0,FALSE,Broken Heart,9/24/26 20:06,220,N/A,49,Not a Student,Yes,No,Right,18,No,10,Yes,No,Yes,A long time ago,10,3,6,Yes,7,Writer's Cramp,8,4,9,Yes,7,Charlie Horse,"Sitting, hunched over",NA,Evening,House,23.5,3,76,3,23.5,76,Writer's Cramp,Charlie Horse,130.77
Writer's Cramp,12,7.7,0,0,1,NA,sitting,TRUE,220,220,Group 2,7.7,0.0,FALSE,Writer’s Cramp,9/24/26 20:06,220,N/A,49,Not a Student,Yes,No,Right,18,No,10,Yes,No,Yes,A long time ago,10,3,6,Yes,7,Writer's Cramp,8,4,9,Yes,7,Charlie Horse,"Sitting, hunched over",NA,Evening,House,23.5,3,76,3,23.5,76,Writer's Cramp,Charlie Horse,130.77
Funny Bone,13,5.33,0,0,2,NA,sitting,TRUE,220,220,Group 2,5.33,0.0,FALSE,Funny Bone,9/24/26 20:06,220,N/A,49,Not a Student,Yes,No,Right,18,No,10,Yes,No,Yes,A long time ago,10,3,6,Yes,7,Writer's Cramp,8,4,9,Yes,7,Charlie Horse,"Sitting, hunched over",NA,Evening,House,23.5,3,76,3,23.5,76,Writer's Cramp,Charlie Horse,130.77
Writer's Cramp,1,14.26,0,4,10,NA,sitting/standing,TRUE,221,221,Group 2,14.26,4.0,FALSE,Writer’s Cramp,9/24/26 20:24,221,N/A,48,Not a Student,Yes,No,Right,15,Yes,7,Yes,No,Yes,A long time ago,5,7,9,Yes,7,Charlie Horse,2,10,9,No,10,Charlie Horse,Varied,“I don’t like this game because I like to win and this game makes me feel like a loser.”,Evening,House,51.1,3,75,3,51.1,75,Charlie Horse,Charlie Horse,199.47
Wrenched Ankle,2,76.92,9,19,8,NA,sitting,FALSE,221,221,Group 2,76.92,19.0,FALSE,Wrench Ankle,9/24/26 20:24,221,N/A,48,Not a Student,Yes,No,Right,15,Yes,7,Yes,No,Yes,A long time ago,5,7,9,Yes,7,Charlie Horse,2,10,9,No,10,Charlie Horse,Varied,“I don’t like this game because I like to win and this game makes me feel like a loser.”,Evening,House,51.1,3,75,3,51.1,75,Charlie Horse,Charlie Horse,199.47
Broken Heart,3,6.6,0,0,1,NA,sitting,TRUE,221,221,Group 2,6.6,0.0,FALSE,Broken Heart,9/24/26 20:24,221,N/A,48,Not a Student,Yes,No,Right,15,Yes,7,Yes,No,Yes,A long time ago,5,7,9,Yes,7,Charlie Horse,2,10,9,No,10,Charlie Horse,Varied,“I don’t like this game because I like to win and this game makes me feel like a loser.”,Evening,House,51.1,3,75,3,51.1,75,Charlie Horse,Charlie Horse,199.47
Butterflies in the Stomach,4,5.45,0,0,2,NA,sitting,TRUE,221,221,Group 2,5.45,0.0,FALSE,Butterflies in Stomach,9/24/26 20:24,221,N/A,48,Not a Student,Yes,No,Right,15,Yes,7,Yes,No,Yes,A long time ago,5,7,9,Yes,7,Charlie Horse,2,10,9,No,10,Charlie Horse,Varied,“I don’t like this game because I like to win and this game makes me feel like a loser.”,Evening,House,51.1,3,75,3,51.1,75,Charlie Horse,Charlie Horse,199.47
Wishbone,5,9.48,0,1,3,NA,sitting,TRUE,221,221,Group 2,9.48,1.0,FALSE,Wish Bone,9/24/26 20:24,221,N/A,48,Not a Student,Yes,No,Right,15,Yes,7,Yes,No,Yes,A long time ago,5,7,9,Yes,7,Charlie Horse,2,10,9,No,10,Charlie Horse,Varied,“I don’t like this game because I like to win and this game makes me feel like a loser.”,Evening,House,51.1,3,75,3,51.1,75,Charlie Horse,Charlie Horse,199.47
Charlie Horse,6,28.87,0,9,9,NA,sitting,FALSE,221,221,Group 2,28.87,9.0,FALSE,Charlie Horse,9/24/26 20:24,221,N/A,48,Not a Student,Yes,No,Right,15,Yes,7,Yes,No,Yes,A long time ago,5,7,9,Yes,7,Charlie Horse,2,10,9,No,10,Charlie Horse,Varied,“I don’t like this game because I like to win and this game makes me feel like a loser.”,Evening,House,51.1,3,75,3,51.1,75,Charlie Horse,Charlie Horse,199.47
Adam's Apple,7,3.56,0,1,7,NA,sitting,TRUE,221,221,Group 2,3.56,1.0,FALSE,Adam’s Apple,9/24/26 20:24,221,N/A,48,Not a Student,Yes,No,Right,15,Yes,7,Yes,No,Yes,A long time ago,5,7,9,Yes,7,Charlie Horse,2,10,9,No,10,Charlie Horse,Varied,“I don’t like this game because I like to win and this game makes me feel like a loser.”,Evening,House,51.1,3,75,3,51.1,75,Charlie Horse,Charlie Horse,199.47
Brain Freeze,8,2.9,0,1,2,NA,sitting,TRUE,221,221,Group 2,2.9,1.0,FALSE,Brain Freeze,9/24/26 20:24,221,N/A,48,Not a Student,Yes,No,Right,15,Yes,7,Yes,No,Yes,A long time ago,5,7,9,Yes,7,Charlie Horse,2,10,9,No,10,Charlie Horse,Varied,“I don’t like this game because I like to win and this game makes me feel like a loser.”,Evening,House,51.1,3,75,3,51.1,75,Charlie Horse,Charlie Horse,199.47
Bread Basket,9,17.56,0,1,4,NA,sitting,TRUE,221,221,Group 2,17.56,1.0,FALSE,Bread Basket,9/24/26 20:24,221,N/A,48,Not a Student,Yes,No,Right,15,Yes,7,Yes,No,Yes,A long time ago,5,7,9,Yes,7,Charlie Horse,2,10,9,No,10,Charlie Horse,Varied,“I don’t like this game because I like to win and this game makes me feel like a loser.”,Evening,House,51.1,3,75,3,51.1,75,Charlie Horse,Charlie Horse,199.47
Water on the Knee,10,10.66,3,0,2,NA,sitting,TRUE,221,221,Group 2,10.66,0.0,FALSE,Water on the Knee,9/24/26 20:24,221,N/A,48,Not a Student,Yes,No,Right,15,Yes,7,Yes,No,Yes,A long time ago,5,7,9,Yes,7,Charlie Horse,2,10,9,No,10,Charlie Horse,Varied,“I don’t like this game because I like to win and this game makes me feel like a loser.”,Evening,House,51.1,3,75,3,51.1,75,Charlie Horse,Charlie Horse,199.47
Anklebone Connected to the Knee Bone,11,2.81,0,0,1,NA,sitting,TRUE,221,221,Group 2,2.81,0.0,FALSE,Anklebone Connected to the Knee Bone,9/24/26 20:24,221,N/A,48,Not a Student,Yes,No,Right,15,Yes,7,Yes,No,Yes,A long time ago,5,7,9,Yes,7,Charlie Horse,2,10,9,No,10,Charlie Horse,Varied,“I don’t like this game because I like to win and this game makes me feel like a loser.”,Evening,House,51.1,3,75,3,51.1,75,Charlie Horse,Charlie Horse,199.47
Funny Bone,12,12.36,0,3,3,NA,sitting,TRUE,221,221,Group 2,12.36,3.0,FALSE,Funny Bone,9/24/26 20:24,221,N/A,48,Not a Student,Yes,No,Right,15,Yes,7,Yes,No,Yes,A long time ago,5,7,9,Yes,7,Charlie Horse,2,10,9,No,10,Charlie Horse,Varied,“I don’t like this game because I like to win and this game makes me feel like a loser.”,Evening,House,51.1,3,75,3,51.1,75,Charlie Horse,Charlie Horse,199.47
Spare Ribs,13,8.04,0,3,4,NA,sitting/standing,TRUE,221,221,Group 2,8.04,3.0,FALSE,Spare Ribs,9/24/26 20:24,221,N/A,48,Not a Student,Yes,No,Right,15,Yes,7,Yes,No,Yes,A long time ago,5,7,9,Yes,7,Charlie Horse,2,10,9,No,10,Charlie Horse,Varied,“I don’t like this game because I like to win and this game makes me feel like a loser.”,Evening,House,51.1,3,75,3,51.1,75,Charlie Horse,Charlie Horse,199.47
Funny Bone,1,6.45,0,0,4,NA,sititing,TRUE,222,222,Group 2,00:06.45,0.0,FALSE,Funny Bone,9/30/26 12:14,222,Biology,23,Senior,No,No,Right,15,Yes,6,No,No,Yes,A long time ago,6,10,8,No,7,Writer's Cramp,6,3,8,Yes,6,Charlie Horse,"Sitting, hunched over","Kneeling on floor, “it was fun”",12:13,Building 58c,60,9,70,9,60,70,Writer's Cramp,Charlie Horse,99.72000000000001
Brain Freeze,2,6.53,0,0,5,NA,sitting,TRUE,222,222,Group 2,00:06.53,0.0,FALSE,Brain Freeze,9/30/26 12:14,222,Biology,23,Senior,No,No,Right,15,Yes,6,No,No,Yes,A long time ago,6,10,8,No,7,Writer's Cramp,6,3,8,Yes,6,Charlie Horse,"Sitting, hunched over","Kneeling on floor, “it was fun”",12:13,Building 58c,60,9,70,9,60,70,Writer's Cramp,Charlie Horse,99.72000000000001
Adam's Apple,3,13.08,0,5,7,NA,sitting,FALSE,222,222,Group 2,00:13.08,5.0,FALSE,Adams apple,9/30/26 12:14,222,Biology,23,Senior,No,No,Right,15,Yes,6,No,No,Yes,A long time ago,6,10,8,No,7,Writer's Cramp,6,3,8,Yes,6,Charlie Horse,"Sitting, hunched over","Kneeling on floor, “it was fun”",12:13,Building 58c,60,9,70,9,60,70,Writer's Cramp,Charlie Horse,99.72000000000001
Wishbone,4,7.46,0,4,7,NA,sitting,TRUE,222,222,Group 2,00:07.46,4.0,FALSE,Wish Bone,9/30/26 12:14,222,Biology,23,Senior,No,No,Right,15,Yes,6,No,No,Yes,A long time ago,6,10,8,No,7,Writer's Cramp,6,3,8,Yes,6,Charlie Horse,"Sitting, hunched over","Kneeling on floor, “it was fun”",12:13,Building 58c,60,9,70,9,60,70,Writer's Cramp,Charlie Horse,99.72000000000001
Writer's Cramp,5,8.36,0,0,5,NA,sitting,TRUE,222,222,Group 2,00:08.36,0.0,FALSE,Writers Cramp,9/30/26 12:14,222,Biology,23,Senior,No,No,Right,15,Yes,6,No,No,Yes,A long time ago,6,10,8,No,7,Writer's Cramp,6,3,8,Yes,6,Charlie Horse,"Sitting, hunched over","Kneeling on floor, “it was fun”",12:13,Building 58c,60,9,70,9,60,70,Writer's Cramp,Charlie Horse,99.72000000000001
Wrenched Ankle,6,12.88,0,5,5,NA,sitting,FALSE,222,222,Group 2,00:12.88,5.0,FALSE,Wrenched Ankle,9/30/26 12:14,222,Biology,23,Senior,No,No,Right,15,Yes,6,No,No,Yes,A long time ago,6,10,8,No,7,Writer's Cramp,6,3,8,Yes,6,Charlie Horse,"Sitting, hunched over","Kneeling on floor, “it was fun”",12:13,Building 58c,60,9,70,9,60,70,Writer's Cramp,Charlie Horse,99.72000000000001
Bread Basket,7,3.68,0,0,2,NA,sitting,TRUE,222,222,Group 2,00:03.68,0.0,FALSE,Bread Basket,9/30/26 12:14,222,Biology,23,Senior,No,No,Right,15,Yes,6,No,No,Yes,A long time ago,6,10,8,No,7,Writer's Cramp,6,3,8,Yes,6,Charlie Horse,"Sitting, hunched over","Kneeling on floor, “it was fun”",12:13,Building 58c,60,9,70,9,60,70,Writer's Cramp,Charlie Horse,99.72000000000001
Water on the Knee,8,3.86,0,0,2,NA,sitting,TRUE,222,222,Group 2,00:03.86,0.0,FALSE,Water on the knee,9/30/26 12:14,222,Biology,23,Senior,No,No,Right,15,Yes,6,No,No,Yes,A long time ago,6,10,8,No,7,Writer's Cramp,6,3,8,Yes,6,Charlie Horse,"Sitting, hunched over","Kneeling on floor, “it was fun”",12:13,Building 58c,60,9,70,9,60,70,Writer's Cramp,Charlie Horse,99.72000000000001
Anklebone Connected to the Knee Bone,9,6,0,0,2,NA,sitting,TRUE,222,222,Group 2,00:06.00,0.0,FALSE,Anklebone connected to the knee bone,9/30/26 12:14,222,Biology,23,Senior,No,No,Right,15,Yes,6,No,No,Yes,A long time ago,6,10,8,No,7,Writer's Cramp,6,3,8,Yes,6,Charlie Horse,"Sitting, hunched over","Kneeling on floor, “it was fun”",12:13,Building 58c,60,9,70,9,60,70,Writer's Cramp,Charlie Horse,99.72000000000001
Charlie Horse,10,13.7,0,11,9,NA,sitting,FALSE,222,222,Group 2,00:13.7,11.0,FALSE,Charlie Horse,9/30/26 12:14,222,Biology,23,Senior,No,No,Right,15,Yes,6,No,No,Yes,A long time ago,6,10,8,No,7,Writer's Cramp,6,3,8,Yes,6,Charlie Horse,"Sitting, hunched over","Kneeling on floor, “it was fun”",12:13,Building 58c,60,9,70,9,60,70,Writer's Cramp,Charlie Horse,99.72000000000001
Spare Ribs,11,4.46,0,2,3,NA,sitting,TRUE,222,222,Group 2,00:04.46,2.0,FALSE,Spare ribs,9/30/26 12:14,222,Biology,23,Senior,No,No,Right,15,Yes,6,No,No,Yes,A long time ago,6,10,8,No,7,Writer's Cramp,6,3,8,Yes,6,Charlie Horse,"Sitting, hunched over","Kneeling on floor, “it was fun”",12:13,Building 58c,60,9,70,9,60,70,Writer's Cramp,Charlie Horse,99.72000000000001
Butterflies in the Stomach,12,4.56,0,0,3,NA,sitting,TRUE,222,222,Group 2,00:04.56,0.0,FALSE,Butterflies in stomach,9/30/26 12:14,222,Biology,23,Senior,No,No,Right,15,Yes,6,No,No,Yes,A long time ago,6,10,8,No,7,Writer's Cramp,6,3,8,Yes,6,Charlie Horse,"Sitting, hunched over","Kneeling on floor, “it was fun”",12:13,Building 58c,60,9,70,9,60,70,Writer's Cramp,Charlie Horse,99.72000000000001
Broken Heart,13,8.7,0,2,4,NA,sitting,TRUE,222,222,Group 2,00:08.7,2.0,FALSE,Broken heart,9/30/26 12:14,222,Biology,23,Senior,No,No,Right,15,Yes,6,No,No,Yes,A long time ago,6,10,8,No,7,Writer's Cramp,6,3,8,Yes,6,Charlie Horse,"Sitting, hunched over","Kneeling on floor, “it was fun”",12:13,Building 58c,60,9,70,9,60,70,Writer's Cramp,Charlie Horse,99.72000000000001
Anklebone Connected to the Knee Bone,1,4.01,0,0,2,NA,sitting,TRUE,223,223,Group 2,00:04.01,0.0,FALSE,Anklebone connected to the kneebone,9/30/26 12:34,223,Cybersecurity,18,Freshman,Yes,No,Right,15,No,2.5,No,No,No,NA,3,1,4,NA,8,Writer's Cramp,6,1,5,Yes,7,Charlie Horse,Sitting up,NA,Midday,Building 58c,63.3,8,70,8,63.3,70,Writer's Cramp,Charlie Horse,124.33999999999999
Charlie Horse,2,52.54,0,19,9,NA,sitting,FALSE,223,223,Group 2,00:52.54,19.0,FALSE,Charlie Horse,9/30/26 12:34,223,Cybersecurity,18,Freshman,Yes,No,Right,15,No,2.5,No,No,No,NA,3,1,4,NA,8,Writer's Cramp,6,1,5,Yes,7,Charlie Horse,Sitting up,NA,Midday,Building 58c,63.3,8,70,8,63.3,70,Writer's Cramp,Charlie Horse,124.33999999999999
Wishbone,3,6.78,0,4,5,NA,sitting,TRUE,223,223,Group 2,00:06.78,4.0,FALSE,Wish bone,9/30/26 12:34,223,Cybersecurity,18,Freshman,Yes,No,Right,15,No,2.5,No,No,No,NA,3,1,4,NA,8,Writer's Cramp,6,1,5,Yes,7,Charlie Horse,Sitting up,NA,Midday,Building 58c,63.3,8,70,8,63.3,70,Writer's Cramp,Charlie Horse,124.33999999999999
Water on the Knee,4,2,0,0,1,NA,sitting,TRUE,223,223,Group 2,00:02.00,0.0,FALSE,Water knee,9/30/26 12:34,223,Cybersecurity,18,Freshman,Yes,No,Right,15,No,2.5,No,No,No,NA,3,1,4,NA,8,Writer's Cramp,6,1,5,Yes,7,Charlie Horse,Sitting up,NA,Midday,Building 58c,63.3,8,70,8,63.3,70,Writer's Cramp,Charlie Horse,124.33999999999999
Wrenched Ankle,5,14.58,4,5,4,NA,sitting,FALSE,223,223,Group 2,00:14.58,5.0,FALSE,Wrenched ankle,9/30/26 12:34,223,Cybersecurity,18,Freshman,Yes,No,Right,15,No,2.5,No,No,No,NA,3,1,4,NA,8,Writer's Cramp,6,1,5,Yes,7,Charlie Horse,Sitting up,NA,Midday,Building 58c,63.3,8,70,8,63.3,70,Writer's Cramp,Charlie Horse,124.33999999999999
Writer's Cramp,6,12,0,5,6,NA,sitting,FALSE,223,223,Group 2,00:12.00,5.0,FALSE,Writer’s Cramp,9/30/26 12:34,223,Cybersecurity,18,Freshman,Yes,No,Right,15,No,2.5,No,No,No,NA,3,1,4,NA,8,Writer's Cramp,6,1,5,Yes,7,Charlie Horse,Sitting up,NA,Midday,Building 58c,63.3,8,70,8,63.3,70,Writer's Cramp,Charlie Horse,124.33999999999999
Adam's Apple,7,7.51,1,1,1,NA,sitting,TRUE,223,223,Group 2,00:07.51,1.0,FALSE,Adams apple,9/30/26 12:34,223,Cybersecurity,18,Freshman,Yes,No,Right,15,No,2.5,No,No,No,NA,3,1,4,NA,8,Writer's Cramp,6,1,5,Yes,7,Charlie Horse,Sitting up,NA,Midday,Building 58c,63.3,8,70,8,63.3,70,Writer's Cramp,Charlie Horse,124.33999999999999
Bread Basket,8,4.6,0,0,1,NA,sitting,TRUE,223,223,Group 2,00:04.6,0.0,FALSE,Bread basket,9/30/26 12:34,223,Cybersecurity,18,Freshman,Yes,No,Right,15,No,2.5,No,No,No,NA,3,1,4,NA,8,Writer's Cramp,6,1,5,Yes,7,Charlie Horse,Sitting up,NA,Midday,Building 58c,63.3,8,70,8,63.3,70,Writer's Cramp,Charlie Horse,124.33999999999999
Funny Bone,9,5.73,2,0,1,NA,sitting,TRUE,223,223,Group 2,00:05.73,0.0,FALSE,Funny bone,9/30/26 12:34,223,Cybersecurity,18,Freshman,Yes,No,Right,15,No,2.5,No,No,No,NA,3,1,4,NA,8,Writer's Cramp,6,1,5,Yes,7,Charlie Horse,Sitting up,NA,Midday,Building 58c,63.3,8,70,8,63.3,70,Writer's Cramp,Charlie Horse,124.33999999999999
Brain Freeze,10,4.95,0,0,1,NA,sitting,TRUE,223,223,Group 2,00:04.95,0.0,FALSE,Brain freeze,9/30/26 12:34,223,Cybersecurity,18,Freshman,Yes,No,Right,15,No,2.5,No,No,No,NA,3,1,4,NA,8,Writer's Cramp,6,1,5,Yes,7,Charlie Horse,Sitting up,NA,Midday,Building 58c,63.3,8,70,8,63.3,70,Writer's Cramp,Charlie Horse,124.33999999999999
Spare Ribs,11,5.05,0,1,1,NA,sitting,TRUE,223,223,Group 2,00:05.05,1.0,FALSE,Spare ribs,9/30/26 12:34,223,Cybersecurity,18,Freshman,Yes,No,Right,15,No,2.5,No,No,No,NA,3,1,4,NA,8,Writer's Cramp,6,1,5,Yes,7,Charlie Horse,Sitting up,NA,Midday,Building 58c,63.3,8,70,8,63.3,70,Writer's Cramp,Charlie Horse,124.33999999999999
Butterflies in the Stomach,12,2.71,0,0,1,NA,sitting,TRUE,223,223,Group 2,00:02.71,0.0,FALSE,Butterflies in stomach,9/30/26 12:34,223,Cybersecurity,18,Freshman,Yes,No,Right,15,No,2.5,No,No,No,NA,3,1,4,NA,8,Writer's Cramp,6,1,5,Yes,7,Charlie Horse,Sitting up,NA,Midday,Building 58c,63.3,8,70,8,63.3,70,Writer's Cramp,Charlie Horse,124.33999999999999
Broken Heart,13,1.88,0,0,1,NA,sitting,TRUE,223,223,Group 2,00:01.88,0.0,FALSE,Broken heart,9/30/26 12:34,223,Cybersecurity,18,Freshman,Yes,No,Right,15,No,2.5,No,No,No,NA,3,1,4,NA,8,Writer's Cramp,6,1,5,Yes,7,Charlie Horse,Sitting up,NA,Midday,Building 58c,63.3,8,70,8,63.3,70,Writer's Cramp,Charlie Horse,124.33999999999999
Funny Bone,1,7.74,0,0,3,NA,sitting,TRUE,224,224,Group 2,7.74,0.0,FALSE,Funny Bone,10/1/26 13:43,224,Mechanical Engineering,20,Junior,Yes,No,Right,NA,Yes,7,No,Yes,Yes,A long time ago,6,8,5,Yes,6,Butterflies in the Stomach,6,5,7,Yes,5,Charlie Horse,"Sitting, hunched over",It was fun,1:43,Building 4 Tutoring Room (Inside),NA,4,72,4,NA,72,Butterfly,Charlie Horse,124.19
Butterflies in the Stomach,2,18.11,3,0,7,NA,sitting,TRUE,224,224,Group 2,18.11,0.0,FALSE,Butterflies in Stomach,10/1/26 13:43,224,Mechanical Engineering,20,Junior,Yes,No,Right,NA,Yes,7,No,Yes,Yes,A long time ago,6,8,5,Yes,6,Butterflies in the Stomach,6,5,7,Yes,5,Charlie Horse,"Sitting, hunched over",It was fun,1:43,Building 4 Tutoring Room (Inside),NA,4,72,4,NA,72,Butterfly,Charlie Horse,124.19
Brain Freeze,3,2.44,0,0,2,NA,sitting,TRUE,224,224,Group 2,2.44,0.0,FALSE,Brain Freeze,10/1/26 13:43,224,Mechanical Engineering,20,Junior,Yes,No,Right,NA,Yes,7,No,Yes,Yes,A long time ago,6,8,5,Yes,6,Butterflies in the Stomach,6,5,7,Yes,5,Charlie Horse,"Sitting, hunched over",It was fun,1:43,Building 4 Tutoring Room (Inside),NA,4,72,4,NA,72,Butterfly,Charlie Horse,124.19
Wrenched Ankle,4,24.28,1,12,8,NA,sitting,FALSE,224,224,Group 2,24.28,12.0,FALSE,Wrenched Ankle,10/1/26 13:43,224,Mechanical Engineering,20,Junior,Yes,No,Right,NA,Yes,7,No,Yes,Yes,A long time ago,6,8,5,Yes,6,Butterflies in the Stomach,6,5,7,Yes,5,Charlie Horse,"Sitting, hunched over",It was fun,1:43,Building 4 Tutoring Room (Inside),NA,4,72,4,NA,72,Butterfly,Charlie Horse,124.19
Writer's Cramp,5,4.99,0,1,5,NA,sitting,TRUE,224,224,Group 2,4.99,1.0,FALSE,Writer's Cramp,10/1/26 13:43,224,Mechanical Engineering,20,Junior,Yes,No,Right,NA,Yes,7,No,Yes,Yes,A long time ago,6,8,5,Yes,6,Butterflies in the Stomach,6,5,7,Yes,5,Charlie Horse,"Sitting, hunched over",It was fun,1:43,Building 4 Tutoring Room (Inside),NA,4,72,4,NA,72,Butterfly,Charlie Horse,124.19
Adam's Apple,6,2.98,0,0,2,NA,sitting,TRUE,224,224,Group 2,2.98,0.0,FALSE,Adam's Apple,10/1/26 13:43,224,Mechanical Engineering,20,Junior,Yes,No,Right,NA,Yes,7,No,Yes,Yes,A long time ago,6,8,5,Yes,6,Butterflies in the Stomach,6,5,7,Yes,5,Charlie Horse,"Sitting, hunched over",It was fun,1:43,Building 4 Tutoring Room (Inside),NA,4,72,4,NA,72,Butterfly,Charlie Horse,124.19
Anklebone Connected to the Knee Bone,7,5.94,0,0,1,NA,sitting,TRUE,224,224,Group 2,5.94,0.0,FALSE,Anklebone,10/1/26 13:43,224,Mechanical Engineering,20,Junior,Yes,No,Right,NA,Yes,7,No,Yes,Yes,A long time ago,6,8,5,Yes,6,Butterflies in the Stomach,6,5,7,Yes,5,Charlie Horse,"Sitting, hunched over",It was fun,1:43,Building 4 Tutoring Room (Inside),NA,4,72,4,NA,72,Butterfly,Charlie Horse,124.19
Spare Ribs,8,9.51,0,0,4,NA,sitting,TRUE,224,224,Group 2,9.51,0.0,FALSE,Spare Ribs,10/1/26 13:43,224,Mechanical Engineering,20,Junior,Yes,No,Right,NA,Yes,7,No,Yes,Yes,A long time ago,6,8,5,Yes,6,Butterflies in the Stomach,6,5,7,Yes,5,Charlie Horse,"Sitting, hunched over",It was fun,1:43,Building 4 Tutoring Room (Inside),NA,4,72,4,NA,72,Butterfly,Charlie Horse,124.19
Water on the Knee,9,3.46,0,0,2,NA,sitting,TRUE,224,224,Group 2,3.46,0.0,FALSE,Water on the Knee,10/1/26 13:43,224,Mechanical Engineering,20,Junior,Yes,No,Right,NA,Yes,7,No,Yes,Yes,A long time ago,6,8,5,Yes,6,Butterflies in the Stomach,6,5,7,Yes,5,Charlie Horse,"Sitting, hunched over",It was fun,1:43,Building 4 Tutoring Room (Inside),NA,4,72,4,NA,72,Butterfly,Charlie Horse,124.19
Broken Heart,10,24.7,1,4,5,NA,sitting,TRUE,224,224,Group 2,24.7,4.0,FALSE,Broken Heart,10/1/26 13:43,224,Mechanical Engineering,20,Junior,Yes,No,Right,NA,Yes,7,No,Yes,Yes,A long time ago,6,8,5,Yes,6,Butterflies in the Stomach,6,5,7,Yes,5,Charlie Horse,"Sitting, hunched over",It was fun,1:43,Building 4 Tutoring Room (Inside),NA,4,72,4,NA,72,Butterfly,Charlie Horse,124.19
Charlie Horse,11,14.57,1,5,8,NA,sitting,FALSE,224,224,Group 2,14.57,5.0,FALSE,Charlie Horse,10/1/26 13:43,224,Mechanical Engineering,20,Junior,Yes,No,Right,NA,Yes,7,No,Yes,Yes,A long time ago,6,8,5,Yes,6,Butterflies in the Stomach,6,5,7,Yes,5,Charlie Horse,"Sitting, hunched over",It was fun,1:43,Building 4 Tutoring Room (Inside),NA,4,72,4,NA,72,Butterfly,Charlie Horse,124.19
Wishbone,12,2.36,0,2,3,NA,sitting,TRUE,224,224,Group 2,2.36,2.0,FALSE,Wish Bone,10/1/26 13:43,224,Mechanical Engineering,20,Junior,Yes,No,Right,NA,Yes,7,No,Yes,Yes,A long time ago,6,8,5,Yes,6,Butterflies in the Stomach,6,5,7,Yes,5,Charlie Horse,"Sitting, hunched over",It was fun,1:43,Building 4 Tutoring Room (Inside),NA,4,72,4,NA,72,Butterfly,Charlie Horse,124.19
Bread Basket,13,3.11,0,0,2,NA,sitting,TRUE,224,224,Group 2,3.11,0.0,FALSE,Bread Basket,10/1/26 13:43,224,Mechanical Engineering,20,Junior,Yes,No,Right,NA,Yes,7,No,Yes,Yes,A long time ago,6,8,5,Yes,6,Butterflies in the Stomach,6,5,7,Yes,5,Charlie Horse,"Sitting, hunched over",It was fun,1:43,Building 4 Tutoring Room (Inside),NA,4,72,4,NA,72,Butterfly,Charlie Horse,124.19
Water on the Knee,1,2.78,0,1,1,NA,NA,TRUE,225,225,Group 2,2.78,1.0,FALSE,Water on the Knee,10/1/26 14:02,225,Electrical Engineering,21,Senior,No,No,Right,NA,No,8,No,No,No,NA,5,2,7,NA,6,Water on the Knee,5,3,8,Yes,6,Charlie Horse,"Sitting, hunched over",Na,2:02,Building 4 Tutoring Room (Inside),NA,5,72,5,NA,72,Water on the Knee,Charlie Horse,156.4
Butterflies in the Stomach,2,4.26,0,1,3,NA,NA,TRUE,225,225,Group 2,4.26,1.0,FALSE,Butterflies in Stomach,10/1/26 14:02,225,Electrical Engineering,21,Senior,No,No,Right,NA,No,8,No,No,No,NA,5,2,7,NA,6,Water on the Knee,5,3,8,Yes,6,Charlie Horse,"Sitting, hunched over",Na,2:02,Building 4 Tutoring Room (Inside),NA,5,72,5,NA,72,Water on the Knee,Charlie Horse,156.4
Bread Basket,3,2.36,0,0,2,NA,NA,TRUE,225,225,Group 2,2.36,0.0,FALSE,Bread Basket,10/1/26 14:02,225,Electrical Engineering,21,Senior,No,No,Right,NA,No,8,No,No,No,NA,5,2,7,NA,6,Water on the Knee,5,3,8,Yes,6,Charlie Horse,"Sitting, hunched over",Na,2:02,Building 4 Tutoring Room (Inside),NA,5,72,5,NA,72,Water on the Knee,Charlie Horse,156.4
Broken Heart,4,15.09,5,11,8,NA,NA,FALSE,225,225,Group 2,15.09,11.0,FALSE,Broken Heart,10/1/26 14:02,225,Electrical Engineering,21,Senior,No,No,Right,NA,No,8,No,No,No,NA,5,2,7,NA,6,Water on the Knee,5,3,8,Yes,6,Charlie Horse,"Sitting, hunched over",Na,2:02,Building 4 Tutoring Room (Inside),NA,5,72,5,NA,72,Water on the Knee,Charlie Horse,156.4
Spare Ribs,5,3.3,0,1,2,NA,NA,TRUE,225,225,Group 2,3.3,1.0,FALSE,Spare Ribs,10/1/26 14:02,225,Electrical Engineering,21,Senior,No,No,Right,NA,No,8,No,No,No,NA,5,2,7,NA,6,Water on the Knee,5,3,8,Yes,6,Charlie Horse,"Sitting, hunched over",Na,2:02,Building 4 Tutoring Room (Inside),NA,5,72,5,NA,72,Water on the Knee,Charlie Horse,156.4
Charlie Horse,6,94.68,15,100,10,NA,NA,FALSE,225,225,Group 2,94.68,100.0,FALSE,Charlie Horse,10/1/26 14:02,225,Electrical Engineering,21,Senior,No,No,Right,NA,No,8,No,No,No,NA,5,2,7,NA,6,Water on the Knee,5,3,8,Yes,6,Charlie Horse,"Sitting, hunched over",Na,2:02,Building 4 Tutoring Room (Inside),NA,5,72,5,NA,72,Water on the Knee,Charlie Horse,156.4
Wrenched Ankle,7,6.16,1,5,5,NA,NA,FALSE,225,225,Group 2,6.16,5.0,FALSE,Wrenched Ankle,10/1/26 14:02,225,Electrical Engineering,21,Senior,No,No,Right,NA,No,8,No,No,No,NA,5,2,7,NA,6,Water on the Knee,5,3,8,Yes,6,Charlie Horse,"Sitting, hunched over",Na,2:02,Building 4 Tutoring Room (Inside),NA,5,72,5,NA,72,Water on the Knee,Charlie Horse,156.4
Wishbone,8,2.06,0,3,2,NA,NA,TRUE,225,225,Group 2,2.06,3.0,FALSE,Wish Bone,10/1/26 14:02,225,Electrical Engineering,21,Senior,No,No,Right,NA,No,8,No,No,No,NA,5,2,7,NA,6,Water on the Knee,5,3,8,Yes,6,Charlie Horse,"Sitting, hunched over",Na,2:02,Building 4 Tutoring Room (Inside),NA,5,72,5,NA,72,Water on the Knee,Charlie Horse,156.4
Writer's Cramp,9,3.16,1,4,3,NA,NA,TRUE,225,225,Group 2,3.16,4.0,FALSE,Writer's Cramp,10/1/26 14:02,225,Electrical Engineering,21,Senior,No,No,Right,NA,No,8,No,No,No,NA,5,2,7,NA,6,Water on the Knee,5,3,8,Yes,6,Charlie Horse,"Sitting, hunched over",Na,2:02,Building 4 Tutoring Room (Inside),NA,5,72,5,NA,72,Water on the Knee,Charlie Horse,156.4
Brain Freeze,10,3.9,1,1,2,NA,NA,TRUE,225,225,Group 2,3.9,1.0,FALSE,Brain Freeze,10/1/26 14:02,225,Electrical Engineering,21,Senior,No,No,Right,NA,No,8,No,No,No,NA,5,2,7,NA,6,Water on the Knee,5,3,8,Yes,6,Charlie Horse,"Sitting, hunched over",Na,2:02,Building 4 Tutoring Room (Inside),NA,5,72,5,NA,72,Water on the Knee,Charlie Horse,156.4
Funny Bone,11,12.62,0,10,6,NA,NA,FALSE,225,225,Group 2,12.62,10.0,FALSE,Funny Bone,10/1/26 14:02,225,Electrical Engineering,21,Senior,No,No,Right,NA,No,8,No,No,No,NA,5,2,7,NA,6,Water on the Knee,5,3,8,Yes,6,Charlie Horse,"Sitting, hunched over",Na,2:02,Building 4 Tutoring Room (Inside),NA,5,72,5,NA,72,Water on the Knee,Charlie Horse,156.4
Anklebone Connected to the Knee Bone,12,3.88,0,0,2,NA,NA,TRUE,225,225,Group 2,3.88,0.0,FALSE,Anklebone,10/1/26 14:02,225,Electrical Engineering,21,Senior,No,No,Right,NA,No,8,No,No,No,NA,5,2,7,NA,6,Water on the Knee,5,3,8,Yes,6,Charlie Horse,"Sitting, hunched over",Na,2:02,Building 4 Tutoring Room (Inside),NA,5,72,5,NA,72,Water on the Knee,Charlie Horse,156.4
Adam's Apple,13,2.15,0,0,2,NA,NA,TRUE,225,225,Group 2,2.15,0.0,FALSE,Adam's Apple,10/1/26 14:02,225,Electrical Engineering,21,Senior,No,No,Right,NA,No,8,No,No,No,NA,5,2,7,NA,6,Water on the Knee,5,3,8,Yes,6,Charlie Horse,"Sitting, hunched over",Na,2:02,Building 4 Tutoring Room (Inside),NA,5,72,5,NA,72,Water on the Knee,Charlie Horse,156.4
Anklebone Connected to the Knee Bone,1,5.1,0,0,1,NA,sitting,TRUE,226,226,Group 2,5.1,0.0,FALSE,Anklebone,10/1/26 14:18,226,Mechanical Engineering,21,Senior,Yes,No,Right,NA,Yes,7,No,No,No,NA,10,1,6,NA,4,Wishbone,10,1,8,Yes,6,Charlie Horse,Varied,NA,2:17,Building 4 Tutoring Room (Inside),NA,6,73,6,NA,73,Wishbone,Charlie Horse,159.48
Bread Basket,2,3.26,0,0,4,NA,sitting,TRUE,226,226,Group 2,3.26,0.0,FALSE,Bread Basket,10/1/26 14:18,226,Mechanical Engineering,21,Senior,Yes,No,Right,NA,Yes,7,No,No,No,NA,10,1,6,NA,4,Wishbone,10,1,8,Yes,6,Charlie Horse,Varied,NA,2:17,Building 4 Tutoring Room (Inside),NA,6,73,6,NA,73,Wishbone,Charlie Horse,159.48
Water on the Knee,3,3.9,1,0,4,NA,sitting,TRUE,226,226,Group 2,3.9,0.0,FALSE,Water on the Knee,10/1/26 14:18,226,Mechanical Engineering,21,Senior,Yes,No,Right,NA,Yes,7,No,No,No,NA,10,1,6,NA,4,Wishbone,10,1,8,Yes,6,Charlie Horse,Varied,NA,2:17,Building 4 Tutoring Room (Inside),NA,6,73,6,NA,73,Wishbone,Charlie Horse,159.48
Spare Ribs,4,3.96,0,0,5,NA,sitting,TRUE,226,226,Group 2,3.96,0.0,FALSE,Spare Ribs,10/1/26 14:18,226,Mechanical Engineering,21,Senior,Yes,No,Right,NA,Yes,7,No,No,No,NA,10,1,6,NA,4,Wishbone,10,1,8,Yes,6,Charlie Horse,Varied,NA,2:17,Building 4 Tutoring Room (Inside),NA,6,73,6,NA,73,Wishbone,Charlie Horse,159.48
Writer's Cramp,5,4.58,0,1,4,NA,standing,TRUE,226,226,Group 2,4.58,1.0,FALSE,Writer's Cramp,10/1/26 14:18,226,Mechanical Engineering,21,Senior,Yes,No,Right,NA,Yes,7,No,No,No,NA,10,1,6,NA,4,Wishbone,10,1,8,Yes,6,Charlie Horse,Varied,NA,2:17,Building 4 Tutoring Room (Inside),NA,6,73,6,NA,73,Wishbone,Charlie Horse,159.48
Adam's Apple,6,8.75,0,3,6,NA,sitting,TRUE,226,226,Group 2,8.75,3.0,FALSE,Adam's Apple,10/1/26 14:18,226,Mechanical Engineering,21,Senior,Yes,No,Right,NA,Yes,7,No,No,No,NA,10,1,6,NA,4,Wishbone,10,1,8,Yes,6,Charlie Horse,Varied,NA,2:17,Building 4 Tutoring Room (Inside),NA,6,73,6,NA,73,Wishbone,Charlie Horse,159.48
Broken Heart,7,21.72,1,1,8,NA,sitting,TRUE,226,226,Group 2,21.72,1.0,FALSE,Broken Heart,10/1/26 14:18,226,Mechanical Engineering,21,Senior,Yes,No,Right,NA,Yes,7,No,No,No,NA,10,1,6,NA,4,Wishbone,10,1,8,Yes,6,Charlie Horse,Varied,NA,2:17,Building 4 Tutoring Room (Inside),NA,6,73,6,NA,73,Wishbone,Charlie Horse,159.48
Wishbone,8,4.91,0,2,6,NA,sitting,TRUE,226,226,Group 2,4.91,2.0,FALSE,Wish Bone,10/1/26 14:18,226,Mechanical Engineering,21,Senior,Yes,No,Right,NA,Yes,7,No,No,No,NA,10,1,6,NA,4,Wishbone,10,1,8,Yes,6,Charlie Horse,Varied,NA,2:17,Building 4 Tutoring Room (Inside),NA,6,73,6,NA,73,Wishbone,Charlie Horse,159.48
Wrenched Ankle,9,20.2,2,0,6,NA,sitting,TRUE,226,226,Group 2,20.2,0.0,FALSE,Wrenched Ankle,10/1/26 14:18,226,Mechanical Engineering,21,Senior,Yes,No,Right,NA,Yes,7,No,No,No,NA,10,1,6,NA,4,Wishbone,10,1,8,Yes,6,Charlie Horse,Varied,NA,2:17,Building 4 Tutoring Room (Inside),NA,6,73,6,NA,73,Wishbone,Charlie Horse,159.48
Funny Bone,10,5.02,0,0,3,NA,sitting,TRUE,226,226,Group 2,5.02,0.0,FALSE,Funny Bone,10/1/26 14:18,226,Mechanical Engineering,21,Senior,Yes,No,Right,NA,Yes,7,No,No,No,NA,10,1,6,NA,4,Wishbone,10,1,8,Yes,6,Charlie Horse,Varied,NA,2:17,Building 4 Tutoring Room (Inside),NA,6,73,6,NA,73,Wishbone,Charlie Horse,159.48
Butterflies in the Stomach,11,3.6,0,0,2,NA,sitting,TRUE,226,226,Group 2,3.6,0.0,FALSE,Butterflies in Stomach,10/1/26 14:18,226,Mechanical Engineering,21,Senior,Yes,No,Right,NA,Yes,7,No,No,No,NA,10,1,6,NA,4,Wishbone,10,1,8,Yes,6,Charlie Horse,Varied,NA,2:17,Building 4 Tutoring Room (Inside),NA,6,73,6,NA,73,Wishbone,Charlie Horse,159.48
Charlie Horse,12,73.3,8,17,10,NA,sitting,FALSE,226,226,Group 2,73.3,17.0,FALSE,Charlie Horse,10/1/26 14:18,226,Mechanical Engineering,21,Senior,Yes,No,Right,NA,Yes,7,No,No,No,NA,10,1,6,NA,4,Wishbone,10,1,8,Yes,6,Charlie Horse,Varied,NA,2:17,Building 4 Tutoring Room (Inside),NA,6,73,6,NA,73,Wishbone,Charlie Horse,159.48
Brain Freeze,13,1.18,0,0,2,NA,sitting,TRUE,226,226,Group 2,1.18,0.0,FALSE,Brain Freeze,10/1/26 14:18,226,Mechanical Engineering,21,Senior,Yes,No,Right,NA,Yes,7,No,No,No,NA,10,1,6,NA,4,Wishbone,10,1,8,Yes,6,Charlie Horse,Varied,NA,2:17,Building 4 Tutoring Room (Inside),NA,6,73,6,NA,73,Wishbone,Charlie Horse,159.48
Butterflies in the Stomach,1,5.96,0,0,1,NA,sitting,TRUE,227,227,Group 2,5.96,0.0,FALSE,Butterflies in Stomach,10/1/26 14:31,227,Mechanical Engineering,20,Junior,No,No,Right,NA,No,5,Yes,No,No,NA,6,1,1,NA,7,Charlie Horse,4,2,1,No,6,Charlie Horse,"Sitting, hunched over",NA,2:30,Buidling 4 Tutoring Room (Inside),NA,7,73,7,NA,73,Charlie Horse,Charlie Horse,155.21999999999997
Wrenched Ankle,2,8.23,1,1,2,NA,sitting,TRUE,227,227,Group 2,8.23,1.0,FALSE,Wrenched Ankle,10/1/26 14:31,227,Mechanical Engineering,20,Junior,No,No,Right,NA,No,5,Yes,No,No,NA,6,1,1,NA,7,Charlie Horse,4,2,1,No,6,Charlie Horse,"Sitting, hunched over",NA,2:30,Buidling 4 Tutoring Room (Inside),NA,7,73,7,NA,73,Charlie Horse,Charlie Horse,155.21999999999997
Broken Heart,3,21.68,0,3,4,NA,sitting,TRUE,227,227,Group 2,21.68,3.0,FALSE,Broken Heart,10/1/26 14:31,227,Mechanical Engineering,20,Junior,No,No,Right,NA,No,5,Yes,No,No,NA,6,1,1,NA,7,Charlie Horse,4,2,1,No,6,Charlie Horse,"Sitting, hunched over",NA,2:30,Buidling 4 Tutoring Room (Inside),NA,7,73,7,NA,73,Charlie Horse,Charlie Horse,155.21999999999997
Writer's Cramp,4,8.18,0,4,3,NA,sitting,TRUE,227,227,Group 2,8.18,4.0,FALSE,Writer's Cramp,10/1/26 14:31,227,Mechanical Engineering,20,Junior,No,No,Right,NA,No,5,Yes,No,No,NA,6,1,1,NA,7,Charlie Horse,4,2,1,No,6,Charlie Horse,"Sitting, hunched over",NA,2:30,Buidling 4 Tutoring Room (Inside),NA,7,73,7,NA,73,Charlie Horse,Charlie Horse,155.21999999999997
Water on the Knee,5,22.24,5,8,7,NA,sitting,FALSE,227,227,Group 2,22.24,8.0,FALSE,Water on the Knee,10/1/26 14:31,227,Mechanical Engineering,20,Junior,No,No,Right,NA,No,5,Yes,No,No,NA,6,1,1,NA,7,Charlie Horse,4,2,1,No,6,Charlie Horse,"Sitting, hunched over",NA,2:30,Buidling 4 Tutoring Room (Inside),NA,7,73,7,NA,73,Charlie Horse,Charlie Horse,155.21999999999997
Anklebone Connected to the Knee Bone,6,8.22,1,0,1,NA,sitting,TRUE,227,227,Group 2,8.22,0.0,FALSE,Anklebone,10/1/26 14:31,227,Mechanical Engineering,20,Junior,No,No,Right,NA,No,5,Yes,No,No,NA,6,1,1,NA,7,Charlie Horse,4,2,1,No,6,Charlie Horse,"Sitting, hunched over",NA,2:30,Buidling 4 Tutoring Room (Inside),NA,7,73,7,NA,73,Charlie Horse,Charlie Horse,155.21999999999997
Charlie Horse,7,59.37,9,27,9,NA,sitting,FALSE,227,227,Group 2,59.37,27.0,FALSE,Charlie Horse,10/1/26 14:31,227,Mechanical Engineering,20,Junior,No,No,Right,NA,No,5,Yes,No,No,NA,6,1,1,NA,7,Charlie Horse,4,2,1,No,6,Charlie Horse,"Sitting, hunched over",NA,2:30,Buidling 4 Tutoring Room (Inside),NA,7,73,7,NA,73,Charlie Horse,Charlie Horse,155.21999999999997
Funny Bone,8,3.1,0,3,2,NA,sitting,TRUE,227,227,Group 2,3.1,3.0,FALSE,Funny Bone,10/1/26 14:31,227,Mechanical Engineering,20,Junior,No,No,Right,NA,No,5,Yes,No,No,NA,6,1,1,NA,7,Charlie Horse,4,2,1,No,6,Charlie Horse,"Sitting, hunched over",NA,2:30,Buidling 4 Tutoring Room (Inside),NA,7,73,7,NA,73,Charlie Horse,Charlie Horse,155.21999999999997
Wishbone,9,4.5,0,2,2,NA,sitting,TRUE,227,227,Group 2,4.5,2.0,FALSE,Wish Bone,10/1/26 14:31,227,Mechanical Engineering,20,Junior,No,No,Right,NA,No,5,Yes,No,No,NA,6,1,1,NA,7,Charlie Horse,4,2,1,No,6,Charlie Horse,"Sitting, hunched over",NA,2:30,Buidling 4 Tutoring Room (Inside),NA,7,73,7,NA,73,Charlie Horse,Charlie Horse,155.21999999999997
Adam's Apple,10,3.2,0,0,2,NA,sitting,TRUE,227,227,Group 2,3.2,0.0,FALSE,Adam's Apple,10/1/26 14:31,227,Mechanical Engineering,20,Junior,No,No,Right,NA,No,5,Yes,No,No,NA,6,1,1,NA,7,Charlie Horse,4,2,1,No,6,Charlie Horse,"Sitting, hunched over",NA,2:30,Buidling 4 Tutoring Room (Inside),NA,7,73,7,NA,73,Charlie Horse,Charlie Horse,155.21999999999997
Spare Ribs,11,3.53,0,2,2,NA,sitting,TRUE,227,227,Group 2,3.53,2.0,FALSE,Spare Ribs,10/1/26 14:31,227,Mechanical Engineering,20,Junior,No,No,Right,NA,No,5,Yes,No,No,NA,6,1,1,NA,7,Charlie Horse,4,2,1,No,6,Charlie Horse,"Sitting, hunched over",NA,2:30,Buidling 4 Tutoring Room (Inside),NA,7,73,7,NA,73,Charlie Horse,Charlie Horse,155.21999999999997
Bread Basket,12,2.63,0,0,2,NA,sitting,TRUE,227,227,Group 2,2.63,0.0,FALSE,Bread Basket,10/1/26 14:31,227,Mechanical Engineering,20,Junior,No,No,Right,NA,No,5,Yes,No,No,NA,6,1,1,NA,7,Charlie Horse,4,2,1,No,6,Charlie Horse,"Sitting, hunched over",NA,2:30,Buidling 4 Tutoring Room (Inside),NA,7,73,7,NA,73,Charlie Horse,Charlie Horse,155.21999999999997
Brain Freeze,13,4.38,0,0,2,NA,sitting,TRUE,227,227,Group 2,4.38,0.0,FALSE,Brain Freeze,10/1/26 14:31,227,Mechanical Engineering,20,Junior,No,No,Right,NA,No,5,Yes,No,No,NA,6,1,1,NA,7,Charlie Horse,4,2,1,No,6,Charlie Horse,"Sitting, hunched over",NA,2:30,Buidling 4 Tutoring Room (Inside),NA,7,73,7,NA,73,Charlie Horse,Charlie Horse,155.21999999999997
Broken Heart,1,10.74,0,7,5,NA,sitting,FALSE,228,228,Group 2,10.74,7.0,FALSE,Broken Heart,10/1/26 21:42,228,Public History Masters,21,Graduate Student,No,No,Ambidextrous,NA,Yes,7,Yes,Yes,Yes,A long time ago,6,4,3,Yes,7,Adam's Apple,8,6,9,Yes,6,Charlie Horse,"Sitting, hunched over",Was actively drinking,9:42,Dorm Room,NA,4,67,4,NA,67,Adam's Apple,Charlie Horse,229.92000000000002
Charlie Horse,2,59.42,2,37,8,NA,sitting,FALSE,228,228,Group 2,59.42,37.0,FALSE,Charlie Horse,10/1/26 21:42,228,Public History Masters,21,Graduate Student,No,No,Ambidextrous,NA,Yes,7,Yes,Yes,Yes,A long time ago,6,4,3,Yes,7,Adam's Apple,8,6,9,Yes,6,Charlie Horse,"Sitting, hunched over",Was actively drinking,9:42,Dorm Room,NA,4,67,4,NA,67,Adam's Apple,Charlie Horse,229.92000000000002
Spare Ribs,3,7.46,0,0,1,NA,sitting,TRUE,228,228,Group 2,7.46,0.0,FALSE,Spare Ribs,10/1/26 21:42,228,Public History Masters,21,Graduate Student,No,No,Ambidextrous,NA,Yes,7,Yes,Yes,Yes,A long time ago,6,4,3,Yes,7,Adam's Apple,8,6,9,Yes,6,Charlie Horse,"Sitting, hunched over",Was actively drinking,9:42,Dorm Room,NA,4,67,4,NA,67,Adam's Apple,Charlie Horse,229.92000000000002
Wrenched Ankle,4,46.22,3,40,6,NA,sitting,FALSE,228,228,Group 2,46.22,40.0,FALSE,Wrenchsed Ankle,10/1/26 21:42,228,Public History Masters,21,Graduate Student,No,No,Ambidextrous,NA,Yes,7,Yes,Yes,Yes,A long time ago,6,4,3,Yes,7,Adam's Apple,8,6,9,Yes,6,Charlie Horse,"Sitting, hunched over",Was actively drinking,9:42,Dorm Room,NA,4,67,4,NA,67,Adam's Apple,Charlie Horse,229.92000000000002
Anklebone Connected to the Knee Bone,5,8.32,0,0,1,NA,sitting,TRUE,228,228,Group 2,8.32,0.0,FALSE,Anklebone,10/1/26 21:42,228,Public History Masters,21,Graduate Student,No,No,Ambidextrous,NA,Yes,7,Yes,Yes,Yes,A long time ago,6,4,3,Yes,7,Adam's Apple,8,6,9,Yes,6,Charlie Horse,"Sitting, hunched over",Was actively drinking,9:42,Dorm Room,NA,4,67,4,NA,67,Adam's Apple,Charlie Horse,229.92000000000002
Water on the Knee,6,5.52,0,0,2,NA,sitting,TRUE,228,228,Group 2,5.52,0.0,FALSE,Water on the Knee,10/1/26 21:42,228,Public History Masters,21,Graduate Student,No,No,Ambidextrous,NA,Yes,7,Yes,Yes,Yes,A long time ago,6,4,3,Yes,7,Adam's Apple,8,6,9,Yes,6,Charlie Horse,"Sitting, hunched over",Was actively drinking,9:42,Dorm Room,NA,4,67,4,NA,67,Adam's Apple,Charlie Horse,229.92000000000002
Wishbone,7,17.47,3,12,4,NA,sitting,FALSE,228,228,Group 2,17.47,12.0,FALSE,Wish Bone,10/1/26 21:42,228,Public History Masters,21,Graduate Student,No,No,Ambidextrous,NA,Yes,7,Yes,Yes,Yes,A long time ago,6,4,3,Yes,7,Adam's Apple,8,6,9,Yes,6,Charlie Horse,"Sitting, hunched over",Was actively drinking,9:42,Dorm Room,NA,4,67,4,NA,67,Adam's Apple,Charlie Horse,229.92000000000002
Brain Freeze,8,36.46,6,10,5,"Didn't know there was a ""handle""",sitting,FALSE,228,228,Group 2,36.46,10.0,FALSE,Brain Freeze,10/1/26 21:42,228,Public History Masters,21,Graduate Student,No,No,Ambidextrous,NA,Yes,7,Yes,Yes,Yes,A long time ago,6,4,3,Yes,7,Adam's Apple,8,6,9,Yes,6,Charlie Horse,"Sitting, hunched over",Was actively drinking,9:42,Dorm Room,NA,4,67,4,NA,67,Adam's Apple,Charlie Horse,229.92000000000002
Writer's Cramp,9,5.27,0,1,1,NA,sitting,TRUE,228,228,Group 2,5.27,1.0,FALSE,Writer's Cramp,10/1/26 21:42,228,Public History Masters,21,Graduate Student,No,No,Ambidextrous,NA,Yes,7,Yes,Yes,Yes,A long time ago,6,4,3,Yes,7,Adam's Apple,8,6,9,Yes,6,Charlie Horse,"Sitting, hunched over",Was actively drinking,9:42,Dorm Room,NA,4,67,4,NA,67,Adam's Apple,Charlie Horse,229.92000000000002
Adam's Apple,10,3.5,0,1,1,NA,sitting,TRUE,228,228,Group 2,3.5,1.0,FALSE,Adam's Apple,10/1/26 21:42,228,Public History Masters,21,Graduate Student,No,No,Ambidextrous,NA,Yes,7,Yes,Yes,Yes,A long time ago,6,4,3,Yes,7,Adam's Apple,8,6,9,Yes,6,Charlie Horse,"Sitting, hunched over",Was actively drinking,9:42,Dorm Room,NA,4,67,4,NA,67,Adam's Apple,Charlie Horse,229.92000000000002
Funny Bone,11,16.87,2,14,6,NA,sitting,FALSE,228,228,Group 2,16.87,14.0,FALSE,Funny Bone,10/1/26 21:42,228,Public History Masters,21,Graduate Student,No,No,Ambidextrous,NA,Yes,7,Yes,Yes,Yes,A long time ago,6,4,3,Yes,7,Adam's Apple,8,6,9,Yes,6,Charlie Horse,"Sitting, hunched over",Was actively drinking,9:42,Dorm Room,NA,4,67,4,NA,67,Adam's Apple,Charlie Horse,229.92000000000002
Bread Basket,12,4.19,0,2,3,NA,sitting,TRUE,228,228,Group 2,4.19,2.0,FALSE,Bread Basket,10/1/26 21:42,228,Public History Masters,21,Graduate Student,No,No,Ambidextrous,NA,Yes,7,Yes,Yes,Yes,A long time ago,6,4,3,Yes,7,Adam's Apple,8,6,9,Yes,6,Charlie Horse,"Sitting, hunched over",Was actively drinking,9:42,Dorm Room,NA,4,67,4,NA,67,Adam's Apple,Charlie Horse,229.92000000000002
Butterflies in the Stomach,13,8.48,0,2,2,NA,sitting,TRUE,228,228,Group 2,8.48,2.0,FALSE,Butterflies in Stomach,10/1/26 21:42,228,Public History Masters,21,Graduate Student,No,No,Ambidextrous,NA,Yes,7,Yes,Yes,Yes,A long time ago,6,4,3,Yes,7,Adam's Apple,8,6,9,Yes,6,Charlie Horse,"Sitting, hunched over",Was actively drinking,9:42,Dorm Room,NA,4,67,4,NA,67,Adam's Apple,Charlie Horse,229.92000000000002
Anklebone Connected to the Knee Bone,1,3.63,0,0,1,NA,sitting,TRUE,229,229,Group 2,3.63,0.0,FALSE,Anklebone,10/1/26 22:01,229,Psychology,21,Senior,No,No,Left,NA,No,8,Yes,No,Yes,A long time ago,4,5,7,Yes,7,Charlie Horse,7,7,8,Yes,5,Charlie Horse,"Sitting, hunched over",NA,10:00,Dorm Room,NA,5,67,5,NA,67,Charlie Horse,Charlie Horse,187.33
Writer's Cramp,2,10.57,1,7,5,NA,sitting,FALSE,229,229,Group 2,10.57,7.0,FALSE,Writer's Cramp,10/1/26 22:01,229,Psychology,21,Senior,No,No,Left,NA,No,8,Yes,No,Yes,A long time ago,4,5,7,Yes,7,Charlie Horse,7,7,8,Yes,5,Charlie Horse,"Sitting, hunched over",NA,10:00,Dorm Room,NA,5,67,5,NA,67,Charlie Horse,Charlie Horse,187.33
Butterflies in the Stomach,3,11.84,3,0,4,NA,sitting,TRUE,229,229,Group 2,11.84,0.0,FALSE,Butterflies in Stomach,10/1/26 22:01,229,Psychology,21,Senior,No,No,Left,NA,No,8,Yes,No,Yes,A long time ago,4,5,7,Yes,7,Charlie Horse,7,7,8,Yes,5,Charlie Horse,"Sitting, hunched over",NA,10:00,Dorm Room,NA,5,67,5,NA,67,Charlie Horse,Charlie Horse,187.33
Wrenched Ankle,4,6.56,1,4,3,NA,sitting,TRUE,229,229,Group 2,6.56,4.0,FALSE,Wrenched Ankle,10/1/26 22:01,229,Psychology,21,Senior,No,No,Left,NA,No,8,Yes,No,Yes,A long time ago,4,5,7,Yes,7,Charlie Horse,7,7,8,Yes,5,Charlie Horse,"Sitting, hunched over",NA,10:00,Dorm Room,NA,5,67,5,NA,67,Charlie Horse,Charlie Horse,187.33
Brain Freeze,5,3,0,1,1,NA,sitting,TRUE,229,229,Group 2,3.0,1.0,FALSE,Brain Freeze,10/1/26 22:01,229,Psychology,21,Senior,No,No,Left,NA,No,8,Yes,No,Yes,A long time ago,4,5,7,Yes,7,Charlie Horse,7,7,8,Yes,5,Charlie Horse,"Sitting, hunched over",NA,10:00,Dorm Room,NA,5,67,5,NA,67,Charlie Horse,Charlie Horse,187.33
Spare Ribs,6,10.63,0,5,6,NA,sitting,FALSE,229,229,Group 2,10.63,5.0,FALSE,Spare Ribs,10/1/26 22:01,229,Psychology,21,Senior,No,No,Left,NA,No,8,Yes,No,Yes,A long time ago,4,5,7,Yes,7,Charlie Horse,7,7,8,Yes,5,Charlie Horse,"Sitting, hunched over",NA,10:00,Dorm Room,NA,5,67,5,NA,67,Charlie Horse,Charlie Horse,187.33
Bread Basket,7,7.07,0,0,2,NA,sitting,TRUE,229,229,Group 2,7.07,0.0,FALSE,Bread Basket,10/1/26 22:01,229,Psychology,21,Senior,No,No,Left,NA,No,8,Yes,No,Yes,A long time ago,4,5,7,Yes,7,Charlie Horse,7,7,8,Yes,5,Charlie Horse,"Sitting, hunched over",NA,10:00,Dorm Room,NA,5,67,5,NA,67,Charlie Horse,Charlie Horse,187.33
Wishbone,8,3.2,0,4,2,NA,sitting,TRUE,229,229,Group 2,3.2,4.0,FALSE,Wish Bone,10/1/26 22:01,229,Psychology,21,Senior,No,No,Left,NA,No,8,Yes,No,Yes,A long time ago,4,5,7,Yes,7,Charlie Horse,7,7,8,Yes,5,Charlie Horse,"Sitting, hunched over",NA,10:00,Dorm Room,NA,5,67,5,NA,67,Charlie Horse,Charlie Horse,187.33
Funny Bone,9,2.51,0,0,1,NA,sitting,TRUE,229,229,Group 2,2.51,0.0,FALSE,Funny Bone,10/1/26 22:01,229,Psychology,21,Senior,No,No,Left,NA,No,8,Yes,No,Yes,A long time ago,4,5,7,Yes,7,Charlie Horse,7,7,8,Yes,5,Charlie Horse,"Sitting, hunched over",NA,10:00,Dorm Room,NA,5,67,5,NA,67,Charlie Horse,Charlie Horse,187.33
Charlie Horse,10,106.43,8,86,10,NA,sitting,FALSE,229,229,Group 2,106.43,86.0,FALSE,Charlie Horse,10/1/26 22:01,229,Psychology,21,Senior,No,No,Left,NA,No,8,Yes,No,Yes,A long time ago,4,5,7,Yes,7,Charlie Horse,7,7,8,Yes,5,Charlie Horse,"Sitting, hunched over",NA,10:00,Dorm Room,NA,5,67,5,NA,67,Charlie Horse,Charlie Horse,187.33
Water on the Knee,11,9.27,2,2,5,NA,sitting,TRUE,229,229,Group 2,9.27,2.0,FALSE,Water on the Knee,10/1/26 22:01,229,Psychology,21,Senior,No,No,Left,NA,No,8,Yes,No,Yes,A long time ago,4,5,7,Yes,7,Charlie Horse,7,7,8,Yes,5,Charlie Horse,"Sitting, hunched over",NA,10:00,Dorm Room,NA,5,67,5,NA,67,Charlie Horse,Charlie Horse,187.33
Adam's Apple,12,2.3,0,2,1,NA,sitting,TRUE,229,229,Group 2,2.3,2.0,FALSE,Adam's Apple,10/1/26 22:01,229,Psychology,21,Senior,No,No,Left,NA,No,8,Yes,No,Yes,A long time ago,4,5,7,Yes,7,Charlie Horse,7,7,8,Yes,5,Charlie Horse,"Sitting, hunched over",NA,10:00,Dorm Room,NA,5,67,5,NA,67,Charlie Horse,Charlie Horse,187.33
Broken Heart,13,10.32,0,2,2,NA,sitting,TRUE,229,229,Group 2,10.32,2.0,FALSE,Broken Heart,10/1/26 22:01,229,Psychology,21,Senior,No,No,Left,NA,No,8,Yes,No,Yes,A long time ago,4,5,7,Yes,7,Charlie Horse,7,7,8,Yes,5,Charlie Horse,"Sitting, hunched over",NA,10:00,Dorm Room,NA,5,67,5,NA,67,Charlie Horse,Charlie Horse,187.33
Adam's Apple,1,5.29,0,0,1,NA,sitting,TRUE,230,230,Group 2,5.29,0.0,FALSE,Adam's Apple,10/2/26 15:31,230,Political Science,21,Junior,Yes,No,Right,NA,No,8,Yes,No,Yes,A long time ago,7,3,5,Yes,5,Anklebone Connected to the Knee Bone,7,3,7,Yes,7,Charlie Horse,"Sitting, hunched over",NA,3:31,Pace Hall,NA,15,68,15,NA,68,Ankle Bone,Charlie Horse,252.04000000000002
Spare Ribs,2,7.82,0,0,2,NA,sitting,TRUE,230,230,Group 2,7.82,0.0,FALSE,Spare Ribs,10/2/26 15:31,230,Political Science,21,Junior,Yes,No,Right,NA,No,8,Yes,No,Yes,A long time ago,7,3,5,Yes,5,Anklebone Connected to the Knee Bone,7,3,7,Yes,7,Charlie Horse,"Sitting, hunched over",NA,3:31,Pace Hall,NA,15,68,15,NA,68,Ankle Bone,Charlie Horse,252.04000000000002
Anklebone Connected to the Knee Bone,3,9.74,0,0,2,NA,sitting,TRUE,230,230,Group 2,9.74,0.0,FALSE,Anklebone,10/2/26 15:31,230,Political Science,21,Junior,Yes,No,Right,NA,No,8,Yes,No,Yes,A long time ago,7,3,5,Yes,5,Anklebone Connected to the Knee Bone,7,3,7,Yes,7,Charlie Horse,"Sitting, hunched over",NA,3:31,Pace Hall,NA,15,68,15,NA,68,Ankle Bone,Charlie Horse,252.04000000000002
Bread Basket,4,4.49,0,0,3,NA,sitting,TRUE,230,230,Group 2,4.49,0.0,FALSE,Bread Basket,10/2/26 15:31,230,Political Science,21,Junior,Yes,No,Right,NA,No,8,Yes,No,Yes,A long time ago,7,3,5,Yes,5,Anklebone Connected to the Knee Bone,7,3,7,Yes,7,Charlie Horse,"Sitting, hunched over",NA,3:31,Pace Hall,NA,15,68,15,NA,68,Ankle Bone,Charlie Horse,252.04000000000002
Broken Heart,5,68.67,2,26,8,NA,sitting,FALSE,230,230,Group 2,68.67,26.0,FALSE,Broken Heart,10/2/26 15:31,230,Political Science,21,Junior,Yes,No,Right,NA,No,8,Yes,No,Yes,A long time ago,7,3,5,Yes,5,Anklebone Connected to the Knee Bone,7,3,7,Yes,7,Charlie Horse,"Sitting, hunched over",NA,3:31,Pace Hall,NA,15,68,15,NA,68,Ankle Bone,Charlie Horse,252.04000000000002
Butterflies in the Stomach,6,7.64,0,0,4,NA,sitting,TRUE,230,230,Group 2,7.64,0.0,FALSE,Butterflies in Stomach,10/2/26 15:31,230,Political Science,21,Junior,Yes,No,Right,NA,No,8,Yes,No,Yes,A long time ago,7,3,5,Yes,5,Anklebone Connected to the Knee Bone,7,3,7,Yes,7,Charlie Horse,"Sitting, hunched over",NA,3:31,Pace Hall,NA,15,68,15,NA,68,Ankle Bone,Charlie Horse,252.04000000000002
Funny Bone,7,6.69,0,4,4,NA,sitting,TRUE,230,230,Group 2,6.69,4.0,FALSE,Funny Bone,10/2/26 15:31,230,Political Science,21,Junior,Yes,No,Right,NA,No,8,Yes,No,Yes,A long time ago,7,3,5,Yes,5,Anklebone Connected to the Knee Bone,7,3,7,Yes,7,Charlie Horse,"Sitting, hunched over",NA,3:31,Pace Hall,NA,15,68,15,NA,68,Ankle Bone,Charlie Horse,252.04000000000002
Water on the Knee,8,4.31,0,0,2,NA,sitting,TRUE,230,230,Group 2,4.31,0.0,FALSE,Water on the Knee,10/2/26 15:31,230,Political Science,21,Junior,Yes,No,Right,NA,No,8,Yes,No,Yes,A long time ago,7,3,5,Yes,5,Anklebone Connected to the Knee Bone,7,3,7,Yes,7,Charlie Horse,"Sitting, hunched over",NA,3:31,Pace Hall,NA,15,68,15,NA,68,Ankle Bone,Charlie Horse,252.04000000000002
Wishbone,9,38.02,7,14,7,NA,sitting,FALSE,230,230,Group 2,38.02,14.0,FALSE,Wish Bone,10/2/26 15:31,230,Political Science,21,Junior,Yes,No,Right,NA,No,8,Yes,No,Yes,A long time ago,7,3,5,Yes,5,Anklebone Connected to the Knee Bone,7,3,7,Yes,7,Charlie Horse,"Sitting, hunched over",NA,3:31,Pace Hall,NA,15,68,15,NA,68,Ankle Bone,Charlie Horse,252.04000000000002
Writer's Cramp,10,9.99,0,5,4,NA,sitting,FALSE,230,230,Group 2,9.99,5.0,FALSE,Writer's Cramp,10/2/26 15:31,230,Political Science,21,Junior,Yes,No,Right,NA,No,8,Yes,No,Yes,A long time ago,7,3,5,Yes,5,Anklebone Connected to the Knee Bone,7,3,7,Yes,7,Charlie Horse,"Sitting, hunched over",NA,3:31,Pace Hall,NA,15,68,15,NA,68,Ankle Bone,Charlie Horse,252.04000000000002
Charlie Horse,11,81.68,13,49,10,NA,sitting,FALSE,230,230,Group 2,81.68,49.0,FALSE,Charlie Horse,10/2/26 15:31,230,Political Science,21,Junior,Yes,No,Right,NA,No,8,Yes,No,Yes,A long time ago,7,3,5,Yes,5,Anklebone Connected to the Knee Bone,7,3,7,Yes,7,Charlie Horse,"Sitting, hunched over",NA,3:31,Pace Hall,NA,15,68,15,NA,68,Ankle Bone,Charlie Horse,252.04000000000002
Wrenched Ankle,12,5.16,0,1,3,NA,sitting,TRUE,230,230,Group 2,5.16,1.0,FALSE,Wrenched Ankle,10/2/26 15:31,230,Political Science,21,Junior,Yes,No,Right,NA,No,8,Yes,No,Yes,A long time ago,7,3,5,Yes,5,Anklebone Connected to the Knee Bone,7,3,7,Yes,7,Charlie Horse,"Sitting, hunched over",NA,3:31,Pace Hall,NA,15,68,15,NA,68,Ankle Bone,Charlie Horse,252.04000000000002
Brain Freeze,13,2.54,0,0,1,NA,sitting,TRUE,230,230,Group 2,2.54,0.0,FALSE,Brain Freeze,10/2/26 15:31,230,Political Science,21,Junior,Yes,No,Right,NA,No,8,Yes,No,Yes,A long time ago,7,3,5,Yes,5,Anklebone Connected to the Knee Bone,7,3,7,Yes,7,Charlie Horse,"Sitting, hunched over",NA,3:31,Pace Hall,NA,15,68,15,NA,68,Ankle Bone,Charlie Horse,252.04000000000002
Water on the Knee,1,12.47,4,2,4,NA,sitting,TRUE,231,231,Group 2,12.47,2.0,FALSE,Water on the Knee,10/2/26 15:45,231,Legal Studies,20,Senior,Yes,No,Right,NA,N/A,3,No,No,Yes,A long time ago,2,3,3,Yes,6,Butterflies in the Stomach,2,2,5,Yes,8,Wrenched Ankle,"Sitting, hunched over",NA,3:45,Pace Hall,NA,11,68,11,NA,68,Butterfly,Wrenched Ankle,229.2
Butterflies in the Stomach,2,3.65,0,0,1,NA,sitting,TRUE,231,231,Group 2,3.65,0.0,FALSE,Butterflies in Stomach,10/2/26 15:45,231,Legal Studies,20,Senior,Yes,No,Right,NA,N/A,3,No,No,Yes,A long time ago,2,3,3,Yes,6,Butterflies in the Stomach,2,2,5,Yes,8,Wrenched Ankle,"Sitting, hunched over",NA,3:45,Pace Hall,NA,11,68,11,NA,68,Butterfly,Wrenched Ankle,229.2
Writer's Cramp,3,4.75,0,4,4,NA,sitting,TRUE,231,231,Group 2,4.75,4.0,FALSE,Writer's Cramp,10/2/26 15:45,231,Legal Studies,20,Senior,Yes,No,Right,NA,N/A,3,No,No,Yes,A long time ago,2,3,3,Yes,6,Butterflies in the Stomach,2,2,5,Yes,8,Wrenched Ankle,"Sitting, hunched over",NA,3:45,Pace Hall,NA,11,68,11,NA,68,Butterfly,Wrenched Ankle,229.2
Wrenched Ankle,4,76.61,9,40,10,NA,sitting,FALSE,231,231,Group 2,76.61,40.0,FALSE,Wrenched Ankle,10/2/26 15:45,231,Legal Studies,20,Senior,Yes,No,Right,NA,N/A,3,No,No,Yes,A long time ago,2,3,3,Yes,6,Butterflies in the Stomach,2,2,5,Yes,8,Wrenched Ankle,"Sitting, hunched over",NA,3:45,Pace Hall,NA,11,68,11,NA,68,Butterfly,Wrenched Ankle,229.2
Bread Basket,5,19.89,1,0,2,NA,sitting,TRUE,231,231,Group 2,19.89,0.0,FALSE,Bread Basket,10/2/26 15:45,231,Legal Studies,20,Senior,Yes,No,Right,NA,N/A,3,No,No,Yes,A long time ago,2,3,3,Yes,6,Butterflies in the Stomach,2,2,5,Yes,8,Wrenched Ankle,"Sitting, hunched over",NA,3:45,Pace Hall,NA,11,68,11,NA,68,Butterfly,Wrenched Ankle,229.2
Broken Heart,6,43.68,2,20,8,NA,sitting,FALSE,231,231,Group 2,43.68,20.0,FALSE,Broken Heart,10/2/26 15:45,231,Legal Studies,20,Senior,Yes,No,Right,NA,N/A,3,No,No,Yes,A long time ago,2,3,3,Yes,6,Butterflies in the Stomach,2,2,5,Yes,8,Wrenched Ankle,"Sitting, hunched over",NA,3:45,Pace Hall,NA,11,68,11,NA,68,Butterfly,Wrenched Ankle,229.2
Wishbone,7,3.93,0,4,3,NA,sitting,TRUE,231,231,Group 2,3.93,4.0,FALSE,Wish Bone,10/2/26 15:45,231,Legal Studies,20,Senior,Yes,No,Right,NA,N/A,3,No,No,Yes,A long time ago,2,3,3,Yes,6,Butterflies in the Stomach,2,2,5,Yes,8,Wrenched Ankle,"Sitting, hunched over",NA,3:45,Pace Hall,NA,11,68,11,NA,68,Butterfly,Wrenched Ankle,229.2
Brain Freeze,8,5.75,1,0,1,NA,sitting,TRUE,231,231,Group 2,5.75,0.0,FALSE,Brain Freeze,10/2/26 15:45,231,Legal Studies,20,Senior,Yes,No,Right,NA,N/A,3,No,No,Yes,A long time ago,2,3,3,Yes,6,Butterflies in the Stomach,2,2,5,Yes,8,Wrenched Ankle,"Sitting, hunched over",NA,3:45,Pace Hall,NA,11,68,11,NA,68,Butterfly,Wrenched Ankle,229.2
Anklebone Connected to the Knee Bone,9,4.06,0,0,1,NA,sitting,TRUE,231,231,Group 2,4.06,0.0,FALSE,Anklebone,10/2/26 15:45,231,Legal Studies,20,Senior,Yes,No,Right,NA,N/A,3,No,No,Yes,A long time ago,2,3,3,Yes,6,Butterflies in the Stomach,2,2,5,Yes,8,Wrenched Ankle,"Sitting, hunched over",NA,3:45,Pace Hall,NA,11,68,11,NA,68,Butterfly,Wrenched Ankle,229.2
Adam's Apple,10,8.2,0,2,3,NA,sitting,TRUE,231,231,Group 2,8.2,2.0,FALSE,Adam's Apple,10/2/26 15:45,231,Legal Studies,20,Senior,Yes,No,Right,NA,N/A,3,No,No,Yes,A long time ago,2,3,3,Yes,6,Butterflies in the Stomach,2,2,5,Yes,8,Wrenched Ankle,"Sitting, hunched over",NA,3:45,Pace Hall,NA,11,68,11,NA,68,Butterfly,Wrenched Ankle,229.2
Charlie Horse,11,40.28,4,8,8,NA,sitting,FALSE,231,231,Group 2,40.28,8.0,FALSE,Charlie Horse,10/2/26 15:45,231,Legal Studies,20,Senior,Yes,No,Right,NA,N/A,3,No,No,Yes,A long time ago,2,3,3,Yes,6,Butterflies in the Stomach,2,2,5,Yes,8,Wrenched Ankle,"Sitting, hunched over",NA,3:45,Pace Hall,NA,11,68,11,NA,68,Butterfly,Wrenched Ankle,229.2
Funny Bone,12,2.95,0,2,2,NA,sitting,TRUE,231,231,Group 2,2.95,2.0,FALSE,Funny Bone,10/2/26 15:45,231,Legal Studies,20,Senior,Yes,No,Right,NA,N/A,3,No,No,Yes,A long time ago,2,3,3,Yes,6,Butterflies in the Stomach,2,2,5,Yes,8,Wrenched Ankle,"Sitting, hunched over",NA,3:45,Pace Hall,NA,11,68,11,NA,68,Butterfly,Wrenched Ankle,229.2
Spare Ribs,13,2.98,0,0,1,NA,sitting,TRUE,231,231,Group 2,2.98,0.0,FALSE,Spare Ribs,10/2/26 15:45,231,Legal Studies,20,Senior,Yes,No,Right,NA,N/A,3,No,No,Yes,A long time ago,2,3,3,Yes,6,Butterflies in the Stomach,2,2,5,Yes,8,Wrenched Ankle,"Sitting, hunched over",NA,3:45,Pace Hall,NA,11,68,11,NA,68,Butterfly,Wrenched Ankle,229.2
Bread Basket,1,3.53,0,0,1,NA,sitting,TRUE,232,232,Group 2,3.53,0.0,FALSE,Bread Basket,10/2/26 15:59,232,Enviormental Science,21,Senior,Yes,No,Left,NA,Yes,8,No,No,No,NA,4,2,5,NA,7,Charlie Horse,5,4,7,Yes,6,Charlie Horse,Varied,NA,3:59,Pace Hall,NA,11,68,11,NA,68,Charlie Horse,Charlie Horse,231.82999999999998
Writer's Cramp,2,8.37,0,1,3,NA,standing,TRUE,232,232,Group 2,8.37,1.0,FALSE,Writer's Cramp,10/2/26 15:59,232,Enviormental Science,21,Senior,Yes,No,Left,NA,Yes,8,No,No,No,NA,4,2,5,NA,7,Charlie Horse,5,4,7,Yes,6,Charlie Horse,Varied,NA,3:59,Pace Hall,NA,11,68,11,NA,68,Charlie Horse,Charlie Horse,231.82999999999998
Water on the Knee,3,11.02,1,3,3,NA,sitting,TRUE,232,232,Group 2,11.02,3.0,FALSE,Water on the Knee,10/2/26 15:59,232,Enviormental Science,21,Senior,Yes,No,Left,NA,Yes,8,No,No,No,NA,4,2,5,NA,7,Charlie Horse,5,4,7,Yes,6,Charlie Horse,Varied,NA,3:59,Pace Hall,NA,11,68,11,NA,68,Charlie Horse,Charlie Horse,231.82999999999998
Broken Heart,4,25.78,0,8,7,NA,sitting,FALSE,232,232,Group 2,25.78,8.0,FALSE,Broken Heart,10/2/26 15:59,232,Enviormental Science,21,Senior,Yes,No,Left,NA,Yes,8,No,No,No,NA,4,2,5,NA,7,Charlie Horse,5,4,7,Yes,6,Charlie Horse,Varied,NA,3:59,Pace Hall,NA,11,68,11,NA,68,Charlie Horse,Charlie Horse,231.82999999999998
Wrenched Ankle,5,6.67,0,2,3,NA,sitting,TRUE,232,232,Group 2,6.67,2.0,FALSE,Wrenched Ankle,10/2/26 15:59,232,Enviormental Science,21,Senior,Yes,No,Left,NA,Yes,8,No,No,No,NA,4,2,5,NA,7,Charlie Horse,5,4,7,Yes,6,Charlie Horse,Varied,NA,3:59,Pace Hall,NA,11,68,11,NA,68,Charlie Horse,Charlie Horse,231.82999999999998
Butterflies in the Stomach,6,18.01,0,0,2,NA,sitting,TRUE,232,232,Group 2,18.01,0.0,FALSE,Butterflies in Stomach,10/2/26 15:59,232,Enviormental Science,21,Senior,Yes,No,Left,NA,Yes,8,No,No,No,NA,4,2,5,NA,7,Charlie Horse,5,4,7,Yes,6,Charlie Horse,Varied,NA,3:59,Pace Hall,NA,11,68,11,NA,68,Charlie Horse,Charlie Horse,231.82999999999998
Spare Ribs,7,7.29,0,1,2,NA,sitting,TRUE,232,232,Group 2,7.29,1.0,FALSE,Spare Ribs,10/2/26 15:59,232,Enviormental Science,21,Senior,Yes,No,Left,NA,Yes,8,No,No,No,NA,4,2,5,NA,7,Charlie Horse,5,4,7,Yes,6,Charlie Horse,Varied,NA,3:59,Pace Hall,NA,11,68,11,NA,68,Charlie Horse,Charlie Horse,231.82999999999998
Charlie Horse,8,120,25,60,10,Gave up,sitting,FALSE,232,232,Group 2,120.0,60.0,FALSE,Charlie Horse,10/2/26 15:59,232,Enviormental Science,21,Senior,Yes,No,Left,NA,Yes,8,No,No,No,NA,4,2,5,NA,7,Charlie Horse,5,4,7,Yes,6,Charlie Horse,Varied,NA,3:59,Pace Hall,NA,11,68,11,NA,68,Charlie Horse,Charlie Horse,231.82999999999998
Anklebone Connected to the Knee Bone,9,5.97,0,0,1,NA,sitting,TRUE,232,232,Group 2,5.97,0.0,FALSE,Anklebone,10/2/26 15:59,232,Enviormental Science,21,Senior,Yes,No,Left,NA,Yes,8,No,No,No,NA,4,2,5,NA,7,Charlie Horse,5,4,7,Yes,6,Charlie Horse,Varied,NA,3:59,Pace Hall,NA,11,68,11,NA,68,Charlie Horse,Charlie Horse,231.82999999999998
Funny Bone,10,7.03,0,4,1,NA,sitting,TRUE,232,232,Group 2,7.03,4.0,FALSE,Funny Bone,10/2/26 15:59,232,Enviormental Science,21,Senior,Yes,No,Left,NA,Yes,8,No,No,No,NA,4,2,5,NA,7,Charlie Horse,5,4,7,Yes,6,Charlie Horse,Varied,NA,3:59,Pace Hall,NA,11,68,11,NA,68,Charlie Horse,Charlie Horse,231.82999999999998
Adam's Apple,11,3.23,0,0,1,NA,sitting,TRUE,232,232,Group 2,3.23,0.0,FALSE,Adam's Apple,10/2/26 15:59,232,Enviormental Science,21,Senior,Yes,No,Left,NA,Yes,8,No,No,No,NA,4,2,5,NA,7,Charlie Horse,5,4,7,Yes,6,Charlie Horse,Varied,NA,3:59,Pace Hall,NA,11,68,11,NA,68,Charlie Horse,Charlie Horse,231.82999999999998
Brain Freeze,12,2.98,0,0,1,NA,sitting,TRUE,232,232,Group 2,2.98,0.0,FALSE,Brain Freeze,10/2/26 15:59,232,Enviormental Science,21,Senior,Yes,No,Left,NA,Yes,8,No,No,No,NA,4,2,5,NA,7,Charlie Horse,5,4,7,Yes,6,Charlie Horse,Varied,NA,3:59,Pace Hall,NA,11,68,11,NA,68,Charlie Horse,Charlie Horse,231.82999999999998
Wishbone,13,11.95,0,6,4,NA,sitting,FALSE,232,232,Group 2,11.95,6.0,FALSE,Wish Bone,10/2/26 15:59,232,Enviormental Science,21,Senior,Yes,No,Left,NA,Yes,8,No,No,No,NA,4,2,5,NA,7,Charlie Horse,5,4,7,Yes,6,Charlie Horse,Varied,NA,3:59,Pace Hall,NA,11,68,11,NA,68,Charlie Horse,Charlie Horse,231.82999999999998
Adam's Apple,1,15.45,0,5,2,NA,sitting,FALSE,233,233,Group 2,15.45,5.0,FALSE,Adam's Apple,10/2/26 16:24,233,NA,56,Not a Student,No,No,Right,NA,Yes,8,Yes,No,No,NA,3,4,9,NA,8,Anklebone Connected to the Knee Bone,9,1,8,Yes,6,Charlie Horse,Varied,NA,4:23,Pace Hall,NA,5,69,5,NA,69,Ankle Bone,Charlie Horse,181.93000000000004
Anklebone Connected to the Knee Bone,2,9.83,0,0,1,NA,sitting,TRUE,233,233,Group 2,9.83,0.0,FALSE,Anklebone,10/2/26 16:24,233,NA,56,Not a Student,No,No,Right,NA,Yes,8,Yes,No,No,NA,3,4,9,NA,8,Anklebone Connected to the Knee Bone,9,1,8,Yes,6,Charlie Horse,Varied,NA,4:23,Pace Hall,NA,5,69,5,NA,69,Ankle Bone,Charlie Horse,181.93000000000004
Writer's Cramp,3,9.95,0,1,3,NA,sitting,TRUE,233,233,Group 2,9.95,1.0,FALSE,Writer's Cramp,10/2/26 16:24,233,NA,56,Not a Student,No,No,Right,NA,Yes,8,Yes,No,No,NA,3,4,9,NA,8,Anklebone Connected to the Knee Bone,9,1,8,Yes,6,Charlie Horse,Varied,NA,4:23,Pace Hall,NA,5,69,5,NA,69,Ankle Bone,Charlie Horse,181.93000000000004
Butterflies in the Stomach,4,8.15,0,0,2,NA,sitting,TRUE,233,233,Group 2,8.15,0.0,FALSE,Butterflies in Stomach,10/2/26 16:24,233,NA,56,Not a Student,No,No,Right,NA,Yes,8,Yes,No,No,NA,3,4,9,NA,8,Anklebone Connected to the Knee Bone,9,1,8,Yes,6,Charlie Horse,Varied,NA,4:23,Pace Hall,NA,5,69,5,NA,69,Ankle Bone,Charlie Horse,181.93000000000004
Funny Bone,5,17.55,0,1,3,NA,sitting,TRUE,233,233,Group 2,17.55,1.0,FALSE,Funny Bone,10/2/26 16:24,233,NA,56,Not a Student,No,No,Right,NA,Yes,8,Yes,No,No,NA,3,4,9,NA,8,Anklebone Connected to the Knee Bone,9,1,8,Yes,6,Charlie Horse,Varied,NA,4:23,Pace Hall,NA,5,69,5,NA,69,Ankle Bone,Charlie Horse,181.93000000000004
Water on the Knee,6,4.78,0,0,1,NA,sitting,TRUE,233,233,Group 2,4.78,0.0,FALSE,Water on the Knee,10/2/26 16:24,233,NA,56,Not a Student,No,No,Right,NA,Yes,8,Yes,No,No,NA,3,4,9,NA,8,Anklebone Connected to the Knee Bone,9,1,8,Yes,6,Charlie Horse,Varied,NA,4:23,Pace Hall,NA,5,69,5,NA,69,Ankle Bone,Charlie Horse,181.93000000000004
Spare Ribs,7,13.27,1,2,4,NA,sitting,TRUE,233,233,Group 2,13.27,2.0,FALSE,Spare Ribs,10/2/26 16:24,233,NA,56,Not a Student,No,No,Right,NA,Yes,8,Yes,No,No,NA,3,4,9,NA,8,Anklebone Connected to the Knee Bone,9,1,8,Yes,6,Charlie Horse,Varied,NA,4:23,Pace Hall,NA,5,69,5,NA,69,Ankle Bone,Charlie Horse,181.93000000000004
Broken Heart,8,5.76,0,0,1,NA,sitting,TRUE,233,233,Group 2,5.76,0.0,FALSE,Broken Heart,10/2/26 16:24,233,NA,56,Not a Student,No,No,Right,NA,Yes,8,Yes,No,No,NA,3,4,9,NA,8,Anklebone Connected to the Knee Bone,9,1,8,Yes,6,Charlie Horse,Varied,NA,4:23,Pace Hall,NA,5,69,5,NA,69,Ankle Bone,Charlie Horse,181.93000000000004
Charlie Horse,9,74.53,13,35,10,NA,standing,FALSE,233,233,Group 2,74.53,35.0,FALSE,Charlie Horse,10/2/26 16:24,233,NA,56,Not a Student,No,No,Right,NA,Yes,8,Yes,No,No,NA,3,4,9,NA,8,Anklebone Connected to the Knee Bone,9,1,8,Yes,6,Charlie Horse,Varied,NA,4:23,Pace Hall,NA,5,69,5,NA,69,Ankle Bone,Charlie Horse,181.93000000000004
Bread Basket,10,4.55,0,2,3,NA,sitting,TRUE,233,233,Group 2,4.55,2.0,FALSE,Bread Basket,10/2/26 16:24,233,NA,56,Not a Student,No,No,Right,NA,Yes,8,Yes,No,No,NA,3,4,9,NA,8,Anklebone Connected to the Knee Bone,9,1,8,Yes,6,Charlie Horse,Varied,NA,4:23,Pace Hall,NA,5,69,5,NA,69,Ankle Bone,Charlie Horse,181.93000000000004
Wrenched Ankle,11,9.58,2,5,5,NA,sitting,FALSE,233,233,Group 2,9.58,5.0,FALSE,Wrenched Ankle,10/2/26 16:24,233,NA,56,Not a Student,No,No,Right,NA,Yes,8,Yes,No,No,NA,3,4,9,NA,8,Anklebone Connected to the Knee Bone,9,1,8,Yes,6,Charlie Horse,Varied,NA,4:23,Pace Hall,NA,5,69,5,NA,69,Ankle Bone,Charlie Horse,181.93000000000004
Wishbone,12,4.95,1,5,4,NA,sitting,FALSE,233,233,Group 2,4.95,5.0,FALSE,Wish Bone,10/2/26 16:24,233,NA,56,Not a Student,No,No,Right,NA,Yes,8,Yes,No,No,NA,3,4,9,NA,8,Anklebone Connected to the Knee Bone,9,1,8,Yes,6,Charlie Horse,Varied,NA,4:23,Pace Hall,NA,5,69,5,NA,69,Ankle Bone,Charlie Horse,181.93000000000004
Brain Freeze,13,3.58,0,0,1,NA,sitting,TRUE,233,233,Group 2,3.58,0.0,FALSE,Brain Freeze,10/2/26 16:24,233,NA,56,Not a Student,No,No,Right,NA,Yes,8,Yes,No,No,NA,3,4,9,NA,8,Anklebone Connected to the Knee Bone,9,1,8,Yes,6,Charlie Horse,Varied,NA,4:23,Pace Hall,NA,5,69,5,NA,69,Ankle Bone,Charlie Horse,181.93000000000004
Funny Bone,1,3.48,0,3,1,NA,varied,TRUE,234,234,Group 2,3.48,3.0,FALSE,Funny Bone,10/2/26 16:37,234,NA,47,Not a Student,No,No,Right,NA,Yes,8,No,No,Yes,A long time ago,5,2,4,Yes,5,Water on the Knee,6,3,5,Yes,2,Charlie Horse,Varied,NA,4:35,Pace Hall,NA,5,70,5,NA,70,Water on the Knee,Charlie Horse,128.69
Writer's Cramp,2,13.67,0,2,3,"Started Lauphing Thought ""Writer's Cramp was a Joke",varied,TRUE,234,234,Group 2,13.67,2.0,FALSE,Writer's Cramp,10/2/26 16:37,234,NA,47,Not a Student,No,No,Right,NA,Yes,8,No,No,Yes,A long time ago,5,2,4,Yes,5,Water on the Knee,6,3,5,Yes,2,Charlie Horse,Varied,NA,4:35,Pace Hall,NA,5,70,5,NA,70,Water on the Knee,Charlie Horse,128.69
Water on the Knee,3,17.14,3,0,6,NA,varied,TRUE,234,234,Group 2,17.14,0.0,FALSE,Water on the Knee,10/2/26 16:37,234,NA,47,Not a Student,No,No,Right,NA,Yes,8,No,No,Yes,A long time ago,5,2,4,Yes,5,Water on the Knee,6,3,5,Yes,2,Charlie Horse,Varied,NA,4:35,Pace Hall,NA,5,70,5,NA,70,Water on the Knee,Charlie Horse,128.69
Butterflies in the Stomach,4,9.2,0,1,3,NA,varied,TRUE,234,234,Group 2,9.2,1.0,FALSE,Butterflies in Stomach,10/2/26 16:37,234,NA,47,Not a Student,No,No,Right,NA,Yes,8,No,No,Yes,A long time ago,5,2,4,Yes,5,Water on the Knee,6,3,5,Yes,2,Charlie Horse,Varied,NA,4:35,Pace Hall,NA,5,70,5,NA,70,Water on the Knee,Charlie Horse,128.69
Anklebone Connected to the Knee Bone,5,4.93,0,0,1,NA,varied,TRUE,234,234,Group 2,4.93,0.0,FALSE,Anklebone,10/2/26 16:37,234,NA,47,Not a Student,No,No,Right,NA,Yes,8,No,No,Yes,A long time ago,5,2,4,Yes,5,Water on the Knee,6,3,5,Yes,2,Charlie Horse,Varied,NA,4:35,Pace Hall,NA,5,70,5,NA,70,Water on the Knee,Charlie Horse,128.69
Brain Freeze,6,2.81,0,0,1,NA,varied,TRUE,234,234,Group 2,2.81,0.0,FALSE,Brain Freeze,10/2/26 16:37,234,NA,47,Not a Student,No,No,Right,NA,Yes,8,No,No,Yes,A long time ago,5,2,4,Yes,5,Water on the Knee,6,3,5,Yes,2,Charlie Horse,Varied,NA,4:35,Pace Hall,NA,5,70,5,NA,70,Water on the Knee,Charlie Horse,128.69
Wrenched Ankle,7,9.55,1,3,4,NA,varied,TRUE,234,234,Group 2,9.55,3.0,FALSE,Wrenched Ankle,10/2/26 16:37,234,NA,47,Not a Student,No,No,Right,NA,Yes,8,No,No,Yes,A long time ago,5,2,4,Yes,5,Water on the Knee,6,3,5,Yes,2,Charlie Horse,Varied,NA,4:35,Pace Hall,NA,5,70,5,NA,70,Water on the Knee,Charlie Horse,128.69
Charlie Horse,8,28.97,3,20,9,NA,varied,FALSE,234,234,Group 2,28.97,20.0,FALSE,Charlie Horse,10/2/26 16:37,234,NA,47,Not a Student,No,No,Right,NA,Yes,8,No,No,Yes,A long time ago,5,2,4,Yes,5,Water on the Knee,6,3,5,Yes,2,Charlie Horse,Varied,NA,4:35,Pace Hall,NA,5,70,5,NA,70,Water on the Knee,Charlie Horse,128.69
Adam's Apple,9,3.24,0,3,2,NA,varied,TRUE,234,234,Group 2,3.24,3.0,FALSE,Adam's Apple,10/2/26 16:37,234,NA,47,Not a Student,No,No,Right,NA,Yes,8,No,No,Yes,A long time ago,5,2,4,Yes,5,Water on the Knee,6,3,5,Yes,2,Charlie Horse,Varied,NA,4:35,Pace Hall,NA,5,70,5,NA,70,Water on the Knee,Charlie Horse,128.69
Spare Ribs,10,10.85,0,6,4,NA,varied,FALSE,234,234,Group 2,10.85,6.0,FALSE,Spare Ribs,10/2/26 16:37,234,NA,47,Not a Student,No,No,Right,NA,Yes,8,No,No,Yes,A long time ago,5,2,4,Yes,5,Water on the Knee,6,3,5,Yes,2,Charlie Horse,Varied,NA,4:35,Pace Hall,NA,5,70,5,NA,70,Water on the Knee,Charlie Horse,128.69
Wishbone,11,7.62,0,3,2,NA,varied,TRUE,234,234,Group 2,7.62,3.0,FALSE,Wish Bone,10/2/26 16:37,234,NA,47,Not a Student,No,No,Right,NA,Yes,8,No,No,Yes,A long time ago,5,2,4,Yes,5,Water on the Knee,6,3,5,Yes,2,Charlie Horse,Varied,NA,4:35,Pace Hall,NA,5,70,5,NA,70,Water on the Knee,Charlie Horse,128.69
Bread Basket,12,5.63,0,0,1,NA,varied,TRUE,234,234,Group 2,5.63,0.0,FALSE,Bread Basket,10/2/26 16:37,234,NA,47,Not a Student,No,No,Right,NA,Yes,8,No,No,Yes,A long time ago,5,2,4,Yes,5,Water on the Knee,6,3,5,Yes,2,Charlie Horse,Varied,NA,4:35,Pace Hall,NA,5,70,5,NA,70,Water on the Knee,Charlie Horse,128.69
Broken Heart,13,11.6,1,0,2,NA,varied,TRUE,234,234,Group 2,11.6,0.0,FALSE,Broken Heart,10/2/26 16:37,234,NA,47,Not a Student,No,No,Right,NA,Yes,8,No,No,Yes,A long time ago,5,2,4,Yes,5,Water on the Knee,6,3,5,Yes,2,Charlie Horse,Varied,NA,4:35,Pace Hall,NA,5,70,5,NA,70,Water on the Knee,Charlie Horse,128.69
Spare Ribs,1,6.29,0,0,1,NA,sitting,TRUE,301,301,Group 3,6.29,0.0,FALSE,Spare Ribs,9/15/26 13:05,301,Civil Engineer,21,Junior,No,No,Right,18.5,Yes,9,Yes,No,Yes,A long time ago,3,1,8,Yes,8,Charlie Horse,9,1,9,Yes,5,Charlie Horse,Sitting up,Did practice with the game for 5 minutes the day prior to study being conducted.,1:03,Heritage Dorm Room,45,2,70,2,45,70,Charlie Horse,Charlie Horse,112.74
Wrenched Ankle,2,15.36,3,0,2,NA,sitting,TRUE,301,301,Group 3,15.36,0.0,FALSE,Wrenched Ankle,9/15/26 13:05,301,Civil Engineer,21,Junior,No,No,Right,18.5,Yes,9,Yes,No,Yes,A long time ago,3,1,8,Yes,8,Charlie Horse,9,1,9,Yes,5,Charlie Horse,Sitting up,Did practice with the game for 5 minutes the day prior to study being conducted.,1:03,Heritage Dorm Room,45,2,70,2,45,70,Charlie Horse,Charlie Horse,112.74
Water on the Knee,3,7.19,0,0,1,NA,sitting,TRUE,301,301,Group 3,7.19,0.0,FALSE,Water on the Knee,9/15/26 13:05,301,Civil Engineer,21,Junior,No,No,Right,18.5,Yes,9,Yes,No,Yes,A long time ago,3,1,8,Yes,8,Charlie Horse,9,1,9,Yes,5,Charlie Horse,Sitting up,Did practice with the game for 5 minutes the day prior to study being conducted.,1:03,Heritage Dorm Room,45,2,70,2,45,70,Charlie Horse,Charlie Horse,112.74
Adam's Apple,4,3.86,0,0,1,NA,sitting,TRUE,301,301,Group 3,3.86,0.0,FALSE,Adam's Apple,9/15/26 13:05,301,Civil Engineer,21,Junior,No,No,Right,18.5,Yes,9,Yes,No,Yes,A long time ago,3,1,8,Yes,8,Charlie Horse,9,1,9,Yes,5,Charlie Horse,Sitting up,Did practice with the game for 5 minutes the day prior to study being conducted.,1:03,Heritage Dorm Room,45,2,70,2,45,70,Charlie Horse,Charlie Horse,112.74
Butterflies in the Stomach,5,3.66,0,0,1,NA,sitting,TRUE,301,301,Group 3,3.66,0.0,FALSE,Butterflies in Stomach,9/15/26 13:05,301,Civil Engineer,21,Junior,No,No,Right,18.5,Yes,9,Yes,No,Yes,A long time ago,3,1,8,Yes,8,Charlie Horse,9,1,9,Yes,5,Charlie Horse,Sitting up,Did practice with the game for 5 minutes the day prior to study being conducted.,1:03,Heritage Dorm Room,45,2,70,2,45,70,Charlie Horse,Charlie Horse,112.74
Charlie Horse,6,31.52,4,5,10,Pulled away after each error,sitting,FALSE,301,301,Group 3,31.52,5.0,FALSE,Charlie Horse,9/15/26 13:05,301,Civil Engineer,21,Junior,No,No,Right,18.5,Yes,9,Yes,No,Yes,A long time ago,3,1,8,Yes,8,Charlie Horse,9,1,9,Yes,5,Charlie Horse,Sitting up,Did practice with the game for 5 minutes the day prior to study being conducted.,1:03,Heritage Dorm Room,45,2,70,2,45,70,Charlie Horse,Charlie Horse,112.74
Anklebone Connected to the Knee Bone,7,4.71,0,0,1,NA,sitting,TRUE,301,301,Group 3,4.71,0.0,FALSE,Ankle connected to knee bone,9/15/26 13:05,301,Civil Engineer,21,Junior,No,No,Right,18.5,Yes,9,Yes,No,Yes,A long time ago,3,1,8,Yes,8,Charlie Horse,9,1,9,Yes,5,Charlie Horse,Sitting up,Did practice with the game for 5 minutes the day prior to study being conducted.,1:03,Heritage Dorm Room,45,2,70,2,45,70,Charlie Horse,Charlie Horse,112.74
Bread Basket,8,2.75,0,0,1,Claimed before it may be hard,sitting,TRUE,301,301,Group 3,2.75,0.0,FALSE,Bread basket,9/15/26 13:05,301,Civil Engineer,21,Junior,No,No,Right,18.5,Yes,9,Yes,No,Yes,A long time ago,3,1,8,Yes,8,Charlie Horse,9,1,9,Yes,5,Charlie Horse,Sitting up,Did practice with the game for 5 minutes the day prior to study being conducted.,1:03,Heritage Dorm Room,45,2,70,2,45,70,Charlie Horse,Charlie Horse,112.74
Broken Heart,9,3.07,0,0,1,NA,sitting,TRUE,301,301,Group 3,3.07,0.0,FALSE,Broken heart,9/15/26 13:05,301,Civil Engineer,21,Junior,No,No,Right,18.5,Yes,9,Yes,No,Yes,A long time ago,3,1,8,Yes,8,Charlie Horse,9,1,9,Yes,5,Charlie Horse,Sitting up,Did practice with the game for 5 minutes the day prior to study being conducted.,1:03,Heritage Dorm Room,45,2,70,2,45,70,Charlie Horse,Charlie Horse,112.74
Funny Bone,10,17.34,0,3,5,Did move it with tools before picking it up.,sitting,TRUE,301,301,Group 3,17.34,3.0,FALSE,Funny Bone,9/15/26 13:05,301,Civil Engineer,21,Junior,No,No,Right,18.5,Yes,9,Yes,No,Yes,A long time ago,3,1,8,Yes,8,Charlie Horse,9,1,9,Yes,5,Charlie Horse,Sitting up,Did practice with the game for 5 minutes the day prior to study being conducted.,1:03,Heritage Dorm Room,45,2,70,2,45,70,Charlie Horse,Charlie Horse,112.74
Brain Freeze,11,2.09,0,0,1,NA,sitting,TRUE,301,301,Group 3,2.09,0.0,FALSE,Brain Freeze,9/15/26 13:05,301,Civil Engineer,21,Junior,No,No,Right,18.5,Yes,9,Yes,No,Yes,A long time ago,3,1,8,Yes,8,Charlie Horse,9,1,9,Yes,5,Charlie Horse,Sitting up,Did practice with the game for 5 minutes the day prior to study being conducted.,1:03,Heritage Dorm Room,45,2,70,2,45,70,Charlie Horse,Charlie Horse,112.74
Wishbone,12,10,2,1,4,NA,sitting,TRUE,301,301,Group 3,10.0,1.0,FALSE,Wish Bone,9/15/26 13:05,301,Civil Engineer,21,Junior,No,No,Right,18.5,Yes,9,Yes,No,Yes,A long time ago,3,1,8,Yes,8,Charlie Horse,9,1,9,Yes,5,Charlie Horse,Sitting up,Did practice with the game for 5 minutes the day prior to study being conducted.,1:03,Heritage Dorm Room,45,2,70,2,45,70,Charlie Horse,Charlie Horse,112.74
Writer's Cramp,13,4.9,0,1,2,NA,sitting,TRUE,301,301,Group 3,4.9,1.0,FALSE,Writer's Cramp,9/15/26 13:05,301,Civil Engineer,21,Junior,No,No,Right,18.5,Yes,9,Yes,No,Yes,A long time ago,3,1,8,Yes,8,Charlie Horse,9,1,9,Yes,5,Charlie Horse,Sitting up,Did practice with the game for 5 minutes the day prior to study being conducted.,1:03,Heritage Dorm Room,45,2,70,2,45,70,Charlie Horse,Charlie Horse,112.74
Wishbone,1,5.68,0,1,2,Does hold the wire with 2nd hand,sitting,TRUE,302,302,Group 3,5.68,1.0,FALSE,Wish Bone,9/15/26 13:58,302,Biomedical Sciences,19,Sophomore,No,No,Right,17,No,7,No,No,Yes,A long time ago,5,4,6,Yes,7,Anklebone Connected to the Knee Bone,7,6,10,Yes,4,Charlie Horse,Sitting up,Table was ever so slightly wobblily.,1:57,heritage dorm room,36,2,70,2,36,70,Ankle Bone,Charlie Horse,150.45999999999998
Writer's Cramp,2,21.57,0,5,8,Jumped after error,sitting,FALSE,302,302,Group 3,21.57,5.0,FALSE,Writer's Cramp,9/15/26 13:58,302,Biomedical Sciences,19,Sophomore,No,No,Right,17,No,7,No,No,Yes,A long time ago,5,4,6,Yes,7,Anklebone Connected to the Knee Bone,7,6,10,Yes,4,Charlie Horse,Sitting up,Table was ever so slightly wobblily.,1:57,heritage dorm room,36,2,70,2,36,70,Ankle Bone,Charlie Horse,150.45999999999998
Water on the Knee,3,11.15,2,0,3,NA,sitting,TRUE,302,302,Group 3,11.15,0.0,FALSE,Water on Knee,9/15/26 13:58,302,Biomedical Sciences,19,Sophomore,No,No,Right,17,No,7,No,No,Yes,A long time ago,5,4,6,Yes,7,Anklebone Connected to the Knee Bone,7,6,10,Yes,4,Charlie Horse,Sitting up,Table was ever so slightly wobblily.,1:57,heritage dorm room,36,2,70,2,36,70,Ankle Bone,Charlie Horse,150.45999999999998
Anklebone Connected to the Knee Bone,4,6.15,0,0,1,NA,sitting,TRUE,302,302,Group 3,6.15,0.0,FALSE,Ankle connected to knee bone,9/15/26 13:58,302,Biomedical Sciences,19,Sophomore,No,No,Right,17,No,7,No,No,Yes,A long time ago,5,4,6,Yes,7,Anklebone Connected to the Knee Bone,7,6,10,Yes,4,Charlie Horse,Sitting up,Table was ever so slightly wobblily.,1:57,heritage dorm room,36,2,70,2,36,70,Ankle Bone,Charlie Horse,150.45999999999998
Adam's Apple,5,6.58,0,0,1,NA,sitting,TRUE,302,302,Group 3,6.58,0.0,FALSE,Adam's Apple,9/15/26 13:58,302,Biomedical Sciences,19,Sophomore,No,No,Right,17,No,7,No,No,Yes,A long time ago,5,4,6,Yes,7,Anklebone Connected to the Knee Bone,7,6,10,Yes,4,Charlie Horse,Sitting up,Table was ever so slightly wobblily.,1:57,heritage dorm room,36,2,70,2,36,70,Ankle Bone,Charlie Horse,150.45999999999998
Bread Basket,6,3.22,0,0,1,NA,sitting,TRUE,302,302,Group 3,3.22,0.0,FALSE,Bread Basket,9/15/26 13:58,302,Biomedical Sciences,19,Sophomore,No,No,Right,17,No,7,No,No,Yes,A long time ago,5,4,6,Yes,7,Anklebone Connected to the Knee Bone,7,6,10,Yes,4,Charlie Horse,Sitting up,Table was ever so slightly wobblily.,1:57,heritage dorm room,36,2,70,2,36,70,Ankle Bone,Charlie Horse,150.45999999999998
Funny Bone,7,4.22,0,0,1,Does hold the wire with 2nd hand,sitting,TRUE,302,302,Group 3,4.22,0.0,FALSE,Funny Bone,9/15/26 13:58,302,Biomedical Sciences,19,Sophomore,No,No,Right,17,No,7,No,No,Yes,A long time ago,5,4,6,Yes,7,Anklebone Connected to the Knee Bone,7,6,10,Yes,4,Charlie Horse,Sitting up,Table was ever so slightly wobblily.,1:57,heritage dorm room,36,2,70,2,36,70,Ankle Bone,Charlie Horse,150.45999999999998
Brain Freeze,8,7.85,0,1,3,Does hold the wire with 2nd hand,sitting,TRUE,302,302,Group 3,7.85,1.0,FALSE,Brain Freeze,9/15/26 13:58,302,Biomedical Sciences,19,Sophomore,No,No,Right,17,No,7,No,No,Yes,A long time ago,5,4,6,Yes,7,Anklebone Connected to the Knee Bone,7,6,10,Yes,4,Charlie Horse,Sitting up,Table was ever so slightly wobblily.,1:57,heritage dorm room,36,2,70,2,36,70,Ankle Bone,Charlie Horse,150.45999999999998
Butterflies in the Stomach,9,11.01,0,0,1,NA,sitting,TRUE,302,302,Group 3,11.01,0.0,FALSE,Butterflies in Stomach,9/15/26 13:58,302,Biomedical Sciences,19,Sophomore,No,No,Right,17,No,7,No,No,Yes,A long time ago,5,4,6,Yes,7,Anklebone Connected to the Knee Bone,7,6,10,Yes,4,Charlie Horse,Sitting up,Table was ever so slightly wobblily.,1:57,heritage dorm room,36,2,70,2,36,70,Ankle Bone,Charlie Horse,150.45999999999998
Broken Heart,10,4.29,0,0,1,NA,sitting,TRUE,302,302,Group 3,4.29,0.0,FALSE,Broken Heart,9/15/26 13:58,302,Biomedical Sciences,19,Sophomore,No,No,Right,17,No,7,No,No,Yes,A long time ago,5,4,6,Yes,7,Anklebone Connected to the Knee Bone,7,6,10,Yes,4,Charlie Horse,Sitting up,Table was ever so slightly wobblily.,1:57,heritage dorm room,36,2,70,2,36,70,Ankle Bone,Charlie Horse,150.45999999999998
Spare Ribs,11,24.3,0,4,6,Cursed after error,sitting,TRUE,302,302,Group 3,24.3,4.0,FALSE,Spare Ribs,9/15/26 13:58,302,Biomedical Sciences,19,Sophomore,No,No,Right,17,No,7,No,No,Yes,A long time ago,5,4,6,Yes,7,Anklebone Connected to the Knee Bone,7,6,10,Yes,4,Charlie Horse,Sitting up,Table was ever so slightly wobblily.,1:57,heritage dorm room,36,2,70,2,36,70,Ankle Bone,Charlie Horse,150.45999999999998
Charlie Horse,12,24.61,0,5,10,Does hold the wire with 2nd hand,sitting,FALSE,302,302,Group 3,24.61,5.0,FALSE,Charlie horse,9/15/26 13:58,302,Biomedical Sciences,19,Sophomore,No,No,Right,17,No,7,No,No,Yes,A long time ago,5,4,6,Yes,7,Anklebone Connected to the Knee Bone,7,6,10,Yes,4,Charlie Horse,Sitting up,Table was ever so slightly wobblily.,1:57,heritage dorm room,36,2,70,2,36,70,Ankle Bone,Charlie Horse,150.45999999999998
Wrenched Ankle,13,19.83,2,3,7,NA,sitting,TRUE,302,302,Group 3,19.83,3.0,FALSE,Wrenched Ankle,9/15/26 13:58,302,Biomedical Sciences,19,Sophomore,No,No,Right,17,No,7,No,No,Yes,A long time ago,5,4,6,Yes,7,Anklebone Connected to the Knee Bone,7,6,10,Yes,4,Charlie Horse,Sitting up,Table was ever so slightly wobblily.,1:57,heritage dorm room,36,2,70,2,36,70,Ankle Bone,Charlie Horse,150.45999999999998
Wishbone,1,4.15,0,0,2,Flinched,sitting,TRUE,303,303,Group 3,4.15,0.0,FALSE,Wish Bone,9/21/26 8:49,303,Biochemistry,20,Sophomore,Yes,No,Right,17.4,No,7,Yes,No,Yes,A long time ago,4,5,7,No,8,Charlie Horse,7,6,8,No,7,Charlie Horse,"Sitting, hunched over",The pencil piece (writer's cramp) moved around a lot more than expected.,8:30,Parking Lot of 7 Brew,40,2,80,2,40,80,Charlie Horse,Charlie Horse,90.80000000000001
Adam's Apple,2,4.45,0,0,2,NA,sitting,TRUE,303,303,Group 3,4.45,0.0,FALSE,Adam's Apple,9/21/26 8:49,303,Biochemistry,20,Sophomore,Yes,No,Right,17.4,No,7,Yes,No,Yes,A long time ago,4,5,7,No,8,Charlie Horse,7,6,8,No,7,Charlie Horse,"Sitting, hunched over",The pencil piece (writer's cramp) moved around a lot more than expected.,8:30,Parking Lot of 7 Brew,40,2,80,2,40,80,Charlie Horse,Charlie Horse,90.80000000000001
Water on the Knee,3,5.35,0,0,3,NA,sitting,TRUE,303,303,Group 3,5.35,0.0,FALSE,Water on the Knee,9/21/26 8:49,303,Biochemistry,20,Sophomore,Yes,No,Right,17.4,No,7,Yes,No,Yes,A long time ago,4,5,7,No,8,Charlie Horse,7,6,8,No,7,Charlie Horse,"Sitting, hunched over",The pencil piece (writer's cramp) moved around a lot more than expected.,8:30,Parking Lot of 7 Brew,40,2,80,2,40,80,Charlie Horse,Charlie Horse,90.80000000000001
Wrenched Ankle,4,10.48,2,1,6,Flinched,sitting,TRUE,303,303,Group 3,10.48,1.0,FALSE,Wrenched Ankle,9/21/26 8:49,303,Biochemistry,20,Sophomore,Yes,No,Right,17.4,No,7,Yes,No,Yes,A long time ago,4,5,7,No,8,Charlie Horse,7,6,8,No,7,Charlie Horse,"Sitting, hunched over",The pencil piece (writer's cramp) moved around a lot more than expected.,8:30,Parking Lot of 7 Brew,40,2,80,2,40,80,Charlie Horse,Charlie Horse,90.80000000000001
Anklebone Connected to the Knee Bone,5,5.1,0,0,3,NA,sitting,TRUE,303,303,Group 3,5.1,0.0,FALSE,Ankle connected to knee bone,9/21/26 8:49,303,Biochemistry,20,Sophomore,Yes,No,Right,17.4,No,7,Yes,No,Yes,A long time ago,4,5,7,No,8,Charlie Horse,7,6,8,No,7,Charlie Horse,"Sitting, hunched over",The pencil piece (writer's cramp) moved around a lot more than expected.,8:30,Parking Lot of 7 Brew,40,2,80,2,40,80,Charlie Horse,Charlie Horse,90.80000000000001
Writer's Cramp,6,6.55,1,2,6,Flinched. The piece slid around a bit.,sitting,TRUE,303,303,Group 3,6.55,2.0,FALSE,Writer's Cramp,9/21/26 8:49,303,Biochemistry,20,Sophomore,Yes,No,Right,17.4,No,7,Yes,No,Yes,A long time ago,4,5,7,No,8,Charlie Horse,7,6,8,No,7,Charlie Horse,"Sitting, hunched over",The pencil piece (writer's cramp) moved around a lot more than expected.,8:30,Parking Lot of 7 Brew,40,2,80,2,40,80,Charlie Horse,Charlie Horse,90.80000000000001
Butterflies in the Stomach,7,4.34,0,0,1,NA,sitting,TRUE,303,303,Group 3,4.34,0.0,FALSE,Butterflies in Stomach,9/21/26 8:49,303,Biochemistry,20,Sophomore,Yes,No,Right,17.4,No,7,Yes,No,Yes,A long time ago,4,5,7,No,8,Charlie Horse,7,6,8,No,7,Charlie Horse,"Sitting, hunched over",The pencil piece (writer's cramp) moved around a lot more than expected.,8:30,Parking Lot of 7 Brew,40,2,80,2,40,80,Charlie Horse,Charlie Horse,90.80000000000001
Funny Bone,8,8.21,0,1,5,Flinched,sitting,TRUE,303,303,Group 3,8.21,1.0,FALSE,Funny Bone,9/21/26 8:49,303,Biochemistry,20,Sophomore,Yes,No,Right,17.4,No,7,Yes,No,Yes,A long time ago,4,5,7,No,8,Charlie Horse,7,6,8,No,7,Charlie Horse,"Sitting, hunched over",The pencil piece (writer's cramp) moved around a lot more than expected.,8:30,Parking Lot of 7 Brew,40,2,80,2,40,80,Charlie Horse,Charlie Horse,90.80000000000001
Brain Freeze,9,2.13,0,0,1,NA,sitting,TRUE,303,303,Group 3,2.13,0.0,FALSE,Brain Freeze,9/21/26 8:49,303,Biochemistry,20,Sophomore,Yes,No,Right,17.4,No,7,Yes,No,Yes,A long time ago,4,5,7,No,8,Charlie Horse,7,6,8,No,7,Charlie Horse,"Sitting, hunched over",The pencil piece (writer's cramp) moved around a lot more than expected.,8:30,Parking Lot of 7 Brew,40,2,80,2,40,80,Charlie Horse,Charlie Horse,90.80000000000001
Bread Basket,10,3.1,0,0,2,NA,sitting,TRUE,303,303,Group 3,3.1,0.0,FALSE,Bread basket,9/21/26 8:49,303,Biochemistry,20,Sophomore,Yes,No,Right,17.4,No,7,Yes,No,Yes,A long time ago,4,5,7,No,8,Charlie Horse,7,6,8,No,7,Charlie Horse,"Sitting, hunched over",The pencil piece (writer's cramp) moved around a lot more than expected.,8:30,Parking Lot of 7 Brew,40,2,80,2,40,80,Charlie Horse,Charlie Horse,90.80000000000001
Broken Heart,11,4.36,0,0,3,NA,sitting,TRUE,303,303,Group 3,4.36,0.0,FALSE,Broken Heart,9/21/26 8:49,303,Biochemistry,20,Sophomore,Yes,No,Right,17.4,No,7,Yes,No,Yes,A long time ago,4,5,7,No,8,Charlie Horse,7,6,8,No,7,Charlie Horse,"Sitting, hunched over",The pencil piece (writer's cramp) moved around a lot more than expected.,8:30,Parking Lot of 7 Brew,40,2,80,2,40,80,Charlie Horse,Charlie Horse,90.80000000000001
Spare Ribs,12,7.24,0,1,4,Flinched,sitting,TRUE,303,303,Group 3,7.24,1.0,FALSE,Spare Ribs,9/21/26 8:49,303,Biochemistry,20,Sophomore,Yes,No,Right,17.4,No,7,Yes,No,Yes,A long time ago,4,5,7,No,8,Charlie Horse,7,6,8,No,7,Charlie Horse,"Sitting, hunched over",The pencil piece (writer's cramp) moved around a lot more than expected.,8:30,Parking Lot of 7 Brew,40,2,80,2,40,80,Charlie Horse,Charlie Horse,90.80000000000001
Charlie Horse,13,25.34,0,3,10,Flinched,sitting,TRUE,303,303,Group 3,25.34,3.0,FALSE,Charlie's Horse,9/21/26 8:49,303,Biochemistry,20,Sophomore,Yes,No,Right,17.4,No,7,Yes,No,Yes,A long time ago,4,5,7,No,8,Charlie Horse,7,6,8,No,7,Charlie Horse,"Sitting, hunched over",The pencil piece (writer's cramp) moved around a lot more than expected.,8:30,Parking Lot of 7 Brew,40,2,80,2,40,80,Charlie Horse,Charlie Horse,90.80000000000001
Brain Freeze,1,3.33,0,0,1,NA,sitting,TRUE,304,304,Group 3,3.33,0.0,FALSE,Brain Freeze,9/21/26 9:14,304,Psychology,19,Senior,No,No,Right,15.6,No,6,Yes,No,No,NA,3,7,5,No,9,Bread Basket,5,5,7,No,8,Charlie Horse,"Sitting, hunched over",NA,8:50,Parking lot of 7 Brew,40,2,80,2,40,80,Breadbasket,Charlie Horse,91.49000000000001
Butterflies in the Stomach,2,5.13,0,0,2,NA,sitting,TRUE,304,304,Group 3,5.13,0.0,FALSE,Butterflies in Stomach,9/21/26 9:14,304,Psychology,19,Senior,No,No,Right,15.6,No,6,Yes,No,No,NA,3,7,5,No,9,Bread Basket,5,5,7,No,8,Charlie Horse,"Sitting, hunched over",NA,8:50,Parking lot of 7 Brew,40,2,80,2,40,80,Breadbasket,Charlie Horse,91.49000000000001
Funny Bone,3,6.12,0,1,5,Flinched,sitting,TRUE,304,304,Group 3,6.12,1.0,FALSE,Funny Bone,9/21/26 9:14,304,Psychology,19,Senior,No,No,Right,15.6,No,6,Yes,No,No,NA,3,7,5,No,9,Bread Basket,5,5,7,No,8,Charlie Horse,"Sitting, hunched over",NA,8:50,Parking lot of 7 Brew,40,2,80,2,40,80,Breadbasket,Charlie Horse,91.49000000000001
Water on the Knee,4,3.12,0,0,2,NA,sitting,TRUE,304,304,Group 3,3.12,0.0,FALSE,Water on Knee,9/21/26 9:14,304,Psychology,19,Senior,No,No,Right,15.6,No,6,Yes,No,No,NA,3,7,5,No,9,Bread Basket,5,5,7,No,8,Charlie Horse,"Sitting, hunched over",NA,8:50,Parking lot of 7 Brew,40,2,80,2,40,80,Breadbasket,Charlie Horse,91.49000000000001
Charlie Horse,5,26.18,1,5,10,Flinched. Crashed out a little bit.,sitting,FALSE,304,304,Group 3,26.18,5.0,FALSE,Charlie horse,9/21/26 9:14,304,Psychology,19,Senior,No,No,Right,15.6,No,6,Yes,No,No,NA,3,7,5,No,9,Bread Basket,5,5,7,No,8,Charlie Horse,"Sitting, hunched over",NA,8:50,Parking lot of 7 Brew,40,2,80,2,40,80,Breadbasket,Charlie Horse,91.49000000000001
Wrenched Ankle,6,13.43,0,3,8,Flinched,sitting,TRUE,304,304,Group 3,13.43,3.0,FALSE,Wrenched Ankle,9/21/26 9:14,304,Psychology,19,Senior,No,No,Right,15.6,No,6,Yes,No,No,NA,3,7,5,No,9,Bread Basket,5,5,7,No,8,Charlie Horse,"Sitting, hunched over",NA,8:50,Parking lot of 7 Brew,40,2,80,2,40,80,Breadbasket,Charlie Horse,91.49000000000001
Writer's Cramp,7,4.27,1,0,4,NA,sitting,TRUE,304,304,Group 3,4.27,0.0,FALSE,Writer's Cramp,9/21/26 9:14,304,Psychology,19,Senior,No,No,Right,15.6,No,6,Yes,No,No,NA,3,7,5,No,9,Bread Basket,5,5,7,No,8,Charlie Horse,"Sitting, hunched over",NA,8:50,Parking lot of 7 Brew,40,2,80,2,40,80,Breadbasket,Charlie Horse,91.49000000000001
Wishbone,8,5.1,1,0,5,NA,sitting,TRUE,304,304,Group 3,5.1,0.0,FALSE,Wish Bone,9/21/26 9:14,304,Psychology,19,Senior,No,No,Right,15.6,No,6,Yes,No,No,NA,3,7,5,No,9,Bread Basket,5,5,7,No,8,Charlie Horse,"Sitting, hunched over",NA,8:50,Parking lot of 7 Brew,40,2,80,2,40,80,Breadbasket,Charlie Horse,91.49000000000001
Broken Heart,9,4.31,0,1,4,Flinched,sitting,TRUE,304,304,Group 3,4.31,1.0,FALSE,Broken Heart,9/21/26 9:14,304,Psychology,19,Senior,No,No,Right,15.6,No,6,Yes,No,No,NA,3,7,5,No,9,Bread Basket,5,5,7,No,8,Charlie Horse,"Sitting, hunched over",NA,8:50,Parking lot of 7 Brew,40,2,80,2,40,80,Breadbasket,Charlie Horse,91.49000000000001
Spare Ribs,10,4.53,0,0,1,NA,sitting,TRUE,304,304,Group 3,4.53,0.0,FALSE,Spare Ribs,9/21/26 9:14,304,Psychology,19,Senior,No,No,Right,15.6,No,6,Yes,No,No,NA,3,7,5,No,9,Bread Basket,5,5,7,No,8,Charlie Horse,"Sitting, hunched over",NA,8:50,Parking lot of 7 Brew,40,2,80,2,40,80,Breadbasket,Charlie Horse,91.49000000000001
Anklebone Connected to the Knee Bone,11,2.26,0,0,2,NA,sitting,TRUE,304,304,Group 3,2.26,0.0,FALSE,Ankle connected to knee bone,9/21/26 9:14,304,Psychology,19,Senior,No,No,Right,15.6,No,6,Yes,No,No,NA,3,7,5,No,9,Bread Basket,5,5,7,No,8,Charlie Horse,"Sitting, hunched over",NA,8:50,Parking lot of 7 Brew,40,2,80,2,40,80,Breadbasket,Charlie Horse,91.49000000000001
Adam's Apple,12,3.51,0,0,4,NA,sitting,TRUE,304,304,Group 3,3.51,0.0,FALSE,Adam's Apple,9/21/26 9:14,304,Psychology,19,Senior,No,No,Right,15.6,No,6,Yes,No,No,NA,3,7,5,No,9,Bread Basket,5,5,7,No,8,Charlie Horse,"Sitting, hunched over",NA,8:50,Parking lot of 7 Brew,40,2,80,2,40,80,Breadbasket,Charlie Horse,91.49000000000001
Bread Basket,13,10.2,0,3,7,Flinched,sitting,TRUE,304,304,Group 3,10.2,3.0,FALSE,Bread Basket,9/21/26 9:14,304,Psychology,19,Senior,No,No,Right,15.6,No,6,Yes,No,No,NA,3,7,5,No,9,Bread Basket,5,5,7,No,8,Charlie Horse,"Sitting, hunched over",NA,8:50,Parking lot of 7 Brew,40,2,80,2,40,80,Breadbasket,Charlie Horse,91.49000000000001
Anklebone Connected to the Knee Bone,1,6.2,0,1,NA,NA,standing,TRUE,305,305,Group 3,6.2,1.0,FALSE,Ankle connected to knee bone,9/21/26 9:25,305,Mechanics,19,Sophomore,No,No,Right,19.4,No,5,Yes,No,No,NA,7,7,5,No,9,Charlie Horse,7,7,7,No,8,Charlie Horse,Varied,"Stood when looking at pieces at an angle, sat for others.",Morning,UWF Parking lot,50,2,83,2,50,83,Charlie Horse,Charlie Horse,86.69
Bread Basket,2,6.5,0,1,NA,NA,standing,TRUE,305,305,Group 3,6.5,1.0,FALSE,Bread basket,9/21/26 9:25,305,Mechanics,19,Sophomore,No,No,Right,19.4,No,5,Yes,No,No,NA,7,7,5,No,9,Charlie Horse,7,7,7,No,8,Charlie Horse,Varied,"Stood when looking at pieces at an angle, sat for others.",Morning,UWF Parking lot,50,2,83,2,50,83,Charlie Horse,Charlie Horse,86.69
Water on the Knee,3,4.01,0,0,NA,NA,standing,TRUE,305,305,Group 3,4.01,0.0,FALSE,Water on the Knee,9/21/26 9:25,305,Mechanics,19,Sophomore,No,No,Right,19.4,No,5,Yes,No,No,NA,7,7,5,No,9,Charlie Horse,7,7,7,No,8,Charlie Horse,Varied,"Stood when looking at pieces at an angle, sat for others.",Morning,UWF Parking lot,50,2,83,2,50,83,Charlie Horse,Charlie Horse,86.69
Wrenched Ankle,4,7.3,0,2,NA,NA,standing,TRUE,305,305,Group 3,7.3,2.0,FALSE,Wrenched Ankle,9/21/26 9:25,305,Mechanics,19,Sophomore,No,No,Right,19.4,No,5,Yes,No,No,NA,7,7,5,No,9,Charlie Horse,7,7,7,No,8,Charlie Horse,Varied,"Stood when looking at pieces at an angle, sat for others.",Morning,UWF Parking lot,50,2,83,2,50,83,Charlie Horse,Charlie Horse,86.69
Spare Ribs,5,5.37,1,0,NA,NA,standing,TRUE,305,305,Group 3,5.37,0.0,FALSE,Spare Ribs,9/21/26 9:25,305,Mechanics,19,Sophomore,No,No,Right,19.4,No,5,Yes,No,No,NA,7,7,5,No,9,Charlie Horse,7,7,7,No,8,Charlie Horse,Varied,"Stood when looking at pieces at an angle, sat for others.",Morning,UWF Parking lot,50,2,83,2,50,83,Charlie Horse,Charlie Horse,86.69
Charlie Horse,6,15.21,0,4,NA,NA,standing,TRUE,305,305,Group 3,15.21,4.0,FALSE,Charlie's Horse,9/21/26 9:25,305,Mechanics,19,Sophomore,No,No,Right,19.4,No,5,Yes,No,No,NA,7,7,5,No,9,Charlie Horse,7,7,7,No,8,Charlie Horse,Varied,"Stood when looking at pieces at an angle, sat for others.",Morning,UWF Parking lot,50,2,83,2,50,83,Charlie Horse,Charlie Horse,86.69
Broken Heart,7,5.3,0,0,NA,NA,sitting,TRUE,305,305,Group 3,5.3,0.0,FALSE,Broken Heart,9/21/26 9:25,305,Mechanics,19,Sophomore,No,No,Right,19.4,No,5,Yes,No,No,NA,7,7,5,No,9,Charlie Horse,7,7,7,No,8,Charlie Horse,Varied,"Stood when looking at pieces at an angle, sat for others.",Morning,UWF Parking lot,50,2,83,2,50,83,Charlie Horse,Charlie Horse,86.69
Brain Freeze,8,3.16,0,0,NA,NA,sitting,TRUE,305,305,Group 3,3.16,0.0,FALSE,Brain Freeze,9/21/26 9:25,305,Mechanics,19,Sophomore,No,No,Right,19.4,No,5,Yes,No,No,NA,7,7,5,No,9,Charlie Horse,7,7,7,No,8,Charlie Horse,Varied,"Stood when looking at pieces at an angle, sat for others.",Morning,UWF Parking lot,50,2,83,2,50,83,Charlie Horse,Charlie Horse,86.69
Wishbone,9,6.41,0,0,NA,NA,sitting,TRUE,305,305,Group 3,6.41,0.0,FALSE,Wish Bone,9/21/26 9:25,305,Mechanics,19,Sophomore,No,No,Right,19.4,No,5,Yes,No,No,NA,7,7,5,No,9,Charlie Horse,7,7,7,No,8,Charlie Horse,Varied,"Stood when looking at pieces at an angle, sat for others.",Morning,UWF Parking lot,50,2,83,2,50,83,Charlie Horse,Charlie Horse,86.69
Adam's Apple,10,6.1,1,0,NA,NA,sitting,TRUE,305,305,Group 3,6.1,0.0,FALSE,Adam's Apple,9/21/26 9:25,305,Mechanics,19,Sophomore,No,No,Right,19.4,No,5,Yes,No,No,NA,7,7,5,No,9,Charlie Horse,7,7,7,No,8,Charlie Horse,Varied,"Stood when looking at pieces at an angle, sat for others.",Morning,UWF Parking lot,50,2,83,2,50,83,Charlie Horse,Charlie Horse,86.69
Butterflies in the Stomach,11,7.34,0,0,NA,NA,sitting,TRUE,305,305,Group 3,7.34,0.0,FALSE,Butterflies in Stomach,9/21/26 9:25,305,Mechanics,19,Sophomore,No,No,Right,19.4,No,5,Yes,No,No,NA,7,7,5,No,9,Charlie Horse,7,7,7,No,8,Charlie Horse,Varied,"Stood when looking at pieces at an angle, sat for others.",Morning,UWF Parking lot,50,2,83,2,50,83,Charlie Horse,Charlie Horse,86.69
Funny Bone,12,5.5,0,0,NA,NA,sitting,TRUE,305,305,Group 3,5.5,0.0,FALSE,Funny Bone,9/21/26 9:25,305,Mechanics,19,Sophomore,No,No,Right,19.4,No,5,Yes,No,No,NA,7,7,5,No,9,Charlie Horse,7,7,7,No,8,Charlie Horse,Varied,"Stood when looking at pieces at an angle, sat for others.",Morning,UWF Parking lot,50,2,83,2,50,83,Charlie Horse,Charlie Horse,86.69
Writer's Cramp,13,8.29,1,1,NA,NA,standing,TRUE,305,305,Group 3,8.29,1.0,FALSE,Writer's Cramp,9/21/26 9:25,305,Mechanics,19,Sophomore,No,No,Right,19.4,No,5,Yes,No,No,NA,7,7,5,No,9,Charlie Horse,7,7,7,No,8,Charlie Horse,Varied,"Stood when looking at pieces at an angle, sat for others.",Morning,UWF Parking lot,50,2,83,2,50,83,Charlie Horse,Charlie Horse,86.69
Adam's Apple,1,12,0,5,7,NA,standing,FALSE,306,306,Group 3,12.0,5.0,FALSE,Adam's Apple,9/21/26 15:21,306,Finance,18,Freshman,No,No,Right,18,Yes,8,No,No,Yes,A while ago,8,7,7,Yes,2,Charlie Horse,7,2,4,Yes,3,Charlie Horse,Sitting up,Participant was harrased by friends during game,Afternoon,Argo Hall,65,5,80,5,65,80,Charlie Horse,Charlie Horse,71.79999999999998
Anklebone Connected to the Knee Bone,2,3.8,0,1,2,NA,standing,TRUE,306,306,Group 3,3.8,1.0,FALSE,Ankle Bone,9/21/26 15:21,306,Finance,18,Freshman,No,No,Right,18,Yes,8,No,No,Yes,A while ago,8,7,7,Yes,2,Charlie Horse,7,2,4,Yes,3,Charlie Horse,Sitting up,Participant was harrased by friends during game,Afternoon,Argo Hall,65,5,80,5,65,80,Charlie Horse,Charlie Horse,71.79999999999998
Bread Basket,3,5.4,0,1,1,NA,standing,TRUE,306,306,Group 3,5.4,1.0,FALSE,Bread Basket,9/21/26 15:21,306,Finance,18,Freshman,No,No,Right,18,Yes,8,No,No,Yes,A while ago,8,7,7,Yes,2,Charlie Horse,7,2,4,Yes,3,Charlie Horse,Sitting up,Participant was harrased by friends during game,Afternoon,Argo Hall,65,5,80,5,65,80,Charlie Horse,Charlie Horse,71.79999999999998
Funny Bone,4,4.8,0,2,1,NA,standing,TRUE,306,306,Group 3,4.8,2.0,FALSE,Funny Bone,9/21/26 15:21,306,Finance,18,Freshman,No,No,Right,18,Yes,8,No,No,Yes,A while ago,8,7,7,Yes,2,Charlie Horse,7,2,4,Yes,3,Charlie Horse,Sitting up,Participant was harrased by friends during game,Afternoon,Argo Hall,65,5,80,5,65,80,Charlie Horse,Charlie Horse,71.79999999999998
Wrenched Ankle,5,10.6,3,4,3,NA,standing,TRUE,306,306,Group 3,10.6,4.0,FALSE,Wrenched Ankle,9/21/26 15:21,306,Finance,18,Freshman,No,No,Right,18,Yes,8,No,No,Yes,A while ago,8,7,7,Yes,2,Charlie Horse,7,2,4,Yes,3,Charlie Horse,Sitting up,Participant was harrased by friends during game,Afternoon,Argo Hall,65,5,80,5,65,80,Charlie Horse,Charlie Horse,71.79999999999998
Broken Heart,6,2.8,0,0,1,NA,standing,TRUE,306,306,Group 3,2.8,0.0,FALSE,Broken Heart,9/21/26 15:21,306,Finance,18,Freshman,No,No,Right,18,Yes,8,No,No,Yes,A while ago,8,7,7,Yes,2,Charlie Horse,7,2,4,Yes,3,Charlie Horse,Sitting up,Participant was harrased by friends during game,Afternoon,Argo Hall,65,5,80,5,65,80,Charlie Horse,Charlie Horse,71.79999999999998
Charlie Horse,7,11.9,1,5,9,NA,standing,FALSE,306,306,Group 3,11.9,5.0,FALSE,Charlie Horse,9/21/26 15:21,306,Finance,18,Freshman,No,No,Right,18,Yes,8,No,No,Yes,A while ago,8,7,7,Yes,2,Charlie Horse,7,2,4,Yes,3,Charlie Horse,Sitting up,Participant was harrased by friends during game,Afternoon,Argo Hall,65,5,80,5,65,80,Charlie Horse,Charlie Horse,71.79999999999998
Spare Ribs,8,5.7,2,5,4,NA,standing,FALSE,306,306,Group 3,5.7,5.0,FALSE,Spare Ribs,9/21/26 15:21,306,Finance,18,Freshman,No,No,Right,18,Yes,8,No,No,Yes,A while ago,8,7,7,Yes,2,Charlie Horse,7,2,4,Yes,3,Charlie Horse,Sitting up,Participant was harrased by friends during game,Afternoon,Argo Hall,65,5,80,5,65,80,Charlie Horse,Charlie Horse,71.79999999999998
Writer's Cramp,9,4.1,0,2,2,NA,standing,TRUE,306,306,Group 3,4.1,2.0,FALSE,Writer's Cramp,9/21/26 15:21,306,Finance,18,Freshman,No,No,Right,18,Yes,8,No,No,Yes,A while ago,8,7,7,Yes,2,Charlie Horse,7,2,4,Yes,3,Charlie Horse,Sitting up,Participant was harrased by friends during game,Afternoon,Argo Hall,65,5,80,5,65,80,Charlie Horse,Charlie Horse,71.79999999999998
Water on the Knee,10,2.9,0,0,2,NA,standing,TRUE,306,306,Group 3,2.9,0.0,FALSE,Water On The Knee,9/21/26 15:21,306,Finance,18,Freshman,No,No,Right,18,Yes,8,No,No,Yes,A while ago,8,7,7,Yes,2,Charlie Horse,7,2,4,Yes,3,Charlie Horse,Sitting up,Participant was harrased by friends during game,Afternoon,Argo Hall,65,5,80,5,65,80,Charlie Horse,Charlie Horse,71.79999999999998
Brain Freeze,11,3.1,0,0,1,Friend Had Slapped Surgeon halfway through,standing,TRUE,306,306,Group 3,3.1,0.0,FALSE,Brain Freeze,9/21/26 15:21,306,Finance,18,Freshman,No,No,Right,18,Yes,8,No,No,Yes,A while ago,8,7,7,Yes,2,Charlie Horse,7,2,4,Yes,3,Charlie Horse,Sitting up,Participant was harrased by friends during game,Afternoon,Argo Hall,65,5,80,5,65,80,Charlie Horse,Charlie Horse,71.79999999999998
Butterflies in the Stomach,12,2.1,0,0,1,NA,standing,TRUE,306,306,Group 3,2.1,0.0,FALSE,Butterflies in Stomach,9/21/26 15:21,306,Finance,18,Freshman,No,No,Right,18,Yes,8,No,No,Yes,A while ago,8,7,7,Yes,2,Charlie Horse,7,2,4,Yes,3,Charlie Horse,Sitting up,Participant was harrased by friends during game,Afternoon,Argo Hall,65,5,80,5,65,80,Charlie Horse,Charlie Horse,71.79999999999998
Wishbone,13,2.6,0,2,3,NA,standing,TRUE,306,306,Group 3,2.6,2.0,FALSE,Wish Bone,9/21/26 15:21,306,Finance,18,Freshman,No,No,Right,18,Yes,8,No,No,Yes,A while ago,8,7,7,Yes,2,Charlie Horse,7,2,4,Yes,3,Charlie Horse,Sitting up,Participant was harrased by friends during game,Afternoon,Argo Hall,65,5,80,5,65,80,Charlie Horse,Charlie Horse,71.79999999999998
Funny Bone,1,3.7,0,0,1,NA,sitting,TRUE,307,307,Group 3,3.7,0.0,FALSE,Funny Bone,9/21/26 15:34,307,Buisiness,18,Sophomore,No,Yes,Right,17,No,6,Yes,No,Yes,Recent,2,7,1,No,10,Charlie Horse,10,1,10,Yes,6,Charlie Horse,"Sitting, hunched over",Surgeon said their starbucks was delicious,Afternoon,Argo Hall,85,3,80,3,85,80,Charlie Horse,Charlie Horse,105.30000000000001
Wrenched Ankle,2,5.1,0,1,2,NA,sitting,TRUE,307,307,Group 3,5.1,1.0,FALSE,Wrenched Ankle,9/21/26 15:34,307,Buisiness,18,Sophomore,No,Yes,Right,17,No,6,Yes,No,Yes,Recent,2,7,1,No,10,Charlie Horse,10,1,10,Yes,6,Charlie Horse,"Sitting, hunched over",Surgeon said their starbucks was delicious,Afternoon,Argo Hall,85,3,80,3,85,80,Charlie Horse,Charlie Horse,105.30000000000001
Broken Heart,3,7.6,0,0,2,NA,sitting,TRUE,307,307,Group 3,7.6,0.0,FALSE,Broken Hear,9/21/26 15:34,307,Buisiness,18,Sophomore,No,Yes,Right,17,No,6,Yes,No,Yes,Recent,2,7,1,No,10,Charlie Horse,10,1,10,Yes,6,Charlie Horse,"Sitting, hunched over",Surgeon said their starbucks was delicious,Afternoon,Argo Hall,85,3,80,3,85,80,Charlie Horse,Charlie Horse,105.30000000000001
Wishbone,4,8,0,5,4,NA,sitting,FALSE,307,307,Group 3,8.0,5.0,FALSE,Wish Bone,9/21/26 15:34,307,Buisiness,18,Sophomore,No,Yes,Right,17,No,6,Yes,No,Yes,Recent,2,7,1,No,10,Charlie Horse,10,1,10,Yes,6,Charlie Horse,"Sitting, hunched over",Surgeon said their starbucks was delicious,Afternoon,Argo Hall,85,3,80,3,85,80,Charlie Horse,Charlie Horse,105.30000000000001
Writer's Cramp,5,13.4,1,4,7,Friend screamed at surgeon mid surgery,sitting,TRUE,307,307,Group 3,13.4,4.0,FALSE,Writer's Cramp,9/21/26 15:34,307,Buisiness,18,Sophomore,No,Yes,Right,17,No,6,Yes,No,Yes,Recent,2,7,1,No,10,Charlie Horse,10,1,10,Yes,6,Charlie Horse,"Sitting, hunched over",Surgeon said their starbucks was delicious,Afternoon,Argo Hall,85,3,80,3,85,80,Charlie Horse,Charlie Horse,105.30000000000001
Water on the Knee,6,2.9,0,0,2,NA,sitting,TRUE,307,307,Group 3,2.9,0.0,FALSE,Water on the knee,9/21/26 15:34,307,Buisiness,18,Sophomore,No,Yes,Right,17,No,6,Yes,No,Yes,Recent,2,7,1,No,10,Charlie Horse,10,1,10,Yes,6,Charlie Horse,"Sitting, hunched over",Surgeon said their starbucks was delicious,Afternoon,Argo Hall,85,3,80,3,85,80,Charlie Horse,Charlie Horse,105.30000000000001
Brain Freeze,7,3.7,0,0,2,NA,sitting,TRUE,307,307,Group 3,3.7,0.0,FALSE,Brain Freeze,9/21/26 15:34,307,Buisiness,18,Sophomore,No,Yes,Right,17,No,6,Yes,No,Yes,Recent,2,7,1,No,10,Charlie Horse,10,1,10,Yes,6,Charlie Horse,"Sitting, hunched over",Surgeon said their starbucks was delicious,Afternoon,Argo Hall,85,3,80,3,85,80,Charlie Horse,Charlie Horse,105.30000000000001
Adam's Apple,8,12.1,4,2,4,NA,sitting,TRUE,307,307,Group 3,12.1,2.0,FALSE,Adam's Apple,9/21/26 15:34,307,Buisiness,18,Sophomore,No,Yes,Right,17,No,6,Yes,No,Yes,Recent,2,7,1,No,10,Charlie Horse,10,1,10,Yes,6,Charlie Horse,"Sitting, hunched over",Surgeon said their starbucks was delicious,Afternoon,Argo Hall,85,3,80,3,85,80,Charlie Horse,Charlie Horse,105.30000000000001
Charlie Horse,9,22.4,1,4,8,NA,sitting,TRUE,307,307,Group 3,22.4,4.0,FALSE,Charlie Horse,9/21/26 15:34,307,Buisiness,18,Sophomore,No,Yes,Right,17,No,6,Yes,No,Yes,Recent,2,7,1,No,10,Charlie Horse,10,1,10,Yes,6,Charlie Horse,"Sitting, hunched over",Surgeon said their starbucks was delicious,Afternoon,Argo Hall,85,3,80,3,85,80,Charlie Horse,Charlie Horse,105.30000000000001
Butterflies in the Stomach,10,1.8,0,0,2,NA,sitting,TRUE,307,307,Group 3,1.8,0.0,FALSE,Butterflies in Stomach,9/21/26 15:34,307,Buisiness,18,Sophomore,No,Yes,Right,17,No,6,Yes,No,Yes,Recent,2,7,1,No,10,Charlie Horse,10,1,10,Yes,6,Charlie Horse,"Sitting, hunched over",Surgeon said their starbucks was delicious,Afternoon,Argo Hall,85,3,80,3,85,80,Charlie Horse,Charlie Horse,105.30000000000001
Anklebone Connected to the Knee Bone,11,7.4,0,0,3,NA,sitting,TRUE,307,307,Group 3,7.4,0.0,FALSE,Ankle Bone,9/21/26 15:34,307,Buisiness,18,Sophomore,No,Yes,Right,17,No,6,Yes,No,Yes,Recent,2,7,1,No,10,Charlie Horse,10,1,10,Yes,6,Charlie Horse,"Sitting, hunched over",Surgeon said their starbucks was delicious,Afternoon,Argo Hall,85,3,80,3,85,80,Charlie Horse,Charlie Horse,105.30000000000001
Spare Ribs,12,16.5,0,1,5,Participant drank Starbucks mid surgery,sitting,TRUE,307,307,Group 3,16.5,1.0,FALSE,Spare Ribs,9/21/26 15:34,307,Buisiness,18,Sophomore,No,Yes,Right,17,No,6,Yes,No,Yes,Recent,2,7,1,No,10,Charlie Horse,10,1,10,Yes,6,Charlie Horse,"Sitting, hunched over",Surgeon said their starbucks was delicious,Afternoon,Argo Hall,85,3,80,3,85,80,Charlie Horse,Charlie Horse,105.30000000000001
Bread Basket,13,0.7,0,0,1,NA,sitting,TRUE,307,307,Group 3,0.7,0.0,FALSE,Bread Basket,9/21/26 15:34,307,Buisiness,18,Sophomore,No,Yes,Right,17,No,6,Yes,No,Yes,Recent,2,7,1,No,10,Charlie Horse,10,1,10,Yes,6,Charlie Horse,"Sitting, hunched over",Surgeon said their starbucks was delicious,Afternoon,Argo Hall,85,3,80,3,85,80,Charlie Horse,Charlie Horse,105.30000000000001
Bread Basket,1,4.3,0,2,4,NA,sitting,TRUE,308,308,Group 3,4.3,2.0,FALSE,Bread Basket,9/21/26 16:03,308,Biomdecial Sciences,18,Sophomore,Yes,No,Right,17,No,8,Yes,No,Yes,A long time ago,8,6,7,Yes,7,Adam's Apple,5,3,8,Yes,6,Charlie Horse,Standing up,None,Afternoon,Iibrary,39,39,72,39,39,72,Adam's Apple,Charlie Horse,148.49999999999997
Funny Bone,2,13,1,5,7,NA,sitting,FALSE,308,308,Group 3,13.0,5.0,FALSE,Funny Bone,9/21/26 16:03,308,Biomdecial Sciences,18,Sophomore,Yes,No,Right,17,No,8,Yes,No,Yes,A long time ago,8,6,7,Yes,7,Adam's Apple,5,3,8,Yes,6,Charlie Horse,Standing up,None,Afternoon,Iibrary,39,39,72,39,39,72,Adam's Apple,Charlie Horse,148.49999999999997
Butterflies in the Stomach,3,13.4,0,2,5,NA,sitting,TRUE,308,308,Group 3,13.4,2.0,FALSE,Butterflies in stomac,9/21/26 16:03,308,Biomdecial Sciences,18,Sophomore,Yes,No,Right,17,No,8,Yes,No,Yes,A long time ago,8,6,7,Yes,7,Adam's Apple,5,3,8,Yes,6,Charlie Horse,Standing up,None,Afternoon,Iibrary,39,39,72,39,39,72,Adam's Apple,Charlie Horse,148.49999999999997
Charlie Horse,4,15,3,5,7,NA,sitting,FALSE,308,308,Group 3,15.0,5.0,FALSE,Charlie Horse,9/21/26 16:03,308,Biomdecial Sciences,18,Sophomore,Yes,No,Right,17,No,8,Yes,No,Yes,A long time ago,8,6,7,Yes,7,Adam's Apple,5,3,8,Yes,6,Charlie Horse,Standing up,None,Afternoon,Iibrary,39,39,72,39,39,72,Adam's Apple,Charlie Horse,148.49999999999997
Writer's Cramp,5,10.7,0,1,3,NA,sitting,TRUE,308,308,Group 3,10.7,1.0,FALSE,Writers Cramp,9/21/26 16:03,308,Biomdecial Sciences,18,Sophomore,Yes,No,Right,17,No,8,Yes,No,Yes,A long time ago,8,6,7,Yes,7,Adam's Apple,5,3,8,Yes,6,Charlie Horse,Standing up,None,Afternoon,Iibrary,39,39,72,39,39,72,Adam's Apple,Charlie Horse,148.49999999999997
Water on the Knee,6,7.6,0,0,1,NA,sitting,TRUE,308,308,Group 3,7.6,0.0,FALSE,Water on the Kneee,9/21/26 16:03,308,Biomdecial Sciences,18,Sophomore,Yes,No,Right,17,No,8,Yes,No,Yes,A long time ago,8,6,7,Yes,7,Adam's Apple,5,3,8,Yes,6,Charlie Horse,Standing up,None,Afternoon,Iibrary,39,39,72,39,39,72,Adam's Apple,Charlie Horse,148.49999999999997
Anklebone Connected to the Knee Bone,7,10.3,0,1,2,NA,sitting,TRUE,308,308,Group 3,10.3,1.0,FALSE,Ankle bone,9/21/26 16:03,308,Biomdecial Sciences,18,Sophomore,Yes,No,Right,17,No,8,Yes,No,Yes,A long time ago,8,6,7,Yes,7,Adam's Apple,5,3,8,Yes,6,Charlie Horse,Standing up,None,Afternoon,Iibrary,39,39,72,39,39,72,Adam's Apple,Charlie Horse,148.49999999999997
Wrenched Ankle,8,17,7,5,8,NA,sitting,FALSE,308,308,Group 3,17.0,5.0,FALSE,Wrenched Ankle,9/21/26 16:03,308,Biomdecial Sciences,18,Sophomore,Yes,No,Right,17,No,8,Yes,No,Yes,A long time ago,8,6,7,Yes,7,Adam's Apple,5,3,8,Yes,6,Charlie Horse,Standing up,None,Afternoon,Iibrary,39,39,72,39,39,72,Adam's Apple,Charlie Horse,148.49999999999997
Brain Freeze,9,5.6,0,0,1,NA,sitting,TRUE,308,308,Group 3,5.6,0.0,FALSE,Brain Freeze,9/21/26 16:03,308,Biomdecial Sciences,18,Sophomore,Yes,No,Right,17,No,8,Yes,No,Yes,A long time ago,8,6,7,Yes,7,Adam's Apple,5,3,8,Yes,6,Charlie Horse,Standing up,None,Afternoon,Iibrary,39,39,72,39,39,72,Adam's Apple,Charlie Horse,148.49999999999997
Spare Ribs,10,24,1,4,9,NA,sitting,TRUE,308,308,Group 3,24.0,4.0,FALSE,Spare Ribs,9/21/26 16:03,308,Biomdecial Sciences,18,Sophomore,Yes,No,Right,17,No,8,Yes,No,Yes,A long time ago,8,6,7,Yes,7,Adam's Apple,5,3,8,Yes,6,Charlie Horse,Standing up,None,Afternoon,Iibrary,39,39,72,39,39,72,Adam's Apple,Charlie Horse,148.49999999999997
Adam's Apple,11,10.9,0,1,6,NA,sitting,TRUE,308,308,Group 3,10.9,1.0,FALSE,Adam's Apple,9/21/26 16:03,308,Biomdecial Sciences,18,Sophomore,Yes,No,Right,17,No,8,Yes,No,Yes,A long time ago,8,6,7,Yes,7,Adam's Apple,5,3,8,Yes,6,Charlie Horse,Standing up,None,Afternoon,Iibrary,39,39,72,39,39,72,Adam's Apple,Charlie Horse,148.49999999999997
Wishbone,12,11.1,1,1,5,NA,sitting,TRUE,308,308,Group 3,11.1,1.0,FALSE,Wish Bone,9/21/26 16:03,308,Biomdecial Sciences,18,Sophomore,Yes,No,Right,17,No,8,Yes,No,Yes,A long time ago,8,6,7,Yes,7,Adam's Apple,5,3,8,Yes,6,Charlie Horse,Standing up,None,Afternoon,Iibrary,39,39,72,39,39,72,Adam's Apple,Charlie Horse,148.49999999999997
Broken Heart,13,5.6,0,1,3,Phone Slammed on table mid surgery,sitting,TRUE,308,308,Group 3,5.6,1.0,FALSE,Broken Heart,9/21/26 16:03,308,Biomdecial Sciences,18,Sophomore,Yes,No,Right,17,No,8,Yes,No,Yes,A long time ago,8,6,7,Yes,7,Adam's Apple,5,3,8,Yes,6,Charlie Horse,Standing up,None,Afternoon,Iibrary,39,39,72,39,39,72,Adam's Apple,Charlie Horse,148.49999999999997
Anklebone Connected to the Knee Bone,1,6.2,0,0,1,NA,sitting,TRUE,309,309,Group 3,6.2,0.0,FALSE,Ankle Bone,9/21/26 16:16,309,Mechanical Engineering,19,Sophomore,Yes,No,Right,19,Yes,6,Yes,No,Yes,A long time ago,4,2,6,Yes,7,Wishbone,7,3,8,Yes,7,Charlie Horse,"Sitting, hunched over",Player's Girlfriend was making fun of him during game.,Afternoon,Libraru,37,39,72,39,37,72,Wishbone,Charlie Horse,141.89999999999998
Spare Ribs,2,9.5,0,4,3,Ribs were underneath board,sitting,TRUE,309,309,Group 3,9.5,4.0,FALSE,Spare Ribs,9/21/26 16:16,309,Mechanical Engineering,19,Sophomore,Yes,No,Right,19,Yes,6,Yes,No,Yes,A long time ago,4,2,6,Yes,7,Wishbone,7,3,8,Yes,7,Charlie Horse,"Sitting, hunched over",Player's Girlfriend was making fun of him during game.,Afternoon,Libraru,37,39,72,39,37,72,Wishbone,Charlie Horse,141.89999999999998
Broken Heart,3,19.3,4,5,6,Player was laughing,sitting,FALSE,309,309,Group 3,19.3,5.0,FALSE,Broken Heart,9/21/26 16:16,309,Mechanical Engineering,19,Sophomore,Yes,No,Right,19,Yes,6,Yes,No,Yes,A long time ago,4,2,6,Yes,7,Wishbone,7,3,8,Yes,7,Charlie Horse,"Sitting, hunched over",Player's Girlfriend was making fun of him during game.,Afternoon,Libraru,37,39,72,39,37,72,Wishbone,Charlie Horse,141.89999999999998
Wishbone,4,6.1,0,1,4,NA,sitting,TRUE,309,309,Group 3,6.1,1.0,FALSE,Wish Bone,9/21/26 16:16,309,Mechanical Engineering,19,Sophomore,Yes,No,Right,19,Yes,6,Yes,No,Yes,A long time ago,4,2,6,Yes,7,Wishbone,7,3,8,Yes,7,Charlie Horse,"Sitting, hunched over",Player's Girlfriend was making fun of him during game.,Afternoon,Libraru,37,39,72,39,37,72,Wishbone,Charlie Horse,141.89999999999998
Wrenched Ankle,5,15.3,2,3,7,NA,sitting,TRUE,309,309,Group 3,15.3,3.0,FALSE,Wrenched Ankle,9/21/26 16:16,309,Mechanical Engineering,19,Sophomore,Yes,No,Right,19,Yes,6,Yes,No,Yes,A long time ago,4,2,6,Yes,7,Wishbone,7,3,8,Yes,7,Charlie Horse,"Sitting, hunched over",Player's Girlfriend was making fun of him during game.,Afternoon,Libraru,37,39,72,39,37,72,Wishbone,Charlie Horse,141.89999999999998
Funny Bone,6,12.1,1,2,5,Player Moved from side to side,sitting,TRUE,309,309,Group 3,12.1,2.0,FALSE,Funny Bone,9/21/26 16:16,309,Mechanical Engineering,19,Sophomore,Yes,No,Right,19,Yes,6,Yes,No,Yes,A long time ago,4,2,6,Yes,7,Wishbone,7,3,8,Yes,7,Charlie Horse,"Sitting, hunched over",Player's Girlfriend was making fun of him during game.,Afternoon,Libraru,37,39,72,39,37,72,Wishbone,Charlie Horse,141.89999999999998
Bread Basket,7,5.6,0,0,1,NA,sitting,TRUE,309,309,Group 3,5.6,0.0,FALSE,Bread Basket,9/21/26 16:16,309,Mechanical Engineering,19,Sophomore,Yes,No,Right,19,Yes,6,Yes,No,Yes,A long time ago,4,2,6,Yes,7,Wishbone,7,3,8,Yes,7,Charlie Horse,"Sitting, hunched over",Player's Girlfriend was making fun of him during game.,Afternoon,Libraru,37,39,72,39,37,72,Wishbone,Charlie Horse,141.89999999999998
Butterflies in the Stomach,8,6.1,0,0,5,NA,sitting,TRUE,309,309,Group 3,6.1,0.0,FALSE,Butterflies in Stocm,9/21/26 16:16,309,Mechanical Engineering,19,Sophomore,Yes,No,Right,19,Yes,6,Yes,No,Yes,A long time ago,4,2,6,Yes,7,Wishbone,7,3,8,Yes,7,Charlie Horse,"Sitting, hunched over",Player's Girlfriend was making fun of him during game.,Afternoon,Libraru,37,39,72,39,37,72,Wishbone,Charlie Horse,141.89999999999998
Brain Freeze,9,5.9,0,0,1,NA,sitting,TRUE,309,309,Group 3,5.9,0.0,FALSE,Brain Freeze,9/21/26 16:16,309,Mechanical Engineering,19,Sophomore,Yes,No,Right,19,Yes,6,Yes,No,Yes,A long time ago,4,2,6,Yes,7,Wishbone,7,3,8,Yes,7,Charlie Horse,"Sitting, hunched over",Player's Girlfriend was making fun of him during game.,Afternoon,Libraru,37,39,72,39,37,72,Wishbone,Charlie Horse,141.89999999999998
Adam's Apple,10,14.7,1,4,4,NA,sitting,TRUE,309,309,Group 3,14.7,4.0,FALSE,Adam's Apple,9/21/26 16:16,309,Mechanical Engineering,19,Sophomore,Yes,No,Right,19,Yes,6,Yes,No,Yes,A long time ago,4,2,6,Yes,7,Wishbone,7,3,8,Yes,7,Charlie Horse,"Sitting, hunched over",Player's Girlfriend was making fun of him during game.,Afternoon,Libraru,37,39,72,39,37,72,Wishbone,Charlie Horse,141.89999999999998
Water on the Knee,11,3.1,0,0,2,NA,sitting,TRUE,309,309,Group 3,3.1,0.0,FALSE,Water on the Knee,9/21/26 16:16,309,Mechanical Engineering,19,Sophomore,Yes,No,Right,19,Yes,6,Yes,No,Yes,A long time ago,4,2,6,Yes,7,Wishbone,7,3,8,Yes,7,Charlie Horse,"Sitting, hunched over",Player's Girlfriend was making fun of him during game.,Afternoon,Libraru,37,39,72,39,37,72,Wishbone,Charlie Horse,141.89999999999998
Writer's Cramp,12,13.8,2,4,7,NA,sitting,TRUE,309,309,Group 3,13.8,4.0,FALSE,Writer's Cramp,9/21/26 16:16,309,Mechanical Engineering,19,Sophomore,Yes,No,Right,19,Yes,6,Yes,No,Yes,A long time ago,4,2,6,Yes,7,Wishbone,7,3,8,Yes,7,Charlie Horse,"Sitting, hunched over",Player's Girlfriend was making fun of him during game.,Afternoon,Libraru,37,39,72,39,37,72,Wishbone,Charlie Horse,141.89999999999998
Charlie Horse,13,24.2,2,11,10,NA,sitting,FALSE,309,309,Group 3,24.2,11.0,FALSE,Charlie Horse,9/21/26 16:16,309,Mechanical Engineering,19,Sophomore,Yes,No,Right,19,Yes,6,Yes,No,Yes,A long time ago,4,2,6,Yes,7,Wishbone,7,3,8,Yes,7,Charlie Horse,"Sitting, hunched over",Player's Girlfriend was making fun of him during game.,Afternoon,Libraru,37,39,72,39,37,72,Wishbone,Charlie Horse,141.89999999999998
Bread Basket,1,37,2,1,6,NA,sitting,TRUE,310,310,Group 3,37.0,1.0,FALSE,Breadbasket,9/22/26 17:38,310,N/A,18,Not a Student,Yes,No,Right,17,No,7,No,No,Yes,A long time ago,7,7,4,Yes,4,Wishbone,3,7,6,Yes,7,Charlie Horse,"Sitting, hunched over",Playing in a movie theater is such a stressful experience,Evening,A Movie Showing of Runner,95,2,77,2,95,77,Wishbone,Charlie Horse,248
Adam's Apple,2,12,0,2,3,NA,sitting,TRUE,310,310,Group 3,12.0,2.0,FALSE,Adam's Apple,9/22/26 17:38,310,N/A,18,Not a Student,Yes,No,Right,17,No,7,No,No,Yes,A long time ago,7,7,4,Yes,4,Wishbone,3,7,6,Yes,7,Charlie Horse,"Sitting, hunched over",Playing in a movie theater is such a stressful experience,Evening,A Movie Showing of Runner,95,2,77,2,95,77,Wishbone,Charlie Horse,248
Wishbone,3,33,2,5,9,NA,sitting,FALSE,310,310,Group 3,33.0,5.0,FALSE,Wish Bone,9/22/26 17:38,310,N/A,18,Not a Student,Yes,No,Right,17,No,7,No,No,Yes,A long time ago,7,7,4,Yes,4,Wishbone,3,7,6,Yes,7,Charlie Horse,"Sitting, hunched over",Playing in a movie theater is such a stressful experience,Evening,A Movie Showing of Runner,95,2,77,2,95,77,Wishbone,Charlie Horse,248
Water on the Knee,4,8,0,0,1,NA,sitting,TRUE,310,310,Group 3,8.0,0.0,FALSE,Water on the Knee,9/22/26 17:38,310,N/A,18,Not a Student,Yes,No,Right,17,No,7,No,No,Yes,A long time ago,7,7,4,Yes,4,Wishbone,3,7,6,Yes,7,Charlie Horse,"Sitting, hunched over",Playing in a movie theater is such a stressful experience,Evening,A Movie Showing of Runner,95,2,77,2,95,77,Wishbone,Charlie Horse,248
Butterflies in the Stomach,5,7,0,0,1,NA,sitting,TRUE,310,310,Group 3,7.0,0.0,FALSE,Butterflies in Stomach,9/22/26 17:38,310,N/A,18,Not a Student,Yes,No,Right,17,No,7,No,No,Yes,A long time ago,7,7,4,Yes,4,Wishbone,3,7,6,Yes,7,Charlie Horse,"Sitting, hunched over",Playing in a movie theater is such a stressful experience,Evening,A Movie Showing of Runner,95,2,77,2,95,77,Wishbone,Charlie Horse,248
Broken Heart,6,40,2,3,7,NA,sitting,TRUE,310,310,Group 3,40.0,3.0,FALSE,Broken Hear,9/22/26 17:38,310,N/A,18,Not a Student,Yes,No,Right,17,No,7,No,No,Yes,A long time ago,7,7,4,Yes,4,Wishbone,3,7,6,Yes,7,Charlie Horse,"Sitting, hunched over",Playing in a movie theater is such a stressful experience,Evening,A Movie Showing of Runner,95,2,77,2,95,77,Wishbone,Charlie Horse,248
Wrenched Ankle,7,19,0,4,4,NA,sitting,TRUE,310,310,Group 3,19.0,4.0,FALSE,Wrenched Ankle,9/22/26 17:38,310,N/A,18,Not a Student,Yes,No,Right,17,No,7,No,No,Yes,A long time ago,7,7,4,Yes,4,Wishbone,3,7,6,Yes,7,Charlie Horse,"Sitting, hunched over",Playing in a movie theater is such a stressful experience,Evening,A Movie Showing of Runner,95,2,77,2,95,77,Wishbone,Charlie Horse,248
Spare Ribs,8,27,1,5,8,NA,sitting,FALSE,310,310,Group 3,27.0,5.0,FALSE,Spare Ribs,9/22/26 17:38,310,N/A,18,Not a Student,Yes,No,Right,17,No,7,No,No,Yes,A long time ago,7,7,4,Yes,4,Wishbone,3,7,6,Yes,7,Charlie Horse,"Sitting, hunched over",Playing in a movie theater is such a stressful experience,Evening,A Movie Showing of Runner,95,2,77,2,95,77,Wishbone,Charlie Horse,248
Anklebone Connected to the Knee Bone,9,21,0,1,5,NA,sitting,TRUE,310,310,Group 3,21.0,1.0,FALSE,Ankle Bone,9/22/26 17:38,310,N/A,18,Not a Student,Yes,No,Right,17,No,7,No,No,Yes,A long time ago,7,7,4,Yes,4,Wishbone,3,7,6,Yes,7,Charlie Horse,"Sitting, hunched over",Playing in a movie theater is such a stressful experience,Evening,A Movie Showing of Runner,95,2,77,2,95,77,Wishbone,Charlie Horse,248
Writer's Cramp,10,20,0,5,8,NA,sitting,FALSE,310,310,Group 3,20.0,5.0,FALSE,Wrtier's Cramp,9/22/26 17:38,310,N/A,18,Not a Student,Yes,No,Right,17,No,7,No,No,Yes,A long time ago,7,7,4,Yes,4,Wishbone,3,7,6,Yes,7,Charlie Horse,"Sitting, hunched over",Playing in a movie theater is such a stressful experience,Evening,A Movie Showing of Runner,95,2,77,2,95,77,Wishbone,Charlie Horse,248
Brain Freeze,11,4,0,0,1,NA,sitting,TRUE,310,310,Group 3,4.0,0.0,FALSE,Brain Freeze,9/22/26 17:38,310,N/A,18,Not a Student,Yes,No,Right,17,No,7,No,No,Yes,A long time ago,7,7,4,Yes,4,Wishbone,3,7,6,Yes,7,Charlie Horse,"Sitting, hunched over",Playing in a movie theater is such a stressful experience,Evening,A Movie Showing of Runner,95,2,77,2,95,77,Wishbone,Charlie Horse,248
Charlie Horse,12,7,0,5,10,"He actually failed like 40 times,",sitting,FALSE,310,310,Group 3,7.0,5.0,FALSE,Charlie Horse,9/22/26 17:38,310,N/A,18,Not a Student,Yes,No,Right,17,No,7,No,No,Yes,A long time ago,7,7,4,Yes,4,Wishbone,3,7,6,Yes,7,Charlie Horse,"Sitting, hunched over",Playing in a movie theater is such a stressful experience,Evening,A Movie Showing of Runner,95,2,77,2,95,77,Wishbone,Charlie Horse,248
Funny Bone,13,13,1,0,4,NA,sitting,TRUE,310,310,Group 3,13.0,0.0,FALSE,Funny Bone,9/22/26 17:38,310,N/A,18,Not a Student,Yes,No,Right,17,No,7,No,No,Yes,A long time ago,7,7,4,Yes,4,Wishbone,3,7,6,Yes,7,Charlie Horse,"Sitting, hunched over",Playing in a movie theater is such a stressful experience,Evening,A Movie Showing of Runner,95,2,77,2,95,77,Wishbone,Charlie Horse,248
Adam's Apple,1,15,1,4,7,NA,sitting,TRUE,311,311,Group 3,15.0,4.0,FALSE,Adam's Apple,9/22/26 18:12,311,N/A,22,Not a Student,Yes,No,Right,19,No,9,No,Yes,Yes,A long time ago,5,7,6,Yes,5,Charlie Horse,7,9,9,Yes,7,Charlie Horse,"Sitting, hunched over",Hand was shaky during play,Evening,Office,30,2,68,2,30,68,Charlie Horse,Charlie Horse,180
Bread Basket,2,12,0,1,3,NA,sitting,TRUE,311,311,Group 3,12.0,1.0,FALSE,Bread Basket,9/22/26 18:12,311,N/A,22,Not a Student,Yes,No,Right,19,No,9,No,Yes,Yes,A long time ago,5,7,6,Yes,5,Charlie Horse,7,9,9,Yes,7,Charlie Horse,"Sitting, hunched over",Hand was shaky during play,Evening,Office,30,2,68,2,30,68,Charlie Horse,Charlie Horse,180
Funny Bone,3,8,0,2,3,NA,sitting,TRUE,311,311,Group 3,8.0,2.0,FALSE,Funny Bone,9/22/26 18:12,311,N/A,22,Not a Student,Yes,No,Right,19,No,9,No,Yes,Yes,A long time ago,5,7,6,Yes,5,Charlie Horse,7,9,9,Yes,7,Charlie Horse,"Sitting, hunched over",Hand was shaky during play,Evening,Office,30,2,68,2,30,68,Charlie Horse,Charlie Horse,180
Charlie Horse,4,18,1,5,10,Player shifted their chair back,sitting,FALSE,311,311,Group 3,18.0,5.0,FALSE,Charlie Horse,9/22/26 18:12,311,N/A,22,Not a Student,Yes,No,Right,19,No,9,No,Yes,Yes,A long time ago,5,7,6,Yes,5,Charlie Horse,7,9,9,Yes,7,Charlie Horse,"Sitting, hunched over",Hand was shaky during play,Evening,Office,30,2,68,2,30,68,Charlie Horse,Charlie Horse,180
Brain Freeze,5,5,0,0,1,NA,sitting,TRUE,311,311,Group 3,5.0,0.0,FALSE,Brain Freeze,9/22/26 18:12,311,N/A,22,Not a Student,Yes,No,Right,19,No,9,No,Yes,Yes,A long time ago,5,7,6,Yes,5,Charlie Horse,7,9,9,Yes,7,Charlie Horse,"Sitting, hunched over",Hand was shaky during play,Evening,Office,30,2,68,2,30,68,Charlie Horse,Charlie Horse,180
Writer's Cramp,6,17,0,5,6,NA,sitting,FALSE,311,311,Group 3,17.0,5.0,FALSE,Writer's Cramp,9/22/26 18:12,311,N/A,22,Not a Student,Yes,No,Right,19,No,9,No,Yes,Yes,A long time ago,5,7,6,Yes,5,Charlie Horse,7,9,9,Yes,7,Charlie Horse,"Sitting, hunched over",Hand was shaky during play,Evening,Office,30,2,68,2,30,68,Charlie Horse,Charlie Horse,180
Anklebone Connected to the Knee Bone,7,15,0,4,8,NA,sitting,TRUE,311,311,Group 3,15.0,4.0,FALSE,Anklebone,9/22/26 18:12,311,N/A,22,Not a Student,Yes,No,Right,19,No,9,No,Yes,Yes,A long time ago,5,7,6,Yes,5,Charlie Horse,7,9,9,Yes,7,Charlie Horse,"Sitting, hunched over",Hand was shaky during play,Evening,Office,30,2,68,2,30,68,Charlie Horse,Charlie Horse,180
Wrenched Ankle,8,23,3,5,6,NA,sitting,FALSE,311,311,Group 3,23.0,5.0,FALSE,Wrenched Ankle,9/22/26 18:12,311,N/A,22,Not a Student,Yes,No,Right,19,No,9,No,Yes,Yes,A long time ago,5,7,6,Yes,5,Charlie Horse,7,9,9,Yes,7,Charlie Horse,"Sitting, hunched over",Hand was shaky during play,Evening,Office,30,2,68,2,30,68,Charlie Horse,Charlie Horse,180
Spare Ribs,9,19,0,5,10,NA,sitting,FALSE,311,311,Group 3,19.0,5.0,FALSE,Spare Ribs,9/22/26 18:12,311,N/A,22,Not a Student,Yes,No,Right,19,No,9,No,Yes,Yes,A long time ago,5,7,6,Yes,5,Charlie Horse,7,9,9,Yes,7,Charlie Horse,"Sitting, hunched over",Hand was shaky during play,Evening,Office,30,2,68,2,30,68,Charlie Horse,Charlie Horse,180
Broken Heart,10,13,1,2,5,NA,sitting,TRUE,311,311,Group 3,13.0,2.0,FALSE,Broken Heart,9/22/26 18:12,311,N/A,22,Not a Student,Yes,No,Right,19,No,9,No,Yes,Yes,A long time ago,5,7,6,Yes,5,Charlie Horse,7,9,9,Yes,7,Charlie Horse,"Sitting, hunched over",Hand was shaky during play,Evening,Office,30,2,68,2,30,68,Charlie Horse,Charlie Horse,180
Butterflies in the Stomach,11,5,0,0,1,NA,sitting,TRUE,311,311,Group 3,5.0,0.0,FALSE,Butterflies in Stomach,9/22/26 18:12,311,N/A,22,Not a Student,Yes,No,Right,19,No,9,No,Yes,Yes,A long time ago,5,7,6,Yes,5,Charlie Horse,7,9,9,Yes,7,Charlie Horse,"Sitting, hunched over",Hand was shaky during play,Evening,Office,30,2,68,2,30,68,Charlie Horse,Charlie Horse,180
Water on the Knee,12,3,0,0,1,NA,sitting,TRUE,311,311,Group 3,3.0,0.0,FALSE,Water on the Knee,9/22/26 18:12,311,N/A,22,Not a Student,Yes,No,Right,19,No,9,No,Yes,Yes,A long time ago,5,7,6,Yes,5,Charlie Horse,7,9,9,Yes,7,Charlie Horse,"Sitting, hunched over",Hand was shaky during play,Evening,Office,30,2,68,2,30,68,Charlie Horse,Charlie Horse,180
Wishbone,13,27,1,4,8,NA,sitting,TRUE,311,311,Group 3,27.0,4.0,FALSE,Wish Bone,9/22/26 18:12,311,N/A,22,Not a Student,Yes,No,Right,19,No,9,No,Yes,Yes,A long time ago,5,7,6,Yes,5,Charlie Horse,7,9,9,Yes,7,Charlie Horse,"Sitting, hunched over",Hand was shaky during play,Evening,Office,30,2,68,2,30,68,Charlie Horse,Charlie Horse,180
Funny Bone,1,6,0,0,1,NA,standing,TRUE,312,312,Group 3,6.0,0.0,FALSE,Funny Bone,9/22/26 18:39,312,Undecided,18,Freshman,Yes,Yes,Right,18,Yes,4,No,No,Yes,A long time ago,3,8,2,No,5,Spare Ribs,6,9,8,Yes,5,Charlie Horse,Standing up,N/A,Evening,Storage Room,54,5,69,5,54,69,Spare Ribs,Charlie Horse,158
Wishbone,2,14,0,5,6,NA,standing,FALSE,312,312,Group 3,14.0,5.0,FALSE,Wish Bone,9/22/26 18:39,312,Undecided,18,Freshman,Yes,Yes,Right,18,Yes,4,No,No,Yes,A long time ago,3,8,2,No,5,Spare Ribs,6,9,8,Yes,5,Charlie Horse,Standing up,N/A,Evening,Storage Room,54,5,69,5,54,69,Spare Ribs,Charlie Horse,158
Brain Freeze,3,5,0,0,2,NA,standing,TRUE,312,312,Group 3,5.0,0.0,FALSE,Brain Freeze,9/22/26 18:39,312,Undecided,18,Freshman,Yes,Yes,Right,18,Yes,4,No,No,Yes,A long time ago,3,8,2,No,5,Spare Ribs,6,9,8,Yes,5,Charlie Horse,Standing up,N/A,Evening,Storage Room,54,5,69,5,54,69,Spare Ribs,Charlie Horse,158
Broken Heart,4,30,0,0,7,Piece was shoved in the board,standing,TRUE,312,312,Group 3,30.0,0.0,FALSE,Broken Heart,9/22/26 18:39,312,Undecided,18,Freshman,Yes,Yes,Right,18,Yes,4,No,No,Yes,A long time ago,3,8,2,No,5,Spare Ribs,6,9,8,Yes,5,Charlie Horse,Standing up,N/A,Evening,Storage Room,54,5,69,5,54,69,Spare Ribs,Charlie Horse,158
Adam's Apple,5,21,0,2,4,NA,standing,TRUE,312,312,Group 3,21.0,2.0,FALSE,Adam's Apple,9/22/26 18:39,312,Undecided,18,Freshman,Yes,Yes,Right,18,Yes,4,No,No,Yes,A long time ago,3,8,2,No,5,Spare Ribs,6,9,8,Yes,5,Charlie Horse,Standing up,N/A,Evening,Storage Room,54,5,69,5,54,69,Spare Ribs,Charlie Horse,158
Writer's Cramp,6,14,0,5,6,NA,standing,FALSE,312,312,Group 3,14.0,5.0,FALSE,Writer's Cramp,9/22/26 18:39,312,Undecided,18,Freshman,Yes,Yes,Right,18,Yes,4,No,No,Yes,A long time ago,3,8,2,No,5,Spare Ribs,6,9,8,Yes,5,Charlie Horse,Standing up,N/A,Evening,Storage Room,54,5,69,5,54,69,Spare Ribs,Charlie Horse,158
Bread Basket,7,9,0,0,3,NA,standing,TRUE,312,312,Group 3,9.0,0.0,FALSE,Bread Basket,9/22/26 18:39,312,Undecided,18,Freshman,Yes,Yes,Right,18,Yes,4,No,No,Yes,A long time ago,3,8,2,No,5,Spare Ribs,6,9,8,Yes,5,Charlie Horse,Standing up,N/A,Evening,Storage Room,54,5,69,5,54,69,Spare Ribs,Charlie Horse,158
Spare Ribs,8,6,0,0,1,NA,standing,TRUE,312,312,Group 3,6.0,0.0,FALSE,Spare Ribs,9/22/26 18:39,312,Undecided,18,Freshman,Yes,Yes,Right,18,Yes,4,No,No,Yes,A long time ago,3,8,2,No,5,Spare Ribs,6,9,8,Yes,5,Charlie Horse,Standing up,N/A,Evening,Storage Room,54,5,69,5,54,69,Spare Ribs,Charlie Horse,158
Charlie Horse,9,17,0,5,9,NA,standing,FALSE,312,312,Group 3,17.0,5.0,FALSE,Charlie Horse,9/22/26 18:39,312,Undecided,18,Freshman,Yes,Yes,Right,18,Yes,4,No,No,Yes,A long time ago,3,8,2,No,5,Spare Ribs,6,9,8,Yes,5,Charlie Horse,Standing up,N/A,Evening,Storage Room,54,5,69,5,54,69,Spare Ribs,Charlie Horse,158
Water on the Knee,10,4,0,0,1,NA,standing,TRUE,312,312,Group 3,4.0,0.0,FALSE,Water on the Knee,9/22/26 18:39,312,Undecided,18,Freshman,Yes,Yes,Right,18,Yes,4,No,No,Yes,A long time ago,3,8,2,No,5,Spare Ribs,6,9,8,Yes,5,Charlie Horse,Standing up,N/A,Evening,Storage Room,54,5,69,5,54,69,Spare Ribs,Charlie Horse,158
Anklebone Connected to the Knee Bone,11,11,0,2,3,NA,standing,TRUE,312,312,Group 3,11.0,2.0,FALSE,Anklebone,9/22/26 18:39,312,Undecided,18,Freshman,Yes,Yes,Right,18,Yes,4,No,No,Yes,A long time ago,3,8,2,No,5,Spare Ribs,6,9,8,Yes,5,Charlie Horse,Standing up,N/A,Evening,Storage Room,54,5,69,5,54,69,Spare Ribs,Charlie Horse,158
Butterflies in the Stomach,12,7,1,0,1,NA,standing,TRUE,312,312,Group 3,7.0,0.0,FALSE,Buttleflies in Stomach,9/22/26 18:39,312,Undecided,18,Freshman,Yes,Yes,Right,18,Yes,4,No,No,Yes,A long time ago,3,8,2,No,5,Spare Ribs,6,9,8,Yes,5,Charlie Horse,Standing up,N/A,Evening,Storage Room,54,5,69,5,54,69,Spare Ribs,Charlie Horse,158
Wrenched Ankle,13,14,4,1,3,NA,standing,TRUE,312,312,Group 3,14.0,1.0,FALSE,Wrenched Ankle,9/22/26 18:39,312,Undecided,18,Freshman,Yes,Yes,Right,18,Yes,4,No,No,Yes,A long time ago,3,8,2,No,5,Spare Ribs,6,9,8,Yes,5,Charlie Horse,Standing up,N/A,Evening,Storage Room,54,5,69,5,54,69,Spare Ribs,Charlie Horse,158
Water on the Knee,1,2,0,0,1,NA,standing,TRUE,313,313,Group 3,2.0,0.0,FALSE,Water on the Knee,9/22/26 18:59,313,Computer Information Systems,22,Freshman,Yes,Yes,Right,16,Yes,4,Yes,No,Yes,A long time ago,7,4,6,Yes,6,Broken Heart,9,2,8,Yes,3,Charlie Horse,Standing up,"""Broken Heart is the worst piece ever""",Evening,Storage Room,54,4,69,4,54,69,Broken Heart,Charlie Horse,167
Funny Bone,2,5,0,0,2,NA,standing,TRUE,313,313,Group 3,5.0,0.0,FALSE,Funny Bone,9/22/26 18:59,313,Computer Information Systems,22,Freshman,Yes,Yes,Right,16,Yes,4,Yes,No,Yes,A long time ago,7,4,6,Yes,6,Broken Heart,9,2,8,Yes,3,Charlie Horse,Standing up,"""Broken Heart is the worst piece ever""",Evening,Storage Room,54,4,69,4,54,69,Broken Heart,Charlie Horse,167
Butterflies in the Stomach,3,4,0,0,2,NA,standing,TRUE,313,313,Group 3,4.0,0.0,FALSE,Butterflies in Stomach,9/22/26 18:59,313,Computer Information Systems,22,Freshman,Yes,Yes,Right,16,Yes,4,Yes,No,Yes,A long time ago,7,4,6,Yes,6,Broken Heart,9,2,8,Yes,3,Charlie Horse,Standing up,"""Broken Heart is the worst piece ever""",Evening,Storage Room,54,4,69,4,54,69,Broken Heart,Charlie Horse,167
Writer's Cramp,4,9,0,1,2,Rotated body,standing,TRUE,313,313,Group 3,9.0,1.0,FALSE,Writer's Cramp,9/22/26 18:59,313,Computer Information Systems,22,Freshman,Yes,Yes,Right,16,Yes,4,Yes,No,Yes,A long time ago,7,4,6,Yes,6,Broken Heart,9,2,8,Yes,3,Charlie Horse,Standing up,"""Broken Heart is the worst piece ever""",Evening,Storage Room,54,4,69,4,54,69,Broken Heart,Charlie Horse,167
Anklebone Connected to the Knee Bone,5,11,0,1,2,NA,standing,TRUE,313,313,Group 3,11.0,1.0,FALSE,Anklebone,9/22/26 18:59,313,Computer Information Systems,22,Freshman,Yes,Yes,Right,16,Yes,4,Yes,No,Yes,A long time ago,7,4,6,Yes,6,Broken Heart,9,2,8,Yes,3,Charlie Horse,Standing up,"""Broken Heart is the worst piece ever""",Evening,Storage Room,54,4,69,4,54,69,Broken Heart,Charlie Horse,167
Adam's Apple,6,19,5,1,3,NA,standing,TRUE,313,313,Group 3,19.0,1.0,FALSE,Adam's Apple,9/22/26 18:59,313,Computer Information Systems,22,Freshman,Yes,Yes,Right,16,Yes,4,Yes,No,Yes,A long time ago,7,4,6,Yes,6,Broken Heart,9,2,8,Yes,3,Charlie Horse,Standing up,"""Broken Heart is the worst piece ever""",Evening,Storage Room,54,4,69,4,54,69,Broken Heart,Charlie Horse,167
Broken Heart,7,50,0,5,10,Friend whispered in player's ear,standing,FALSE,313,313,Group 3,50.0,5.0,FALSE,Broken Heart,9/22/26 18:59,313,Computer Information Systems,22,Freshman,Yes,Yes,Right,16,Yes,4,Yes,No,Yes,A long time ago,7,4,6,Yes,6,Broken Heart,9,2,8,Yes,3,Charlie Horse,Standing up,"""Broken Heart is the worst piece ever""",Evening,Storage Room,54,4,69,4,54,69,Broken Heart,Charlie Horse,167
Charlie Horse,8,19,0,5,8,NA,standing,FALSE,313,313,Group 3,19.0,5.0,FALSE,Charlie Horse,9/22/26 18:59,313,Computer Information Systems,22,Freshman,Yes,Yes,Right,16,Yes,4,Yes,No,Yes,A long time ago,7,4,6,Yes,6,Broken Heart,9,2,8,Yes,3,Charlie Horse,Standing up,"""Broken Heart is the worst piece ever""",Evening,Storage Room,54,4,69,4,54,69,Broken Heart,Charlie Horse,167
Bread Basket,9,4,0,0,1,NA,standing,TRUE,313,313,Group 3,4.0,0.0,FALSE,Bread Basket,9/22/26 18:59,313,Computer Information Systems,22,Freshman,Yes,Yes,Right,16,Yes,4,Yes,No,Yes,A long time ago,7,4,6,Yes,6,Broken Heart,9,2,8,Yes,3,Charlie Horse,Standing up,"""Broken Heart is the worst piece ever""",Evening,Storage Room,54,4,69,4,54,69,Broken Heart,Charlie Horse,167
Brain Freeze,10,4,0,0,1,NA,standing,TRUE,313,313,Group 3,4.0,0.0,FALSE,Brain Freeze,9/22/26 18:59,313,Computer Information Systems,22,Freshman,Yes,Yes,Right,16,Yes,4,Yes,No,Yes,A long time ago,7,4,6,Yes,6,Broken Heart,9,2,8,Yes,3,Charlie Horse,Standing up,"""Broken Heart is the worst piece ever""",Evening,Storage Room,54,4,69,4,54,69,Broken Heart,Charlie Horse,167
Wrenched Ankle,11,11,0,1,2,NA,standing,TRUE,313,313,Group 3,11.0,1.0,FALSE,Wrenched Ankle,9/22/26 18:59,313,Computer Information Systems,22,Freshman,Yes,Yes,Right,16,Yes,4,Yes,No,Yes,A long time ago,7,4,6,Yes,6,Broken Heart,9,2,8,Yes,3,Charlie Horse,Standing up,"""Broken Heart is the worst piece ever""",Evening,Storage Room,54,4,69,4,54,69,Broken Heart,Charlie Horse,167
Wishbone,12,24,1,3,5,NA,standing,TRUE,313,313,Group 3,24.0,3.0,FALSE,Wish Bone,9/22/26 18:59,313,Computer Information Systems,22,Freshman,Yes,Yes,Right,16,Yes,4,Yes,No,Yes,A long time ago,7,4,6,Yes,6,Broken Heart,9,2,8,Yes,3,Charlie Horse,Standing up,"""Broken Heart is the worst piece ever""",Evening,Storage Room,54,4,69,4,54,69,Broken Heart,Charlie Horse,167
Spare Ribs,13,5,0,0,1,NA,standing,TRUE,313,313,Group 3,5.0,0.0,FALSE,Spare Ribs,9/22/26 18:59,313,Computer Information Systems,22,Freshman,Yes,Yes,Right,16,Yes,4,Yes,No,Yes,A long time ago,7,4,6,Yes,6,Broken Heart,9,2,8,Yes,3,Charlie Horse,Standing up,"""Broken Heart is the worst piece ever""",Evening,Storage Room,54,4,69,4,54,69,Broken Heart,Charlie Horse,167
Wishbone,1,28,0,5,8,NA,standing,FALSE,314,314,Group 3,28.0,5.0,FALSE,Wish Bone,9/22/26 19:16,314,N/A,17,Not a Student,No,No,Right,17,No,6,Yes,No,Yes,A long time ago,6,7,7,Yes,7,Broken Heart,6,2,7,Yes,7,Wishbone,Standing up,He had the hardes pieces in the first 3 :(,Evening,Storage Room,59,3,69,3,59,69,Broken Heart,Wishbone,221
Charlie Horse,2,45,0,5,8,NA,standing,FALSE,314,314,Group 3,45.0,5.0,FALSE,Charlie Horse,9/22/26 19:16,314,N/A,17,Not a Student,No,No,Right,17,No,6,Yes,No,Yes,A long time ago,6,7,7,Yes,7,Broken Heart,6,2,7,Yes,7,Wishbone,Standing up,He had the hardes pieces in the first 3 :(,Evening,Storage Room,59,3,69,3,59,69,Broken Heart,Wishbone,221
Wrenched Ankle,3,28,4,5,6,NA,standing,FALSE,314,314,Group 3,28.0,5.0,FALSE,Wrenched Ankle,9/22/26 19:16,314,N/A,17,Not a Student,No,No,Right,17,No,6,Yes,No,Yes,A long time ago,6,7,7,Yes,7,Broken Heart,6,2,7,Yes,7,Wishbone,Standing up,He had the hardes pieces in the first 3 :(,Evening,Storage Room,59,3,69,3,59,69,Broken Heart,Wishbone,221
Writer's Cramp,4,14,0,0,3,Player used both hands,standing,TRUE,314,314,Group 3,14.0,0.0,FALSE,Writer's Cramp,9/22/26 19:16,314,N/A,17,Not a Student,No,No,Right,17,No,6,Yes,No,Yes,A long time ago,6,7,7,Yes,7,Broken Heart,6,2,7,Yes,7,Wishbone,Standing up,He had the hardes pieces in the first 3 :(,Evening,Storage Room,59,3,69,3,59,69,Broken Heart,Wishbone,221
Anklebone Connected to the Knee Bone,5,15,1,0,2,NA,standing,TRUE,314,314,Group 3,15.0,0.0,FALSE,Anklebone,9/22/26 19:16,314,N/A,17,Not a Student,No,No,Right,17,No,6,Yes,No,Yes,A long time ago,6,7,7,Yes,7,Broken Heart,6,2,7,Yes,7,Wishbone,Standing up,He had the hardes pieces in the first 3 :(,Evening,Storage Room,59,3,69,3,59,69,Broken Heart,Wishbone,221
Butterflies in the Stomach,6,7,1,0,1,NA,standing,TRUE,314,314,Group 3,7.0,0.0,FALSE,Butterflies in Stomach,9/22/26 19:16,314,N/A,17,Not a Student,No,No,Right,17,No,6,Yes,No,Yes,A long time ago,6,7,7,Yes,7,Broken Heart,6,2,7,Yes,7,Wishbone,Standing up,He had the hardes pieces in the first 3 :(,Evening,Storage Room,59,3,69,3,59,69,Broken Heart,Wishbone,221
Spare Ribs,7,20,0,5,7,NA,standing,FALSE,314,314,Group 3,20.0,5.0,FALSE,Spare Ribs,9/22/26 19:16,314,N/A,17,Not a Student,No,No,Right,17,No,6,Yes,No,Yes,A long time ago,6,7,7,Yes,7,Broken Heart,6,2,7,Yes,7,Wishbone,Standing up,He had the hardes pieces in the first 3 :(,Evening,Storage Room,59,3,69,3,59,69,Broken Heart,Wishbone,221
Adam's Apple,8,25,0,4,6,NA,standing,TRUE,314,314,Group 3,25.0,4.0,FALSE,Adam's Apple,9/22/26 19:16,314,N/A,17,Not a Student,No,No,Right,17,No,6,Yes,No,Yes,A long time ago,6,7,7,Yes,7,Broken Heart,6,2,7,Yes,7,Wishbone,Standing up,He had the hardes pieces in the first 3 :(,Evening,Storage Room,59,3,69,3,59,69,Broken Heart,Wishbone,221
Water on the Knee,9,5,0,2,2,NA,standing,TRUE,314,314,Group 3,5.0,2.0,FALSE,Water on the Knee,9/22/26 19:16,314,N/A,17,Not a Student,No,No,Right,17,No,6,Yes,No,Yes,A long time ago,6,7,7,Yes,7,Broken Heart,6,2,7,Yes,7,Wishbone,Standing up,He had the hardes pieces in the first 3 :(,Evening,Storage Room,59,3,69,3,59,69,Broken Heart,Wishbone,221
Broken Heart,10,5,1,0,1,NA,standing,TRUE,314,314,Group 3,5.0,0.0,FALSE,Broken Heart,9/22/26 19:16,314,N/A,17,Not a Student,No,No,Right,17,No,6,Yes,No,Yes,A long time ago,6,7,7,Yes,7,Broken Heart,6,2,7,Yes,7,Wishbone,Standing up,He had the hardes pieces in the first 3 :(,Evening,Storage Room,59,3,69,3,59,69,Broken Heart,Wishbone,221
Brain Freeze,11,3,0,0,1,NA,standing,TRUE,314,314,Group 3,3.0,0.0,FALSE,Brain Freeze,9/22/26 19:16,314,N/A,17,Not a Student,No,No,Right,17,No,6,Yes,No,Yes,A long time ago,6,7,7,Yes,7,Broken Heart,6,2,7,Yes,7,Wishbone,Standing up,He had the hardes pieces in the first 3 :(,Evening,Storage Room,59,3,69,3,59,69,Broken Heart,Wishbone,221
Bread Basket,12,22,0,5,8,NA,standing,FALSE,314,314,Group 3,22.0,5.0,FALSE,Bread Basket,9/22/26 19:16,314,N/A,17,Not a Student,No,No,Right,17,No,6,Yes,No,Yes,A long time ago,6,7,7,Yes,7,Broken Heart,6,2,7,Yes,7,Wishbone,Standing up,He had the hardes pieces in the first 3 :(,Evening,Storage Room,59,3,69,3,59,69,Broken Heart,Wishbone,221
Funny Bone,13,4,0,2,2,NA,standing,TRUE,314,314,Group 3,4.0,2.0,FALSE,Funny Bone,9/22/26 19:16,314,N/A,17,Not a Student,No,No,Right,17,No,6,Yes,No,Yes,A long time ago,6,7,7,Yes,7,Broken Heart,6,2,7,Yes,7,Wishbone,Standing up,He had the hardes pieces in the first 3 :(,Evening,Storage Room,59,3,69,3,59,69,Broken Heart,Wishbone,221
Wrenched Ankle,1,16.52,1,0,2,NA,standing,TRUE,315,315,Group 3,16.52,0.0,FALSE,Wrenched Ankle,9/27/26 11:16,315,Healthcare Management,43,Not a Student,No,Yes,Right,16.5,No,6,Yes,Yes,Yes,A long time ago,8,5,5,Yes,3,Charlie Horse,10,5,7,Yes,1,Wishbone,Standing up,"Did lean on board sometimes and sometimes not but was started sitting before the game began, then they chose to stand.",11:14,Dining Room Table,45,3,73,3,45,73,Charlie Horse,Wishbone,149.17
Brain Freeze,2,3.01,0,0,1,NA,standing,TRUE,315,315,Group 3,3.01,0.0,FALSE,Brain Freeze,9/27/26 11:16,315,Healthcare Management,43,Not a Student,No,Yes,Right,16.5,No,6,Yes,Yes,Yes,A long time ago,8,5,5,Yes,3,Charlie Horse,10,5,7,Yes,1,Wishbone,Standing up,"Did lean on board sometimes and sometimes not but was started sitting before the game began, then they chose to stand.",11:14,Dining Room Table,45,3,73,3,45,73,Charlie Horse,Wishbone,149.17
Spare Ribs,3,7.57,0,0,1,"Did ask if hand can be on board, costing 2-3 seconds.",standing,TRUE,315,315,Group 3,7.57,0.0,FALSE,Spare Ribs,9/27/26 11:16,315,Healthcare Management,43,Not a Student,No,Yes,Right,16.5,No,6,Yes,Yes,Yes,A long time ago,8,5,5,Yes,3,Charlie Horse,10,5,7,Yes,1,Wishbone,Standing up,"Did lean on board sometimes and sometimes not but was started sitting before the game began, then they chose to stand.",11:14,Dining Room Table,45,3,73,3,45,73,Charlie Horse,Wishbone,149.17
Anklebone Connected to the Knee Bone,4,6.54,1,0,1,NA,standing,TRUE,315,315,Group 3,6.54,0.0,FALSE,Ankle Bone Connected to the Knee,9/27/26 11:16,315,Healthcare Management,43,Not a Student,No,Yes,Right,16.5,No,6,Yes,Yes,Yes,A long time ago,8,5,5,Yes,3,Charlie Horse,10,5,7,Yes,1,Wishbone,Standing up,"Did lean on board sometimes and sometimes not but was started sitting before the game began, then they chose to stand.",11:14,Dining Room Table,45,3,73,3,45,73,Charlie Horse,Wishbone,149.17
Butterflies in the Stomach,5,3.66,0,0,1,NA,standing,TRUE,315,315,Group 3,3.66,0.0,FALSE,Butterflies in the Stomach,9/27/26 11:16,315,Healthcare Management,43,Not a Student,No,Yes,Right,16.5,No,6,Yes,Yes,Yes,A long time ago,8,5,5,Yes,3,Charlie Horse,10,5,7,Yes,1,Wishbone,Standing up,"Did lean on board sometimes and sometimes not but was started sitting before the game began, then they chose to stand.",11:14,Dining Room Table,45,3,73,3,45,73,Charlie Horse,Wishbone,149.17
Writer's Cramp,6,8.94,0,0,2,NA,standing,TRUE,315,315,Group 3,8.94,0.0,FALSE,Writer's Cramp,9/27/26 11:16,315,Healthcare Management,43,Not a Student,No,Yes,Right,16.5,No,6,Yes,Yes,Yes,A long time ago,8,5,5,Yes,3,Charlie Horse,10,5,7,Yes,1,Wishbone,Standing up,"Did lean on board sometimes and sometimes not but was started sitting before the game began, then they chose to stand.",11:14,Dining Room Table,45,3,73,3,45,73,Charlie Horse,Wishbone,149.17
Funny Bone,7,12.42,1,0,2,NA,standing,TRUE,315,315,Group 3,12.42,0.0,FALSE,Funny Bone,9/27/26 11:16,315,Healthcare Management,43,Not a Student,No,Yes,Right,16.5,No,6,Yes,Yes,Yes,A long time ago,8,5,5,Yes,3,Charlie Horse,10,5,7,Yes,1,Wishbone,Standing up,"Did lean on board sometimes and sometimes not but was started sitting before the game began, then they chose to stand.",11:14,Dining Room Table,45,3,73,3,45,73,Charlie Horse,Wishbone,149.17
Water on the Knee,8,10.06,0,0,2,NA,standing,TRUE,315,315,Group 3,10.06,0.0,FALSE,Water on the Knee,9/27/26 11:16,315,Healthcare Management,43,Not a Student,No,Yes,Right,16.5,No,6,Yes,Yes,Yes,A long time ago,8,5,5,Yes,3,Charlie Horse,10,5,7,Yes,1,Wishbone,Standing up,"Did lean on board sometimes and sometimes not but was started sitting before the game began, then they chose to stand.",11:14,Dining Room Table,45,3,73,3,45,73,Charlie Horse,Wishbone,149.17
Wishbone,9,22.91,2,2,3,NA,standing,TRUE,315,315,Group 3,22.91,2.0,FALSE,Wish Bone,9/27/26 11:16,315,Healthcare Management,43,Not a Student,No,Yes,Right,16.5,No,6,Yes,Yes,Yes,A long time ago,8,5,5,Yes,3,Charlie Horse,10,5,7,Yes,1,Wishbone,Standing up,"Did lean on board sometimes and sometimes not but was started sitting before the game began, then they chose to stand.",11:14,Dining Room Table,45,3,73,3,45,73,Charlie Horse,Wishbone,149.17
Charlie Horse,10,9.93,1,2,3,NA,standing,TRUE,315,315,Group 3,9.93,2.0,FALSE,Charlie Horse,9/27/26 11:16,315,Healthcare Management,43,Not a Student,No,Yes,Right,16.5,No,6,Yes,Yes,Yes,A long time ago,8,5,5,Yes,3,Charlie Horse,10,5,7,Yes,1,Wishbone,Standing up,"Did lean on board sometimes and sometimes not but was started sitting before the game began, then they chose to stand.",11:14,Dining Room Table,45,3,73,3,45,73,Charlie Horse,Wishbone,149.17
Adam's Apple,11,37.08,0,2,3,Had to pick at in grabbable position,standing,TRUE,315,315,Group 3,37.08,2.0,FALSE,Adam's Apple,9/27/26 11:16,315,Healthcare Management,43,Not a Student,No,Yes,Right,16.5,No,6,Yes,Yes,Yes,A long time ago,8,5,5,Yes,3,Charlie Horse,10,5,7,Yes,1,Wishbone,Standing up,"Did lean on board sometimes and sometimes not but was started sitting before the game began, then they chose to stand.",11:14,Dining Room Table,45,3,73,3,45,73,Charlie Horse,Wishbone,149.17
Bread Basket,12,3.73,0,0,1,NA,standing,TRUE,315,315,Group 3,3.73,0.0,FALSE,Bread Basket,9/27/26 11:16,315,Healthcare Management,43,Not a Student,No,Yes,Right,16.5,No,6,Yes,Yes,Yes,A long time ago,8,5,5,Yes,3,Charlie Horse,10,5,7,Yes,1,Wishbone,Standing up,"Did lean on board sometimes and sometimes not but was started sitting before the game began, then they chose to stand.",11:14,Dining Room Table,45,3,73,3,45,73,Charlie Horse,Wishbone,149.17
Broken Heart,13,6.8,0,0,1,NA,standing,TRUE,315,315,Group 3,6.8,0.0,FALSE,Broken heart,9/27/26 11:16,315,Healthcare Management,43,Not a Student,No,Yes,Right,16.5,No,6,Yes,Yes,Yes,A long time ago,8,5,5,Yes,3,Charlie Horse,10,5,7,Yes,1,Wishbone,Standing up,"Did lean on board sometimes and sometimes not but was started sitting before the game began, then they chose to stand.",11:14,Dining Room Table,45,3,73,3,45,73,Charlie Horse,Wishbone,149.17
Funny Bone,1,7.05,0,2,3,NA,sitting,TRUE,316,316,Group 3,7.05,2.0,FALSE,Funny Bone,NA,NA,NA,NA,NA,NA,NA,NA,NA,NA,NA,NA,NA,NA,NA,NA,NA,NA,NA,NA,NA,NA,NA,NA,NA,NA,NA,NA,NA,NA,NA,NA,NA,NA,NA,NA,NA,NA,NA,153.14999999999998
Wrenched Ankle,2,28.94,3,5,10,NA,sitting,FALSE,316,316,Group 3,28.94,5.0,FALSE,Wrenched Ankle,NA,NA,NA,NA,NA,NA,NA,NA,NA,NA,NA,NA,NA,NA,NA,NA,NA,NA,NA,NA,NA,NA,NA,NA,NA,NA,NA,NA,NA,NA,NA,NA,NA,NA,NA,NA,NA,NA,NA,153.14999999999998
Brain Freeze,3,3.96,0,0,1,NA,sitting,TRUE,316,316,Group 3,3.96,0.0,FALSE,Brain Freeze,NA,NA,NA,NA,NA,NA,NA,NA,NA,NA,NA,NA,NA,NA,NA,NA,NA,NA,NA,NA,NA,NA,NA,NA,NA,NA,NA,NA,NA,NA,NA,NA,NA,NA,NA,NA,NA,NA,NA,153.14999999999998
Bread Basket,4,15.01,1,0,2,NA,sitting,TRUE,316,316,Group 3,15.01,0.0,FALSE,Bread Basket,NA,NA,NA,NA,NA,NA,NA,NA,NA,NA,NA,NA,NA,NA,NA,NA,NA,NA,NA,NA,NA,NA,NA,NA,NA,NA,NA,NA,NA,NA,NA,NA,NA,NA,NA,NA,NA,NA,NA,153.14999999999998
Charlie Horse,5,18.9,0,5,10,NA,sitting,FALSE,316,316,Group 3,18.9,5.0,FALSE,Charlie Horse,NA,NA,NA,NA,NA,NA,NA,NA,NA,NA,NA,NA,NA,NA,NA,NA,NA,NA,NA,NA,NA,NA,NA,NA,NA,NA,NA,NA,NA,NA,NA,NA,NA,NA,NA,NA,NA,NA,NA,153.14999999999998
Adam's Apple,6,5.92,0,3,6,NA,sitting,TRUE,316,316,Group 3,5.92,3.0,FALSE,Adam's Apple,NA,NA,NA,NA,NA,NA,NA,NA,NA,NA,NA,NA,NA,NA,NA,NA,NA,NA,NA,NA,NA,NA,NA,NA,NA,NA,NA,NA,NA,NA,NA,NA,NA,NA,NA,NA,NA,NA,NA,153.14999999999998
Butterflies in the Stomach,7,8.66,0,0,2,NA,sitting,TRUE,316,316,Group 3,8.66,0.0,FALSE,Butterflies In Stomach,NA,NA,NA,NA,NA,NA,NA,NA,NA,NA,NA,NA,NA,NA,NA,NA,NA,NA,NA,NA,NA,NA,NA,NA,NA,NA,NA,NA,NA,NA,NA,NA,NA,NA,NA,NA,NA,NA,NA,153.14999999999998
Writer's Cramp,8,8.85,0,3,5,NA,sitting,TRUE,316,316,Group 3,8.85,3.0,FALSE,Writer's Cramp,NA,NA,NA,NA,NA,NA,NA,NA,NA,NA,NA,NA,NA,NA,NA,NA,NA,NA,NA,NA,NA,NA,NA,NA,NA,NA,NA,NA,NA,NA,NA,NA,NA,NA,NA,NA,NA,NA,NA,153.14999999999998
Water on the Knee,9,12.06,2,0,2,NA,sitting,TRUE,316,316,Group 3,12.06,0.0,FALSE,Water on the Knee,NA,NA,NA,NA,NA,NA,NA,NA,NA,NA,NA,NA,NA,NA,NA,NA,NA,NA,NA,NA,NA,NA,NA,NA,NA,NA,NA,NA,NA,NA,NA,NA,NA,NA,NA,NA,NA,NA,NA,153.14999999999998
Broken Heart,10,15.66,0,5,10,Piece was a little buried in the corner,sitting,FALSE,316,316,Group 3,15.66,5.0,FALSE,Broken Heart,NA,NA,NA,NA,NA,NA,NA,NA,NA,NA,NA,NA,NA,NA,NA,NA,NA,NA,NA,NA,NA,NA,NA,NA,NA,NA,NA,NA,NA,NA,NA,NA,NA,NA,NA,NA,NA,NA,NA,153.14999999999998
Spare Ribs,11,10.64,0,0,1,NA,sitting,TRUE,316,316,Group 3,10.64,0.0,FALSE,Spare Ribs,NA,NA,NA,NA,NA,NA,NA,NA,NA,NA,NA,NA,NA,NA,NA,NA,NA,NA,NA,NA,NA,NA,NA,NA,NA,NA,NA,NA,NA,NA,NA,NA,NA,NA,NA,NA,NA,NA,NA,153.14999999999998
Anklebone Connected to the Knee Bone,12,4.89,1,0,1,NA,sitting,TRUE,316,316,Group 3,4.89,0.0,FALSE,Anklebone Connected to the Knee Bone,NA,NA,NA,NA,NA,NA,NA,NA,NA,NA,NA,NA,NA,NA,NA,NA,NA,NA,NA,NA,NA,NA,NA,NA,NA,NA,NA,NA,NA,NA,NA,NA,NA,NA,NA,NA,NA,NA,NA,153.14999999999998
Wishbone,13,12.61,1,3,7,NA,sitting,TRUE,316,316,Group 3,12.61,3.0,FALSE,Wish Bone,NA,NA,NA,NA,NA,NA,NA,NA,NA,NA,NA,NA,NA,NA,NA,NA,NA,NA,NA,NA,NA,NA,NA,NA,NA,NA,NA,NA,NA,NA,NA,NA,NA,NA,NA,NA,NA,NA,NA,153.14999999999998
Wrenched Ankle,1,29.3,2,1,7,NA,sitting,TRUE,317,317,Group 3,29.3,1.0,FALSE,Wrenched Ankle,10/5/26 4:52,317,NA,69,Not a Student,No,No,Right,19.8,N/A,6,No,No,Yes,A long time ago,7,4,5,No,7,Charlie Horse,8,6,6,Yes,5,Charlie Horse,"Sitting, hunched over",NA,9:00 PM,House,53,4,69,4,53,69,Charlie Horse,Charlie Horse,111.97000000000001
Broken Heart,2,9.8,1,NA,5,NA,sitting,TRUE,317,317,Group 3,9.8,NA,FALSE,Broken Heart,10/5/26 4:52,317,NA,69,Not a Student,No,No,Right,19.8,N/A,6,No,No,Yes,A long time ago,7,4,5,No,7,Charlie Horse,8,6,6,Yes,5,Charlie Horse,"Sitting, hunched over",NA,9:00 PM,House,53,4,69,4,53,69,Charlie Horse,Charlie Horse,111.97000000000001
Brain Freeze,3,3.7,NA,NA,3,NA,sitting,TRUE,317,317,Group 3,3.7,NA,FALSE,Brain Freeze,10/5/26 4:52,317,NA,69,Not a Student,No,No,Right,19.8,N/A,6,No,No,Yes,A long time ago,7,4,5,No,7,Charlie Horse,8,6,6,Yes,5,Charlie Horse,"Sitting, hunched over",NA,9:00 PM,House,53,4,69,4,53,69,Charlie Horse,Charlie Horse,111.97000000000001
Adam's Apple,4,3,NA,NA,3,NA,sitting,TRUE,317,317,Group 3,3.0,NA,FALSE,Adam's Apple,10/5/26 4:52,317,NA,69,Not a Student,No,No,Right,19.8,N/A,6,No,No,Yes,A long time ago,7,4,5,No,7,Charlie Horse,8,6,6,Yes,5,Charlie Horse,"Sitting, hunched over",NA,9:00 PM,House,53,4,69,4,53,69,Charlie Horse,Charlie Horse,111.97000000000001
Charlie Horse,5,28.65,NA,3,7,NA,sitting,TRUE,317,317,Group 3,28.65,3.0,FALSE,Charlie Horse,10/5/26 4:52,317,NA,69,Not a Student,No,No,Right,19.8,N/A,6,No,No,Yes,A long time ago,7,4,5,No,7,Charlie Horse,8,6,6,Yes,5,Charlie Horse,"Sitting, hunched over",NA,9:00 PM,House,53,4,69,4,53,69,Charlie Horse,Charlie Horse,111.97000000000001
Bread Basket,6,3.05,NA,NA,3,NA,sitting,TRUE,317,317,Group 3,3.05,NA,FALSE,Bread Basket,10/5/26 4:52,317,NA,69,Not a Student,No,No,Right,19.8,N/A,6,No,No,Yes,A long time ago,7,4,5,No,7,Charlie Horse,8,6,6,Yes,5,Charlie Horse,"Sitting, hunched over",NA,9:00 PM,House,53,4,69,4,53,69,Charlie Horse,Charlie Horse,111.97000000000001
Spare Ribs,7,2.45,NA,NA,1,NA,sitting,TRUE,317,317,Group 3,2.45,NA,FALSE,Spare Ribs,10/5/26 4:52,317,NA,69,Not a Student,No,No,Right,19.8,N/A,6,No,No,Yes,A long time ago,7,4,5,No,7,Charlie Horse,8,6,6,Yes,5,Charlie Horse,"Sitting, hunched over",NA,9:00 PM,House,53,4,69,4,53,69,Charlie Horse,Charlie Horse,111.97000000000001
Anklebone Connected to the Knee Bone,8,5.87,1,NA,4,NA,sitting,TRUE,317,317,Group 3,5.87,NA,FALSE,Anklebone Connected to the Knee Bone,10/5/26 4:52,317,NA,69,Not a Student,No,No,Right,19.8,N/A,6,No,No,Yes,A long time ago,7,4,5,No,7,Charlie Horse,8,6,6,Yes,5,Charlie Horse,"Sitting, hunched over",NA,9:00 PM,House,53,4,69,4,53,69,Charlie Horse,Charlie Horse,111.97000000000001
Water on the Knee,9,4.6,NA,NA,3,NA,sitting,TRUE,317,317,Group 3,4.6,NA,FALSE,Water on the Knee,10/5/26 4:52,317,NA,69,Not a Student,No,No,Right,19.8,N/A,6,No,No,Yes,A long time ago,7,4,5,No,7,Charlie Horse,8,6,6,Yes,5,Charlie Horse,"Sitting, hunched over",NA,9:00 PM,House,53,4,69,4,53,69,Charlie Horse,Charlie Horse,111.97000000000001
Funny Bone,10,7.12,2,NA,5,NA,sitting,TRUE,317,317,Group 3,7.12,NA,FALSE,Funny Bone,10/5/26 4:52,317,NA,69,Not a Student,No,No,Right,19.8,N/A,6,No,No,Yes,A long time ago,7,4,5,No,7,Charlie Horse,8,6,6,Yes,5,Charlie Horse,"Sitting, hunched over",NA,9:00 PM,House,53,4,69,4,53,69,Charlie Horse,Charlie Horse,111.97000000000001
Butterflies in the Stomach,11,4.3,NA,NA,3,NA,sitting,TRUE,317,317,Group 3,4.3,NA,FALSE,Butterflies In Stomach,10/5/26 4:52,317,NA,69,Not a Student,No,No,Right,19.8,N/A,6,No,No,Yes,A long time ago,7,4,5,No,7,Charlie Horse,8,6,6,Yes,5,Charlie Horse,"Sitting, hunched over",NA,9:00 PM,House,53,4,69,4,53,69,Charlie Horse,Charlie Horse,111.97000000000001
Writer's Cramp,12,5.9,NA,2,6,NA,sitting,TRUE,317,317,Group 3,5.9,2.0,FALSE,Writer's Cramp,10/5/26 4:52,317,NA,69,Not a Student,No,No,Right,19.8,N/A,6,No,No,Yes,A long time ago,7,4,5,No,7,Charlie Horse,8,6,6,Yes,5,Charlie Horse,"Sitting, hunched over",NA,9:00 PM,House,53,4,69,4,53,69,Charlie Horse,Charlie Horse,111.97000000000001
Wishbone,13,4.23,NA,NA,3,NA,sitting,TRUE,317,317,Group 3,4.23,NA,FALSE,Wish Bone,10/5/26 4:52,317,NA,69,Not a Student,No,No,Right,19.8,N/A,6,No,No,Yes,A long time ago,7,4,5,No,7,Charlie Horse,8,6,6,Yes,5,Charlie Horse,"Sitting, hunched over",NA,9:00 PM,House,53,4,69,4,53,69,Charlie Horse,Charlie Horse,111.97000000000001
Broken Heart,1,5.13,NA,1,4,NA,sitting,TRUE,318,318,Group 3,5.13,1.0,FALSE,Broken Heart,10/5/26 4:54,318,NA,70,Not a Student,No,No,Right,15,No,6,No,No,Yes,A long time ago,6,5,6,No,7,Writer's Cramp,8,7,6,Yes,8,Charlie Horse,Sitting up,NA,9:30 PM,house,53,4,69,4,53,69,Writer's Cramp,Charlie Horse,76.11
Charlie Horse,2,31.5,NA,5,9,NA,sitting,FALSE,318,318,Group 3,31.5,5.0,FALSE,Charlie Horse,10/5/26 4:54,318,NA,70,Not a Student,No,No,Right,15,No,6,No,No,Yes,A long time ago,6,5,6,No,7,Writer's Cramp,8,7,6,Yes,8,Charlie Horse,Sitting up,NA,9:30 PM,house,53,4,69,4,53,69,Writer's Cramp,Charlie Horse,76.11
Bread Basket,3,5,1,NA,4,NA,sitting,TRUE,318,318,Group 3,5.0,NA,FALSE,Bread Basket,10/5/26 4:54,318,NA,70,Not a Student,No,No,Right,15,No,6,No,No,Yes,A long time ago,6,5,6,No,7,Writer's Cramp,8,7,6,Yes,8,Charlie Horse,Sitting up,NA,9:30 PM,house,53,4,69,4,53,69,Writer's Cramp,Charlie Horse,76.11
Brain Freeze,4,4.2,NA,NA,3,NA,sitting,TRUE,318,318,Group 3,4.2,NA,FALSE,Brain Freeze,10/5/26 4:54,318,NA,70,Not a Student,No,No,Right,15,No,6,No,No,Yes,A long time ago,6,5,6,No,7,Writer's Cramp,8,7,6,Yes,8,Charlie Horse,Sitting up,NA,9:30 PM,house,53,4,69,4,53,69,Writer's Cramp,Charlie Horse,76.11
Wishbone,5,7.3,1,1,5,NA,sitting,TRUE,318,318,Group 3,7.3,1.0,FALSE,Wish Bone,10/5/26 4:54,318,NA,70,Not a Student,No,No,Right,15,No,6,No,No,Yes,A long time ago,6,5,6,No,7,Writer's Cramp,8,7,6,Yes,8,Charlie Horse,Sitting up,NA,9:30 PM,house,53,4,69,4,53,69,Writer's Cramp,Charlie Horse,76.11
Spare Ribs,6,2,NA,NA,1,NA,sitting,TRUE,318,318,Group 3,2.0,NA,FALSE,Spare Ribs,10/5/26 4:54,318,NA,70,Not a Student,No,No,Right,15,No,6,No,No,Yes,A long time ago,6,5,6,No,7,Writer's Cramp,8,7,6,Yes,8,Charlie Horse,Sitting up,NA,9:30 PM,house,53,4,69,4,53,69,Writer's Cramp,Charlie Horse,76.11
Water on the Knee,7,2.4,NA,NA,1,NA,sitting,TRUE,318,318,Group 3,2.4,NA,FALSE,Water on the Knee,10/5/26 4:54,318,NA,70,Not a Student,No,No,Right,15,No,6,No,No,Yes,A long time ago,6,5,6,No,7,Writer's Cramp,8,7,6,Yes,8,Charlie Horse,Sitting up,NA,9:30 PM,house,53,4,69,4,53,69,Writer's Cramp,Charlie Horse,76.11
Funny Bone,8,4.3,NA,1,3,NA,sitting,TRUE,318,318,Group 3,4.3,1.0,FALSE,Funny Bone,10/5/26 4:54,318,NA,70,Not a Student,No,No,Right,15,No,6,No,No,Yes,A long time ago,6,5,6,No,7,Writer's Cramp,8,7,6,Yes,8,Charlie Horse,Sitting up,NA,9:30 PM,house,53,4,69,4,53,69,Writer's Cramp,Charlie Horse,76.11
Butterflies in the Stomach,9,3,NA,NA,2,NA,sitting,TRUE,318,318,Group 3,3.0,NA,FALSE,Butterflies in Stomach,10/5/26 4:54,318,NA,70,Not a Student,No,No,Right,15,No,6,No,No,Yes,A long time ago,6,5,6,No,7,Writer's Cramp,8,7,6,Yes,8,Charlie Horse,Sitting up,NA,9:30 PM,house,53,4,69,4,53,69,Writer's Cramp,Charlie Horse,76.11
Writer's Cramp,10,2,NA,NA,1,NA,sitting,TRUE,318,318,Group 3,2.0,NA,FALSE,Writer's Cramp,10/5/26 4:54,318,NA,70,Not a Student,No,No,Right,15,No,6,No,No,Yes,A long time ago,6,5,6,No,7,Writer's Cramp,8,7,6,Yes,8,Charlie Horse,Sitting up,NA,9:30 PM,house,53,4,69,4,53,69,Writer's Cramp,Charlie Horse,76.11
Wrenched Ankle,11,3.18,NA,NA,3,NA,sitting,TRUE,318,318,Group 3,3.18,NA,FALSE,Wrenched Ankle,10/5/26 4:54,318,NA,70,Not a Student,No,No,Right,15,No,6,No,No,Yes,A long time ago,6,5,6,No,7,Writer's Cramp,8,7,6,Yes,8,Charlie Horse,Sitting up,NA,9:30 PM,house,53,4,69,4,53,69,Writer's Cramp,Charlie Horse,76.11
Anklebone Connected to the Knee Bone,12,4.3,1,NA,2,NA,sitting,TRUE,318,318,Group 3,4.3,NA,FALSE,Anklebone,10/5/26 4:54,318,NA,70,Not a Student,No,No,Right,15,No,6,No,No,Yes,A long time ago,6,5,6,No,7,Writer's Cramp,8,7,6,Yes,8,Charlie Horse,Sitting up,NA,9:30 PM,house,53,4,69,4,53,69,Writer's Cramp,Charlie Horse,76.11
Adam's Apple,13,1.8,NA,NA,1,NA,sitting,TRUE,318,318,Group 3,1.8,NA,FALSE,Adam's Apple,10/5/26 4:54,318,NA,70,Not a Student,No,No,Right,15,No,6,No,No,Yes,A long time ago,6,5,6,No,7,Writer's Cramp,8,7,6,Yes,8,Charlie Horse,Sitting up,NA,9:30 PM,house,53,4,69,4,53,69,Writer's Cramp,Charlie Horse,76.11
Anklebone Connected to the Knee Bone,1,5,1,NA,4,NA,standing,TRUE,319,319,Group 3,5.0,NA,FALSE,Anklebone,10/5/26 5:09,319,NA,15,Not a Student,No,No,Right,16,No,7,No,No,Yes,A while ago,5,7,5,No,8,Charlie Horse,7,6,6,No,7,Charlie Horse,Standing up,NA,5:00 AM,House,48,3,68,3,48,68,Charlie Horse,Charlie Horse,97.5
Adam's Apple,2,4.6,1,NA,4,NA,standing,TRUE,319,319,Group 3,4.6,NA,FALSE,Adam's Apple,10/5/26 5:09,319,NA,15,Not a Student,No,No,Right,16,No,7,No,No,Yes,A while ago,5,7,5,No,8,Charlie Horse,7,6,6,No,7,Charlie Horse,Standing up,NA,5:00 AM,House,48,3,68,3,48,68,Charlie Horse,Charlie Horse,97.5
Funny Bone,3,4,NA,NA,4,NA,standing,TRUE,319,319,Group 3,4.0,NA,FALSE,Funny Bone,10/5/26 5:09,319,NA,15,Not a Student,No,No,Right,16,No,7,No,No,Yes,A while ago,5,7,5,No,8,Charlie Horse,7,6,6,No,7,Charlie Horse,Standing up,NA,5:00 AM,House,48,3,68,3,48,68,Charlie Horse,Charlie Horse,97.5
Butterflies in the Stomach,4,3.8,NA,NA,4,NA,standing,TRUE,319,319,Group 3,3.8,NA,FALSE,Butterflies in Stomach,10/5/26 5:09,319,NA,15,Not a Student,No,No,Right,16,No,7,No,No,Yes,A while ago,5,7,5,No,8,Charlie Horse,7,6,6,No,7,Charlie Horse,Standing up,NA,5:00 AM,House,48,3,68,3,48,68,Charlie Horse,Charlie Horse,97.5
Writer's Cramp,5,9.3,1,3,7,NA,standing,TRUE,319,319,Group 3,9.3,3.0,FALSE,Writer's Cramp,10/5/26 5:09,319,NA,15,Not a Student,No,No,Right,16,No,7,No,No,Yes,A while ago,5,7,5,No,8,Charlie Horse,7,6,6,No,7,Charlie Horse,Standing up,NA,5:00 AM,House,48,3,68,3,48,68,Charlie Horse,Charlie Horse,97.5
Broken Heart,6,7.8,NA,2,6,NA,standing,TRUE,319,319,Group 3,7.8,2.0,FALSE,Broken Heart,10/5/26 5:09,319,NA,15,Not a Student,No,No,Right,16,No,7,No,No,Yes,A while ago,5,7,5,No,8,Charlie Horse,7,6,6,No,7,Charlie Horse,Standing up,NA,5:00 AM,House,48,3,68,3,48,68,Charlie Horse,Charlie Horse,97.5
Water on the Knee,7,4,NA,NA,2,NA,standing,TRUE,319,319,Group 3,4.0,NA,FALSE,Water on the Knee,10/5/26 5:09,319,NA,15,Not a Student,No,No,Right,16,No,7,No,No,Yes,A while ago,5,7,5,No,8,Charlie Horse,7,6,6,No,7,Charlie Horse,Standing up,NA,5:00 AM,House,48,3,68,3,48,68,Charlie Horse,Charlie Horse,97.5
Bread Basket,8,6.2,NA,2,5,NA,standing,TRUE,319,319,Group 3,6.2,2.0,FALSE,Bread Basket,10/5/26 5:09,319,NA,15,Not a Student,No,No,Right,16,No,7,No,No,Yes,A while ago,5,7,5,No,8,Charlie Horse,7,6,6,No,7,Charlie Horse,Standing up,NA,5:00 AM,House,48,3,68,3,48,68,Charlie Horse,Charlie Horse,97.5
Brain Freeze,9,2.9,NA,NA,2,NA,standing,TRUE,319,319,Group 3,2.9,NA,FALSE,Brain Freeze,10/5/26 5:09,319,NA,15,Not a Student,No,No,Right,16,No,7,No,No,Yes,A while ago,5,7,5,No,8,Charlie Horse,7,6,6,No,7,Charlie Horse,Standing up,NA,5:00 AM,House,48,3,68,3,48,68,Charlie Horse,Charlie Horse,97.5
Wishbone,10,8.4,2,NA,6,NA,standing,TRUE,319,319,Group 3,8.4,NA,FALSE,Wish Bone,10/5/26 5:09,319,NA,15,Not a Student,No,No,Right,16,No,7,No,No,Yes,A while ago,5,7,5,No,8,Charlie Horse,7,6,6,No,7,Charlie Horse,Standing up,NA,5:00 AM,House,48,3,68,3,48,68,Charlie Horse,Charlie Horse,97.5
Wrenched Ankle,11,4.5,NA,NA,2,NA,standing,TRUE,319,319,Group 3,4.5,NA,FALSE,Wrenched Ankle,10/5/26 5:09,319,NA,15,Not a Student,No,No,Right,16,No,7,No,No,Yes,A while ago,5,7,5,No,8,Charlie Horse,7,6,6,No,7,Charlie Horse,Standing up,NA,5:00 AM,House,48,3,68,3,48,68,Charlie Horse,Charlie Horse,97.5
Spare Ribs,12,2,NA,NA,1,NA,standing,TRUE,319,319,Group 3,2.0,NA,FALSE,Spare Ribs,10/5/26 5:09,319,NA,15,Not a Student,No,No,Right,16,No,7,No,No,Yes,A while ago,5,7,5,No,8,Charlie Horse,7,6,6,No,7,Charlie Horse,Standing up,NA,5:00 AM,House,48,3,68,3,48,68,Charlie Horse,Charlie Horse,97.5
Charlie Horse,13,35,NA,5,10,NA,standing,FALSE,319,319,Group 3,35.0,5.0,FALSE,Charlie Horse,10/5/26 5:09,319,NA,15,Not a Student,No,No,Right,16,No,7,No,No,Yes,A while ago,5,7,5,No,8,Charlie Horse,7,6,6,No,7,Charlie Horse,Standing up,NA,5:00 AM,House,48,3,68,3,48,68,Charlie Horse,Charlie Horse,97.5
Brain Freeze,1,3.6,1,NA,3,NA,sitting,TRUE,320,320,Group 3,3.6,NA,FALSE,Brain Freeze,10/5/26 5:17,320,NA,18,Not a Student,Yes,No,Right,18.2,No,5,No,No,Yes,A while ago,5,6,6,No,9,Charlie Horse,5,5,5,No,8,Charlie Horse,Sitting up,NA,5:10 AM,House,48,3,68,3,48,68,Charlie Horse,Charlie Horse,116.00000000000001
Bread Basket,2,7.4,2,1,7,NA,sitting,TRUE,320,320,Group 3,7.4,1.0,FALSE,Bread Basket,10/5/26 5:17,320,NA,18,Not a Student,Yes,No,Right,18.2,No,5,No,No,Yes,A while ago,5,6,6,No,9,Charlie Horse,5,5,5,No,8,Charlie Horse,Sitting up,NA,5:10 AM,House,48,3,68,3,48,68,Charlie Horse,Charlie Horse,116.00000000000001
Charlie Horse,3,36,2,5,10,NA,sitting,FALSE,320,320,Group 3,36.0,5.0,FALSE,Charlie Horse,10/5/26 5:17,320,NA,18,Not a Student,Yes,No,Right,18.2,No,5,No,No,Yes,A while ago,5,6,6,No,9,Charlie Horse,5,5,5,No,8,Charlie Horse,Sitting up,NA,5:10 AM,House,48,3,68,3,48,68,Charlie Horse,Charlie Horse,116.00000000000001
Writer's Cramp,4,7.8,NA,2,5,NA,sitting,TRUE,320,320,Group 3,7.8,2.0,FALSE,Writer's Cramp,10/5/26 5:17,320,NA,18,Not a Student,Yes,No,Right,18.2,No,5,No,No,Yes,A while ago,5,6,6,No,9,Charlie Horse,5,5,5,No,8,Charlie Horse,Sitting up,NA,5:10 AM,House,48,3,68,3,48,68,Charlie Horse,Charlie Horse,116.00000000000001
Butterflies in the Stomach,5,9.2,1,1,7,NA,sitting,TRUE,320,320,Group 3,9.2,1.0,FALSE,Butterflies in Stomach,10/5/26 5:17,320,NA,18,Not a Student,Yes,No,Right,18.2,No,5,No,No,Yes,A while ago,5,6,6,No,9,Charlie Horse,5,5,5,No,8,Charlie Horse,Sitting up,NA,5:10 AM,House,48,3,68,3,48,68,Charlie Horse,Charlie Horse,116.00000000000001
Funny Bone,6,10.4,2,1,7,NA,sitting,TRUE,320,320,Group 3,10.4,1.0,FALSE,Funny Bone,10/5/26 5:17,320,NA,18,Not a Student,Yes,No,Right,18.2,No,5,No,No,Yes,A while ago,5,6,6,No,9,Charlie Horse,5,5,5,No,8,Charlie Horse,Sitting up,NA,5:10 AM,House,48,3,68,3,48,68,Charlie Horse,Charlie Horse,116.00000000000001
Water on the Knee,7,3,NA,NA,2,NA,sitting,TRUE,320,320,Group 3,3.0,NA,FALSE,Water on the Knee,10/5/26 5:17,320,NA,18,Not a Student,Yes,No,Right,18.2,No,5,No,No,Yes,A while ago,5,6,6,No,9,Charlie Horse,5,5,5,No,8,Charlie Horse,Sitting up,NA,5:10 AM,House,48,3,68,3,48,68,Charlie Horse,Charlie Horse,116.00000000000001
Spare Ribs,8,3.7,NA,NA,3,NA,sitting,TRUE,320,320,Group 3,3.7,NA,FALSE,Spare Ribs,10/5/26 5:17,320,NA,18,Not a Student,Yes,No,Right,18.2,No,5,No,No,Yes,A while ago,5,6,6,No,9,Charlie Horse,5,5,5,No,8,Charlie Horse,Sitting up,NA,5:10 AM,House,48,3,68,3,48,68,Charlie Horse,Charlie Horse,116.00000000000001
Wishbone,9,5.2,2,NA,5,NA,sitting,TRUE,320,320,Group 3,5.2,NA,FALSE,Wish Bone,10/5/26 5:17,320,NA,18,Not a Student,Yes,No,Right,18.2,No,5,No,No,Yes,A while ago,5,6,6,No,9,Charlie Horse,5,5,5,No,8,Charlie Horse,Sitting up,NA,5:10 AM,House,48,3,68,3,48,68,Charlie Horse,Charlie Horse,116.00000000000001
Broken Heart,10,9.6,1,3,7,NA,sitting,TRUE,320,320,Group 3,9.6,3.0,FALSE,Broken Heart,10/5/26 5:17,320,NA,18,Not a Student,Yes,No,Right,18.2,No,5,No,No,Yes,A while ago,5,6,6,No,9,Charlie Horse,5,5,5,No,8,Charlie Horse,Sitting up,NA,5:10 AM,House,48,3,68,3,48,68,Charlie Horse,Charlie Horse,116.00000000000001
Wrenched Ankle,11,7.4,NA,2,3,NA,sitting,TRUE,320,320,Group 3,7.4,2.0,FALSE,Wrenched Ankle,10/5/26 5:17,320,NA,18,Not a Student,Yes,No,Right,18.2,No,5,No,No,Yes,A while ago,5,6,6,No,9,Charlie Horse,5,5,5,No,8,Charlie Horse,Sitting up,NA,5:10 AM,House,48,3,68,3,48,68,Charlie Horse,Charlie Horse,116.00000000000001
Adam's Apple,12,8,NA,1,5,NA,sitting,TRUE,320,320,Group 3,8.0,1.0,FALSE,Adam's Apple,10/5/26 5:17,320,NA,18,Not a Student,Yes,No,Right,18.2,No,5,No,No,Yes,A while ago,5,6,6,No,9,Charlie Horse,5,5,5,No,8,Charlie Horse,Sitting up,NA,5:10 AM,House,48,3,68,3,48,68,Charlie Horse,Charlie Horse,116.00000000000001
Anklebone Connected to the Knee Bone,13,4.7,NA,NA,3,NA,sitting,TRUE,320,320,Group 3,4.7,NA,FALSE,Anklebone,10/5/26 5:17,320,NA,18,Not a Student,Yes,No,Right,18.2,No,5,No,No,Yes,A while ago,5,6,6,No,9,Charlie Horse,5,5,5,No,8,Charlie Horse,Sitting up,NA,5:10 AM,House,48,3,68,3,48,68,Charlie Horse,Charlie Horse,116.00000000000001
Butterflies in the Stomach,1,2.1,NA,NA,3,NA,sitting,TRUE,321,321,Group 3,2.1,NA,FALSE,Butterflies in Stomach,10/5/26 5:20,321,NA,16,Not a Student,No,No,Right,17.6,No,7,Yes,No,Yes,A long time ago,8,4,7,No,5,Writer's Cramp,7,5,8,Yes,6,Charlie Horse,"Sitting, hunched over",NA,5:20 AM,House,50,4,68,4,50,68,Writer's Cramp,Charlie Horse,84.3
Writer's Cramp,2,11.3,NA,4,9,NA,sitting,TRUE,321,321,Group 3,11.3,4.0,FALSE,Writer's Cramp,10/5/26 5:20,321,NA,16,Not a Student,No,No,Right,17.6,No,7,Yes,No,Yes,A long time ago,8,4,7,No,5,Writer's Cramp,7,5,8,Yes,6,Charlie Horse,"Sitting, hunched over",NA,5:20 AM,House,50,4,68,4,50,68,Writer's Cramp,Charlie Horse,84.3
Water on the Knee,3,4.8,NA,1,4,NA,sitting,TRUE,321,321,Group 3,4.8,1.0,FALSE,Water on the Knee,10/5/26 5:20,321,NA,16,Not a Student,No,No,Right,17.6,No,7,Yes,No,Yes,A long time ago,8,4,7,No,5,Writer's Cramp,7,5,8,Yes,6,Charlie Horse,"Sitting, hunched over",NA,5:20 AM,House,50,4,68,4,50,68,Writer's Cramp,Charlie Horse,84.3
Funny Bone,4,2.8,NA,NA,3,NA,sitting,TRUE,321,321,Group 3,2.8,NA,FALSE,Funny Bone,10/5/26 5:20,321,NA,16,Not a Student,No,No,Right,17.6,No,7,Yes,No,Yes,A long time ago,8,4,7,No,5,Writer's Cramp,7,5,8,Yes,6,Charlie Horse,"Sitting, hunched over",NA,5:20 AM,House,50,4,68,4,50,68,Writer's Cramp,Charlie Horse,84.3
Wrenched Ankle,5,2.3,NA,NA,2,NA,sitting,TRUE,321,321,Group 3,2.3,NA,FALSE,Wrenched Ankle,10/5/26 5:20,321,NA,16,Not a Student,No,No,Right,17.6,No,7,Yes,No,Yes,A long time ago,8,4,7,No,5,Writer's Cramp,7,5,8,Yes,6,Charlie Horse,"Sitting, hunched over",NA,5:20 AM,House,50,4,68,4,50,68,Writer's Cramp,Charlie Horse,84.3
Anklebone Connected to the Knee Bone,6,3.1,NA,NA,2,NA,sitting,TRUE,321,321,Group 3,3.1,NA,FALSE,Anklebone,10/5/26 5:20,321,NA,16,Not a Student,No,No,Right,17.6,No,7,Yes,No,Yes,A long time ago,8,4,7,No,5,Writer's Cramp,7,5,8,Yes,6,Charlie Horse,"Sitting, hunched over",NA,5:20 AM,House,50,4,68,4,50,68,Writer's Cramp,Charlie Horse,84.3
Adam's Apple,7,3.2,NA,NA,2,NA,sitting,TRUE,321,321,Group 3,3.2,NA,FALSE,Adam's Apple,10/5/26 5:20,321,NA,16,Not a Student,No,No,Right,17.6,No,7,Yes,No,Yes,A long time ago,8,4,7,No,5,Writer's Cramp,7,5,8,Yes,6,Charlie Horse,"Sitting, hunched over",NA,5:20 AM,House,50,4,68,4,50,68,Writer's Cramp,Charlie Horse,84.3
Spare Ribs,8,2,NA,NA,2,NA,sitting,TRUE,321,321,Group 3,2.0,NA,FALSE,Spare Ribs,10/5/26 5:20,321,NA,16,Not a Student,No,No,Right,17.6,No,7,Yes,No,Yes,A long time ago,8,4,7,No,5,Writer's Cramp,7,5,8,Yes,6,Charlie Horse,"Sitting, hunched over",NA,5:20 AM,House,50,4,68,4,50,68,Writer's Cramp,Charlie Horse,84.3
Bread Basket,9,5.7,1,NA,4,NA,sitting,TRUE,321,321,Group 3,5.7,NA,FALSE,Bread Basket,10/5/26 5:20,321,NA,16,Not a Student,No,No,Right,17.6,No,7,Yes,No,Yes,A long time ago,8,4,7,No,5,Writer's Cramp,7,5,8,Yes,6,Charlie Horse,"Sitting, hunched over",NA,5:20 AM,House,50,4,68,4,50,68,Writer's Cramp,Charlie Horse,84.3
Brain Freeze,10,1.6,NA,NA,2,NA,sitting,TRUE,321,321,Group 3,1.6,NA,FALSE,Brain Freeze,10/5/26 5:20,321,NA,16,Not a Student,No,No,Right,17.6,No,7,Yes,No,Yes,A long time ago,8,4,7,No,5,Writer's Cramp,7,5,8,Yes,6,Charlie Horse,"Sitting, hunched over",NA,5:20 AM,House,50,4,68,4,50,68,Writer's Cramp,Charlie Horse,84.3
Charlie Horse,11,32.8,NA,6,10,NA,sitting,FALSE,321,321,Group 3,32.8,6.0,FALSE,Charlie Horse,10/5/26 5:20,321,NA,16,Not a Student,No,No,Right,17.6,No,7,Yes,No,Yes,A long time ago,8,4,7,No,5,Writer's Cramp,7,5,8,Yes,6,Charlie Horse,"Sitting, hunched over",NA,5:20 AM,House,50,4,68,4,50,68,Writer's Cramp,Charlie Horse,84.3
Broken Heart,12,8.5,1,3,5,NA,sitting,TRUE,321,321,Group 3,8.5,3.0,FALSE,Broken Heart,10/5/26 5:20,321,NA,16,Not a Student,No,No,Right,17.6,No,7,Yes,No,Yes,A long time ago,8,4,7,No,5,Writer's Cramp,7,5,8,Yes,6,Charlie Horse,"Sitting, hunched over",NA,5:20 AM,House,50,4,68,4,50,68,Writer's Cramp,Charlie Horse,84.3
Wishbone,13,4.1,NA,NA,3,NA,sitting,TRUE,321,321,Group 3,4.1,NA,FALSE,Wish Bone,10/5/26 5:20,321,NA,16,Not a Student,No,No,Right,17.6,No,7,Yes,No,Yes,A long time ago,8,4,7,No,5,Writer's Cramp,7,5,8,Yes,6,Charlie Horse,"Sitting, hunched over",NA,5:20 AM,House,50,4,68,4,50,68,Writer's Cramp,Charlie Horse,84.3
Broken Heart,1,4.3,1,NA,5,NA,sitting,TRUE,322,322,Group 3,4.3,NA,FALSE,Broken Heart,10/5/26 5:35,322,NA,42,Not a Student,No,No,Right,NA,No,7,Yes,No,Yes,A long time ago,8,5,7,Yes,6,Writer's Cramp,8,6,9,Yes,6,Writer's Cramp,Sitting up,NA,5:30 AM,House,45,3,68,3,45,68,Writer's Cramp,Writer's Cramp,98.29999999999998
Writer's Cramp,2,24.3,2,4,9,NA,sitting,TRUE,322,322,Group 3,24.3,4.0,FALSE,Writer's Cramp,10/5/26 5:35,322,NA,42,Not a Student,No,No,Right,NA,No,7,Yes,No,Yes,A long time ago,8,5,7,Yes,6,Writer's Cramp,8,6,9,Yes,6,Writer's Cramp,Sitting up,NA,5:30 AM,House,45,3,68,3,45,68,Writer's Cramp,Writer's Cramp,98.29999999999998
Charlie Horse,3,20,1,3,7,NA,sitting,TRUE,322,322,Group 3,20.0,3.0,FALSE,Charlie Horse,10/5/26 5:35,322,NA,42,Not a Student,No,No,Right,NA,No,7,Yes,No,Yes,A long time ago,8,5,7,Yes,6,Writer's Cramp,8,6,9,Yes,6,Writer's Cramp,Sitting up,NA,5:30 AM,House,45,3,68,3,45,68,Writer's Cramp,Writer's Cramp,98.29999999999998
Brain Freeze,4,5,NA,NA,3,NA,sitting,TRUE,322,322,Group 3,5.0,NA,FALSE,Brain Freeze,10/5/26 5:35,322,NA,42,Not a Student,No,No,Right,NA,No,7,Yes,No,Yes,A long time ago,8,5,7,Yes,6,Writer's Cramp,8,6,9,Yes,6,Writer's Cramp,Sitting up,NA,5:30 AM,House,45,3,68,3,45,68,Writer's Cramp,Writer's Cramp,98.29999999999998
Anklebone Connected to the Knee Bone,5,10.7,2,NA,5,NA,sitting,TRUE,322,322,Group 3,10.7,NA,FALSE,Anklebone,10/5/26 5:35,322,NA,42,Not a Student,No,No,Right,NA,No,7,Yes,No,Yes,A long time ago,8,5,7,Yes,6,Writer's Cramp,8,6,9,Yes,6,Writer's Cramp,Sitting up,NA,5:30 AM,House,45,3,68,3,45,68,Writer's Cramp,Writer's Cramp,98.29999999999998
Adam's Apple,6,3.6,NA,NA,1,NA,sitting,TRUE,322,322,Group 3,3.6,NA,FALSE,Adam's Apple,10/5/26 5:35,322,NA,42,Not a Student,No,No,Right,NA,No,7,Yes,No,Yes,A long time ago,8,5,7,Yes,6,Writer's Cramp,8,6,9,Yes,6,Writer's Cramp,Sitting up,NA,5:30 AM,House,45,3,68,3,45,68,Writer's Cramp,Writer's Cramp,98.29999999999998
Funny Bone,7,3.3,NA,NA,1,NA,sitting,TRUE,322,322,Group 3,3.3,NA,FALSE,Funny Bone,10/5/26 5:35,322,NA,42,Not a Student,No,No,Right,NA,No,7,Yes,No,Yes,A long time ago,8,5,7,Yes,6,Writer's Cramp,8,6,9,Yes,6,Writer's Cramp,Sitting up,NA,5:30 AM,House,45,3,68,3,45,68,Writer's Cramp,Writer's Cramp,98.29999999999998
Water on the Knee,8,3.9,NA,NA,2,NA,sitting,TRUE,322,322,Group 3,3.9,NA,FALSE,Water on the Knee,10/5/26 5:35,322,NA,42,Not a Student,No,No,Right,NA,No,7,Yes,No,Yes,A long time ago,8,5,7,Yes,6,Writer's Cramp,8,6,9,Yes,6,Writer's Cramp,Sitting up,NA,5:30 AM,House,45,3,68,3,45,68,Writer's Cramp,Writer's Cramp,98.29999999999998
Butterflies in the Stomach,9,4,NA,NA,2,NA,sitting,TRUE,322,322,Group 3,4.0,NA,FALSE,Butterflies in Stomach,10/5/26 5:35,322,NA,42,Not a Student,No,No,Right,NA,No,7,Yes,No,Yes,A long time ago,8,5,7,Yes,6,Writer's Cramp,8,6,9,Yes,6,Writer's Cramp,Sitting up,NA,5:30 AM,House,45,3,68,3,45,68,Writer's Cramp,Writer's Cramp,98.29999999999998
Bread Basket,10,2.1,NA,NA,1,NA,sitting,TRUE,322,322,Group 3,2.1,NA,FALSE,Bread Basket,10/5/26 5:35,322,NA,42,Not a Student,No,No,Right,NA,No,7,Yes,No,Yes,A long time ago,8,5,7,Yes,6,Writer's Cramp,8,6,9,Yes,6,Writer's Cramp,Sitting up,NA,5:30 AM,House,45,3,68,3,45,68,Writer's Cramp,Writer's Cramp,98.29999999999998
Wrenched Ankle,11,10.3,3,1,6,NA,sitting,TRUE,322,322,Group 3,10.3,1.0,FALSE,Wrenched Ankle,10/5/26 5:35,322,NA,42,Not a Student,No,No,Right,NA,No,7,Yes,No,Yes,A long time ago,8,5,7,Yes,6,Writer's Cramp,8,6,9,Yes,6,Writer's Cramp,Sitting up,NA,5:30 AM,House,45,3,68,3,45,68,Writer's Cramp,Writer's Cramp,98.29999999999998
Wishbone,12,4.6,NA,NA,2,NA,sitting,TRUE,322,322,Group 3,4.6,NA,FALSE,Wish Bone,10/5/26 5:35,322,NA,42,Not a Student,No,No,Right,NA,No,7,Yes,No,Yes,A long time ago,8,5,7,Yes,6,Writer's Cramp,8,6,9,Yes,6,Writer's Cramp,Sitting up,NA,5:30 AM,House,45,3,68,3,45,68,Writer's Cramp,Writer's Cramp,98.29999999999998
Spare Ribs,13,2.2,NA,NA,1,NA,sitting,TRUE,322,322,Group 3,2.2,NA,FALSE,Spare Ribs,10/5/26 5:35,322,NA,42,Not a Student,No,No,Right,NA,No,7,Yes,No,Yes,A long time ago,8,5,7,Yes,6,Writer's Cramp,8,6,9,Yes,6,Writer's Cramp,Sitting up,NA,5:30 AM,House,45,3,68,3,45,68,Writer's Cramp,Writer's Cramp,98.29999999999998
